-- phpMyAdmin SQL Dump
-- version 5.2.1
-- https://www.phpmyadmin.net/
--
-- Host: 127.0.0.1
-- Generation Time: Apr 20, 2026 at 05:31 AM
-- Server version: 10.4.32-MariaDB
-- PHP Version: 8.2.12

SET SQL_MODE = "NO_AUTO_VALUE_ON_ZERO";
START TRANSACTION;
SET time_zone = "+00:00";


/*!40101 SET @OLD_CHARACTER_SET_CLIENT=@@CHARACTER_SET_CLIENT */;
/*!40101 SET @OLD_CHARACTER_SET_RESULTS=@@CHARACTER_SET_RESULTS */;
/*!40101 SET @OLD_COLLATION_CONNECTION=@@COLLATION_CONNECTION */;
/*!40101 SET NAMES utf8mb4 */;

--
-- Database: `healthlogs`
--

-- --------------------------------------------------------

--
-- Table structure for table `analytics_daily`
--

CREATE TABLE `analytics_daily` (
  `id` bigint(20) UNSIGNED NOT NULL,
  `metric_name` varchar(120) NOT NULL,
  `metric_date` date NOT NULL,
  `metric_value` decimal(12,2) NOT NULL,
  `created_at` datetime NOT NULL DEFAULT current_timestamp()
) ENGINE=InnoDB DEFAULT CHARSET=utf8mb4 COLLATE=utf8mb4_unicode_ci;

-- --------------------------------------------------------

--
-- Table structure for table `households`
--

CREATE TABLE `households` (
  `id` bigint(20) UNSIGNED NOT NULL,
  `household_code` varchar(40) NOT NULL,
  `head_name` varchar(120) DEFAULT NULL,
  `address_line` varchar(255) NOT NULL,
  `barangay` varchar(120) NOT NULL,
  `city_municipality` varchar(120) NOT NULL DEFAULT 'Ilagan',
  `province` varchar(120) NOT NULL DEFAULT 'Isabela',
  `postal_code` varchar(20) DEFAULT NULL,
  `created_at` datetime NOT NULL DEFAULT current_timestamp(),
  `updated_at` datetime DEFAULT NULL ON UPDATE current_timestamp()
) ENGINE=InnoDB DEFAULT CHARSET=utf8mb4 COLLATE=utf8mb4_unicode_ci;

--
-- Dumping data for table `households`
--

INSERT INTO `households` (`id`, `household_code`, `head_name`, `address_line`, `barangay`, `city_municipality`, `province`, `postal_code`, `created_at`, `updated_at`) VALUES
(1, 'HH-2026-0001', 'Luz Castro', 'Rizal St. 297', 'San Isidro', 'Ilagan', 'Isabela', NULL, '2026-03-18 10:16:00', NULL),
(2, 'HH-2026-0002', 'Pedro Francisco', 'Luna St. 473', 'San Isidro', 'Ilagan', 'Isabela', NULL, '2026-03-18 10:16:00', NULL),
(3, 'HH-2026-0003', 'Margarita Gonzales', 'Bonifacio Ave. 324', 'Maligaya', 'Ilagan', 'Isabela', NULL, '2026-03-18 10:16:00', NULL),
(4, 'HH-2026-0004', 'Daniel Valdez', 'Roxas St. 367', 'Riverside', 'Ilagan', 'Isabela', NULL, '2026-03-18 10:16:00', NULL),
(5, 'HH-2026-0005', 'Isabel Flores', 'Magsaysay St. 440', 'Poblacion', 'Ilagan', 'Isabela', NULL, '2026-03-18 10:16:00', NULL),
(6, 'HH-2026-0006', 'Gabriel Castro', 'Osmena Ave. 390', 'Poblacion', 'Ilagan', 'Isabela', NULL, '2026-03-18 10:16:00', NULL),
(7, 'HH-2026-0007', 'Elena Rivera', 'Mabini St. 79', 'Poblacion', 'Ilagan', 'Isabela', NULL, '2026-03-18 10:16:00', NULL),
(8, 'HH-2026-0008', 'Ramon Aguilar', 'Roxas St. 167', 'Alinguigan', 'Ilagan', 'Isabela', NULL, '2026-03-18 10:16:00', NULL),
(9, 'HH-2026-0009', 'Carmen Mercado', 'Roxas St. 168', 'Maligaya', 'Ilagan', 'Isabela', NULL, '2026-03-18 10:16:00', NULL),
(10, 'HH-2026-0010', 'Gabriel Pascual', 'Bonifacio Ave. 53', 'San Jose', 'Ilagan', 'Isabela', NULL, '2026-03-18 10:16:00', NULL),
(11, 'HH-2026-0011', 'Elena Rivera', 'Mabini St. 289', 'San Isidro', 'Ilagan', 'Isabela', NULL, '2026-03-18 10:16:00', NULL),
(12, 'HH-2026-0012', 'Antonio Santiago', 'Luna St. 135', 'San Jose', 'Ilagan', 'Isabela', NULL, '2026-03-18 10:16:00', NULL),
(13, 'HH-2026-0013', 'Gloria Castro', 'Magsaysay St. 298', 'Centro', 'Ilagan', 'Isabela', NULL, '2026-03-18 10:16:00', NULL),
(14, 'HH-2026-0014', 'Pedro Torres', 'Osmena Ave. 78', 'Santa Cruz', 'Ilagan', 'Isabela', NULL, '2026-03-18 10:16:00', NULL),
(15, 'HH-2026-0015', 'Sofia Navarro', 'Luna St. 263', 'Bagong Bayan', 'Ilagan', 'Isabela', NULL, '2026-03-18 10:16:00', NULL),
(16, 'HH-2026-0016', 'Antonio Santiago', 'Luna St. 28', 'San Isidro', 'Ilagan', 'Isabela', NULL, '2026-03-18 10:16:00', NULL),
(17, 'HH-2026-0017', 'Esperanza Martinez', 'Roxas St. 300', 'Santo Niño', 'Ilagan', 'Isabela', NULL, '2026-03-18 10:16:00', NULL),
(18, 'HH-2026-0018', 'Fernando Dela Cruz', 'Del Pilar St. 263', 'Alinguigan', 'Ilagan', 'Isabela', NULL, '2026-03-18 10:16:00', NULL),
(19, 'HH-2026-0019', 'Josefa Lopez', 'Rizal St. 157', 'San Isidro', 'Ilagan', 'Isabela', NULL, '2026-03-18 10:16:00', NULL),
(20, 'HH-2026-0020', 'Mario Ramos', 'Del Pilar St. 16', 'Alinguigan', 'Ilagan', 'Isabela', NULL, '2026-03-18 10:16:00', NULL),
(23, 'HH-2026-0021', 'Catalina Mendoza', 'Magsaysay St. 47', 'Santo Niño', 'Ilagan', 'Isabela', NULL, '2026-03-18 10:18:32', NULL),
(24, 'HH-2026-0022', 'Mario Mendoza', 'Quezon Blvd. 217', 'Santa Cruz', 'Ilagan', 'Isabela', NULL, '2026-03-18 10:18:32', NULL),
(25, 'HH-2026-0023', 'Angela Santos', 'Bonifacio Ave. 442', 'San Jose', 'Ilagan', 'Isabela', NULL, '2026-03-18 10:18:32', NULL),
(26, 'HH-2026-0024', 'Carlos Santos', 'Osmena Ave. 298', 'Santo Niño', 'Ilagan', 'Isabela', NULL, '2026-03-18 10:18:32', NULL),
(27, 'HH-2026-0025', 'Catalina Dela Cruz', 'Roxas St. 395', 'Maligaya', 'Ilagan', 'Isabela', NULL, '2026-03-18 10:18:32', NULL),
(28, 'HH-2026-0026', 'Antonio Fernandez', 'Rizal St. 82', 'San Jose', 'Ilagan', 'Isabela', NULL, '2026-03-18 10:18:32', NULL),
(29, 'HH-2026-0027', 'Esperanza Soriano', 'Quezon Blvd. 444', 'Maligaya', 'Ilagan', 'Isabela', NULL, '2026-03-18 10:18:32', NULL),
(30, 'HH-2026-0028', 'Ramon Torres', 'Aguinaldo Ave. 135', 'San Jose', 'Ilagan', 'Isabela', NULL, '2026-03-18 10:18:32', NULL),
(31, 'HH-2026-0029', 'Isabel Aquino', 'Luna St. 154', 'Maligaya', 'Ilagan', 'Isabela', NULL, '2026-03-18 10:18:32', NULL),
(32, 'HH-2026-0030', 'Ricardo Soriano', 'Roxas St. 160', 'Santo Niño', 'Ilagan', 'Isabela', NULL, '2026-03-18 10:18:32', NULL),
(33, 'HH-2026-0031', 'Patricia Martinez', 'Luna St. 451', 'Maligaya', 'Ilagan', 'Isabela', NULL, '2026-03-18 10:18:32', NULL),
(34, 'HH-2026-0032', 'Fernando Navarro', 'Bonifacio Ave. 15', 'Santa Cruz', 'Ilagan', 'Isabela', NULL, '2026-03-18 10:18:32', NULL),
(35, 'HH-2026-0033', 'Angela Reyes', 'Quezon Blvd. 202', 'Santo Niño', 'Ilagan', 'Isabela', NULL, '2026-03-18 10:18:32', NULL),
(36, 'HH-2026-0034', 'Eduardo Martinez', 'Quezon Blvd. 442', 'Maligaya', 'Ilagan', 'Isabela', NULL, '2026-03-18 10:18:32', NULL),
(37, 'HH-2026-0035', 'Rosa Mercado', 'Quezon Blvd. 437', 'San Jose', 'Ilagan', 'Isabela', NULL, '2026-03-18 10:18:32', NULL),
(38, 'HH-2026-0036', 'Luis Ramos', 'Rizal St. 22', 'San Isidro', 'Ilagan', 'Isabela', NULL, '2026-03-18 10:18:32', NULL),
(39, 'HH-2026-0037', 'Carmen Martinez', 'Luna St. 345', 'Riverside', 'Ilagan', 'Isabela', NULL, '2026-03-18 10:18:32', NULL),
(40, 'HH-2026-0038', 'Mario Rivera', 'Roxas St. 118', 'Riverside', 'Ilagan', 'Isabela', NULL, '2026-03-18 10:18:32', NULL),
(41, 'HH-2026-0039', 'Teresa Castro', 'Del Pilar St. 381', 'Centro', 'Ilagan', 'Isabela', NULL, '2026-03-18 10:18:32', NULL),
(42, 'HH-2026-0040', 'Eduardo Bautista', 'Luna St. 152', 'Bagong Bayan', 'Ilagan', 'Isabela', NULL, '2026-03-18 10:18:32', NULL),
(43, 'HH-2026-0041', 'Dolores Fernandez', 'Bonifacio Ave. 15', 'Centro', 'Ilagan', 'Isabela', NULL, '2026-03-18 10:18:39', NULL),
(44, 'HH-2026-0042', 'Jose Castro', 'Quezon Blvd. 124', 'Centro', 'Ilagan', 'Isabela', NULL, '2026-03-18 10:18:39', NULL),
(45, 'HH-2026-0043', 'Maria Fernandez', 'Quezon Blvd. 490', 'Santo Niño', 'Ilagan', 'Isabela', NULL, '2026-03-18 10:18:39', NULL),
(46, 'HH-2026-0044', 'Daniel Santiago', 'Bonifacio Ave. 206', 'San Isidro', 'Ilagan', 'Isabela', NULL, '2026-03-18 10:18:39', NULL),
(47, 'HH-2026-0045', 'Angela Francisco', 'Del Pilar St. 172', 'Riverside', 'Ilagan', 'Isabela', NULL, '2026-03-18 10:18:39', NULL),
(48, 'HH-2026-0046', 'Ramon Flores', 'Quezon Blvd. 35', 'Maligaya', 'Ilagan', 'Isabela', NULL, '2026-03-18 10:18:39', NULL),
(49, 'HH-2026-0047', 'Angela Pascual', 'Rizal St. 63', 'Poblacion', 'Ilagan', 'Isabela', NULL, '2026-03-18 10:18:39', NULL),
(50, 'HH-2026-0048', 'Emilio Rivera', 'Del Pilar St. 488', 'Poblacion', 'Ilagan', 'Isabela', NULL, '2026-03-18 10:18:39', NULL),
(51, 'HH-2026-0049', 'Gloria Valdez', 'Roxas St. 267', 'Maligaya', 'Ilagan', 'Isabela', NULL, '2026-03-18 10:18:39', NULL),
(52, 'HH-2026-0050', 'Mario Navarro', 'Magsaysay St. 128', 'Maligaya', 'Ilagan', 'Isabela', NULL, '2026-03-18 10:18:39', NULL),
(53, 'HH-2026-0051', 'Isabel Santiago', 'Aguinaldo Ave. 394', 'Centro', 'Ilagan', 'Isabela', NULL, '2026-03-18 10:18:39', NULL),
(54, 'HH-2026-0052', 'Carlos Flores', 'Del Pilar St. 138', 'Maligaya', 'Ilagan', 'Isabela', NULL, '2026-03-18 10:18:39', NULL),
(55, 'HH-2026-0053', 'Victoria Bautista', 'Roxas St. 123', 'Centro', 'Ilagan', 'Isabela', NULL, '2026-03-18 10:18:39', NULL),
(56, 'HH-2026-0054', 'Roberto Bautista', 'Aguinaldo Ave. 473', 'Santo Niño', 'Ilagan', 'Isabela', NULL, '2026-03-18 10:18:39', NULL),
(57, 'HH-2026-0055', 'Maria Aquino', 'Magsaysay St. 311', 'Maligaya', 'Ilagan', 'Isabela', NULL, '2026-03-18 10:18:39', NULL),
(58, 'HH-2026-0056', 'Francisco Dela Cruz', 'Mabini St. 217', 'San Jose', 'Ilagan', 'Isabela', NULL, '2026-03-18 10:18:39', NULL),
(59, 'HH-2026-0057', 'Cristina Soriano', 'Rizal St. 391', 'Centro', 'Ilagan', 'Isabela', NULL, '2026-03-18 10:18:39', NULL),
(60, 'HH-2026-0058', 'Eduardo Torres', 'Osmena Ave. 218', 'Bagong Bayan', 'Ilagan', 'Isabela', NULL, '2026-03-18 10:18:39', NULL),
(61, 'HH-2026-0059', 'Rosa Francisco', 'Mabini St. 346', 'Centro', 'Ilagan', 'Isabela', NULL, '2026-03-18 10:18:39', NULL),
(62, 'HH-2026-0060', 'Eduardo Flores', 'Bonifacio Ave. 140', 'San Isidro', 'Ilagan', 'Isabela', NULL, '2026-03-18 10:18:39', NULL),
(63, 'HH-2026-0061', 'Maria Bautista', 'Quezon Blvd. 100', 'Santa Cruz', 'Ilagan', 'Isabela', NULL, '2026-03-18 10:20:02', NULL),
(64, 'HH-2026-0062', 'Carlos Mendoza', 'Bonifacio Ave. 371', 'Maligaya', 'Ilagan', 'Isabela', NULL, '2026-03-18 10:20:02', NULL),
(65, 'HH-2026-0063', 'Cristina Santiago', 'Magsaysay St. 179', 'Poblacion', 'Ilagan', 'Isabela', NULL, '2026-03-18 10:20:02', NULL),
(66, 'HH-2026-0064', 'Roberto Pascual', 'Roxas St. 14', 'San Jose', 'Ilagan', 'Isabela', NULL, '2026-03-18 10:20:02', NULL),
(67, 'HH-2026-0065', 'Dolores Martinez', 'Quezon Blvd. 261', 'Santa Cruz', 'Ilagan', 'Isabela', NULL, '2026-03-18 10:20:02', NULL),
(68, 'HH-2026-0066', 'Manuel Aguilar', 'Luna St. 139', 'Alinguigan', 'Ilagan', 'Isabela', NULL, '2026-03-18 10:20:02', NULL),
(69, 'HH-2026-0067', 'Patricia Aquino', 'Quezon Blvd. 315', 'San Jose', 'Ilagan', 'Isabela', NULL, '2026-03-18 10:20:02', NULL),
(70, 'HH-2026-0068', 'Fernando Lopez', 'Rizal St. 181', 'San Jose', 'Ilagan', 'Isabela', NULL, '2026-03-18 10:20:02', NULL),
(71, 'HH-2026-0069', 'Gloria Martinez', 'Roxas St. 12', 'Centro', 'Ilagan', 'Isabela', NULL, '2026-03-18 10:20:02', NULL),
(72, 'HH-2026-0070', 'Mario Lopez', 'Quezon Blvd. 20', 'Santa Cruz', 'Ilagan', 'Isabela', NULL, '2026-03-18 10:20:02', NULL),
(73, 'HH-2026-0071', 'Patricia Gonzales', 'Magsaysay St. 433', 'Santo Niño', 'Ilagan', 'Isabela', NULL, '2026-03-18 10:20:02', NULL),
(74, 'HH-2026-0072', 'Manuel Santiago', 'Del Pilar St. 59', 'Santa Cruz', 'Ilagan', 'Isabela', NULL, '2026-03-18 10:20:02', NULL),
(75, 'HH-2026-0073', 'Josefa Martinez', 'Quezon Blvd. 208', 'San Isidro', 'Ilagan', 'Isabela', NULL, '2026-03-18 10:20:02', NULL),
(76, 'HH-2026-0074', 'Luis Soriano', 'Aguinaldo Ave. 199', 'Poblacion', 'Ilagan', 'Isabela', NULL, '2026-03-18 10:20:02', NULL),
(77, 'HH-2026-0075', 'Beatriz Flores', 'Luna St. 198', 'Santo Niño', 'Ilagan', 'Isabela', NULL, '2026-03-18 10:20:02', NULL),
(78, 'HH-2026-0076', 'Pedro Mendoza', 'Aguinaldo Ave. 277', 'Riverside', 'Ilagan', 'Isabela', NULL, '2026-03-18 10:20:02', NULL),
(79, 'HH-2026-0077', 'Dolores Castro', 'Bonifacio Ave. 351', 'San Jose', 'Ilagan', 'Isabela', NULL, '2026-03-18 10:20:02', NULL),
(80, 'HH-2026-0078', 'Emilio Gonzales', 'Del Pilar St. 403', 'Santo Niño', 'Ilagan', 'Isabela', NULL, '2026-03-18 10:20:02', NULL),
(81, 'HH-2026-0079', 'Catalina Francisco', 'Bonifacio Ave. 191', 'Maligaya', 'Ilagan', 'Isabela', NULL, '2026-03-18 10:20:02', NULL),
(82, 'HH-2026-0080', 'Rodrigo Rivera', 'Luna St. 253', 'Poblacion', 'Ilagan', 'Isabela', NULL, '2026-03-18 10:20:02', NULL);

-- --------------------------------------------------------

--
-- Table structure for table `immunization_records`
--

CREATE TABLE `immunization_records` (
  `id` bigint(20) UNSIGNED NOT NULL,
  `patient_id` bigint(20) UNSIGNED NOT NULL,
  `vaccine_id` int(10) UNSIGNED NOT NULL,
  `dose_no` int(10) UNSIGNED NOT NULL,
  `administered_on` date NOT NULL,
  `administered_at` datetime NOT NULL,
  `lot_no` varchar(60) DEFAULT NULL,
  `administered_by` int(10) UNSIGNED DEFAULT NULL,
  `notes` text DEFAULT NULL,
  `created_at` datetime NOT NULL DEFAULT current_timestamp()
) ENGINE=InnoDB DEFAULT CHARSET=utf8mb4 COLLATE=utf8mb4_unicode_ci;

--
-- Dumping data for table `immunization_records`
--

INSERT INTO `immunization_records` (`id`, `patient_id`, `vaccine_id`, `dose_no`, `administered_on`, `administered_at`, `lot_no`, `administered_by`, `notes`, `created_at`) VALUES
(1, 73, 1, 1, '2025-11-17', '2025-11-17 00:00:00', 'LOT-6828', 1, 'Routine immunization', '2026-03-18 10:20:04'),
(2, 73, 2, 1, '2025-11-16', '2025-11-16 00:00:00', 'LOT-6705', 1, 'Routine immunization', '2026-03-18 10:20:04'),
(3, 73, 3, 1, '2026-01-16', '2026-01-16 00:00:00', 'LOT-7091', 3, 'Routine immunization', '2026-03-18 10:20:04'),
(4, 73, 4, 1, '2026-01-13', '2026-01-13 00:00:00', 'LOT-3629', 3, 'Routine immunization', '2026-03-18 10:20:04'),
(5, 97, 5, 1, '2025-08-27', '2025-08-27 00:00:00', 'LOT-7061', 1, 'Routine immunization', '2026-03-18 10:20:04'),
(6, 97, 5, 2, '2025-10-17', '2025-10-17 00:00:00', 'LOT-3801', 3, 'Routine immunization', '2026-03-18 10:20:04'),
(7, 35, 5, 2, '2025-10-10', '2025-10-10 00:00:00', 'LOT-7862', 2, 'Routine immunization', '2026-03-18 10:20:04'),
(8, 40, 5, 1, '2025-04-20', '2025-04-20 00:00:00', 'LOT-9942', 2, 'Routine immunization', '2026-03-18 10:20:04'),
(9, 40, 5, 2, '2025-06-18', '2025-06-18 00:00:00', 'LOT-4211', 3, 'Routine immunization', '2026-03-18 10:20:04');

-- --------------------------------------------------------

--
-- Table structure for table `immunization_schedule`
--

CREATE TABLE `immunization_schedule` (
  `id` bigint(20) UNSIGNED NOT NULL,
  `patient_id` bigint(20) UNSIGNED NOT NULL,
  `vaccine_id` int(10) UNSIGNED NOT NULL,
  `dose_no` int(10) UNSIGNED NOT NULL,
  `scheduled_date` date NOT NULL,
  `status` enum('scheduled','completed','missed','cancelled') NOT NULL DEFAULT 'scheduled',
  `created_at` datetime NOT NULL DEFAULT current_timestamp(),
  `updated_at` datetime DEFAULT NULL ON UPDATE current_timestamp()
) ENGINE=InnoDB DEFAULT CHARSET=utf8mb4 COLLATE=utf8mb4_unicode_ci;

--
-- Dumping data for table `immunization_schedule`
--

INSERT INTO `immunization_schedule` (`id`, `patient_id`, `vaccine_id`, `dose_no`, `scheduled_date`, `status`, `created_at`, `updated_at`) VALUES
(1, 73, 1, 1, '2025-11-17', 'completed', '2026-03-18 10:20:04', NULL),
(2, 73, 2, 1, '2025-11-16', 'completed', '2026-03-18 10:20:04', NULL),
(3, 73, 3, 1, '2026-01-16', 'completed', '2026-03-18 10:20:04', NULL),
(4, 73, 3, 2, '2026-03-09', 'scheduled', '2026-03-18 10:20:04', NULL),
(5, 73, 3, 3, '2026-05-09', 'scheduled', '2026-03-18 10:20:04', NULL),
(6, 73, 4, 1, '2026-01-13', 'completed', '2026-03-18 10:20:04', NULL),
(7, 73, 4, 2, '2026-03-09', 'missed', '2026-03-18 10:20:04', NULL),
(8, 73, 4, 3, '2026-05-09', 'scheduled', '2026-03-18 10:20:04', NULL),
(9, 97, 5, 1, '2025-08-27', 'completed', '2026-03-18 10:20:04', NULL),
(10, 97, 5, 2, '2025-10-17', 'completed', '2026-03-18 10:20:04', NULL),
(11, 35, 5, 1, '2025-08-01', 'missed', '2026-03-18 10:20:04', NULL),
(12, 35, 5, 2, '2025-10-10', 'completed', '2026-03-18 10:20:04', NULL),
(13, 40, 5, 1, '2025-04-20', 'completed', '2026-03-18 10:20:04', NULL),
(14, 40, 5, 2, '2025-06-18', 'completed', '2026-03-18 10:20:04', NULL);

-- --------------------------------------------------------

--
-- Table structure for table `medicines`
--

CREATE TABLE `medicines` (
  `id` bigint(20) UNSIGNED NOT NULL,
  `name` varchar(160) NOT NULL,
  `generic_name` varchar(160) DEFAULT NULL,
  `formulation` varchar(80) DEFAULT NULL,
  `strength` varchar(60) DEFAULT NULL,
  `unit` varchar(30) NOT NULL,
  `reorder_level` int(10) UNSIGNED DEFAULT 100,
  `created_at` datetime NOT NULL DEFAULT current_timestamp()
) ENGINE=InnoDB DEFAULT CHARSET=utf8mb4 COLLATE=utf8mb4_unicode_ci;

--
-- Dumping data for table `medicines`
--

INSERT INTO `medicines` (`id`, `name`, `generic_name`, `formulation`, `strength`, `unit`, `reorder_level`, `created_at`) VALUES
(1, 'Amoxicillin', 'Amoxicillin', 'Capsule', '500mg', 'capsule', 200, '2026-03-18 10:20:05'),
(2, 'Amoxicillin', 'Amoxicillin', 'Suspension', '250mg/5mL', 'bottle', 50, '2026-03-18 10:20:05'),
(3, 'Cefalexin', 'Cefalexin', 'Capsule', '500mg', 'capsule', 150, '2026-03-18 10:20:05'),
(4, 'Cotrimoxazole', 'Sulfamethoxazole + Trimethoprim', 'Tablet', '400mg+80mg', 'tablet', 200, '2026-03-18 10:20:05'),
(5, 'Erythromycin', 'Erythromycin', 'Tablet', '500mg', 'tablet', 100, '2026-03-18 10:20:05'),
(6, 'Paracetamol', 'Paracetamol', 'Tablet', '500mg', 'tablet', 500, '2026-03-18 10:20:05'),
(7, 'Paracetamol', 'Paracetamol', 'Syrup', '120mg/5mL', 'bottle', 100, '2026-03-18 10:20:05'),
(8, 'Ibuprofen', 'Ibuprofen', 'Tablet', '400mg', 'tablet', 300, '2026-03-18 10:20:05'),
(9, 'Mefenamic Acid', 'Mefenamic Acid', 'Capsule', '500mg', 'capsule', 200, '2026-03-18 10:20:05'),
(10, 'Amlodipine', 'Amlodipine', 'Tablet', '5mg', 'tablet', 300, '2026-03-18 10:20:05'),
(11, 'Amlodipine', 'Amlodipine', 'Tablet', '10mg', 'tablet', 300, '2026-03-18 10:20:05'),
(12, 'Losartan', 'Losartan', 'Tablet', '50mg', 'tablet', 250, '2026-03-18 10:20:05'),
(13, 'Atenolol', 'Atenolol', 'Tablet', '50mg', 'tablet', 200, '2026-03-18 10:20:05'),
(14, 'Metformin', 'Metformin', 'Tablet', '500mg', 'tablet', 400, '2026-03-18 10:20:05'),
(15, 'Metformin', 'Metformin', 'Tablet', '850mg', 'tablet', 300, '2026-03-18 10:20:05'),
(16, 'Glibenclamide', 'Glibenclamide', 'Tablet', '5mg', 'tablet', 200, '2026-03-18 10:20:05'),
(17, 'Ferrous Sulfate', 'Ferrous Sulfate', 'Tablet', '325mg', 'tablet', 500, '2026-03-18 10:20:05'),
(18, 'Folic Acid', 'Folic Acid', 'Tablet', '5mg', 'tablet', 300, '2026-03-18 10:20:05'),
(19, 'Vitamin B Complex', 'B-Complex', 'Capsule', 'Multi', 'capsule', 250, '2026-03-18 10:20:05'),
(20, 'Ascorbic Acid', 'Vitamin C', 'Tablet', '500mg', 'tablet', 400, '2026-03-18 10:20:05'),
(21, 'Multivitamins', 'Multivitamins', 'Capsule', 'Multi', 'capsule', 300, '2026-03-18 10:20:05'),
(22, 'Salbutamol', 'Salbutamol', 'Tablet', '2mg', 'tablet', 150, '2026-03-18 10:20:05'),
(23, 'Salbutamol', 'Salbutamol', 'Nebule', '2.5mg/2.5mL', 'nebule', 100, '2026-03-18 10:20:05'),
(24, 'Cetirizine', 'Cetirizine', 'Tablet', '10mg', 'tablet', 300, '2026-03-18 10:20:05'),
(25, 'Carbocisteine', 'Carbocisteine', 'Capsule', '500mg', 'capsule', 200, '2026-03-18 10:20:05'),
(26, 'Omeprazole', 'Omeprazole', 'Capsule', '20mg', 'capsule', 200, '2026-03-18 10:20:05'),
(27, 'Aluminum Hydroxide', 'Aluminum Hydroxide', 'Suspension', '200mg/5mL', 'bottle', 80, '2026-03-18 10:20:05'),
(28, 'Loperamide', 'Loperamide', 'Capsule', '2mg', 'capsule', 150, '2026-03-18 10:20:05'),
(29, 'ORS', 'Oral Rehydration Salts', 'Sachet', '27.9g', 'sachet', 500, '2026-03-18 10:20:05'),
(30, 'Zinc Sulfate', 'Zinc Sulfate', 'Tablet', '20mg', 'tablet', 300, '2026-03-18 10:20:05'),
(31, 'Isoniazid', 'Isoniazid', 'Tablet', '300mg', 'tablet', 200, '2026-03-18 10:20:05'),
(32, 'Rifampicin', 'Rifampicin', 'Capsule', '450mg', 'capsule', 150, '2026-03-18 10:20:05'),
(33, 'Ethambutol', 'Ethambutol', 'Tablet', '400mg', 'tablet', 150, '2026-03-18 10:20:05'),
(34, 'Pyrazinamide', 'Pyrazinamide', 'Tablet', '500mg', 'tablet', 150, '2026-03-18 10:20:05'),
(35, 'Betamethasone', 'Betamethasone', 'Cream', '0.1%', 'tube', 50, '2026-03-18 10:20:05'),
(36, 'Clotrimazole', 'Clotrimazole', 'Cream', '1%', 'tube', 60, '2026-03-18 10:20:05'),
(37, 'Povidone Iodine', 'Povidone Iodine', 'Solution', '10%', 'bottle', 80, '2026-03-18 10:20:05'),
(38, 'Alcohol', 'Ethyl Alcohol', 'Solution', '70%', 'bottle', 100, '2026-03-18 10:20:05');

-- --------------------------------------------------------

--
-- Table structure for table `medicine_batches`
--

CREATE TABLE `medicine_batches` (
  `id` bigint(20) UNSIGNED NOT NULL,
  `medicine_id` bigint(20) UNSIGNED NOT NULL,
  `batch_no` varchar(80) NOT NULL,
  `expiry_date` date NOT NULL,
  `received_date` date NOT NULL,
  `quantity_received` int(10) UNSIGNED NOT NULL,
  `current_stock` int(10) UNSIGNED NOT NULL DEFAULT 0,
  `created_at` datetime NOT NULL DEFAULT current_timestamp()
) ENGINE=InnoDB DEFAULT CHARSET=utf8mb4 COLLATE=utf8mb4_unicode_ci;

--
-- Dumping data for table `medicine_batches`
--

INSERT INTO `medicine_batches` (`id`, `medicine_id`, `batch_no`, `expiry_date`, `received_date`, `quantity_received`, `current_stock`, `created_at`) VALUES
(1, 1, 'BATCH-2026-2489', '2026-04-18', '2025-04-18', 1000, 0, '2026-03-18 10:20:05'),
(2, 1, 'BATCH-2026-8899', '2027-08-18', '2025-08-18', 600, 0, '2026-03-18 10:20:05'),
(3, 2, 'BATCH-2026-7391', '2028-09-18', '2025-09-18', 200, 0, '2026-03-18 10:20:05'),
(4, 2, 'BATCH-2026-6880', '2029-02-18', '2026-02-18', 250, 0, '2026-03-18 10:20:05'),
(5, 2, 'BATCH-2026-9602', '2026-05-18', '2025-05-18', 200, 0, '2026-03-18 10:20:05'),
(6, 3, 'BATCH-2026-9874', '2027-07-18', '2025-07-18', 300, 0, '2026-03-18 10:20:05'),
(7, 3, 'BATCH-2026-3759', '2026-10-18', '2025-10-18', 450, 0, '2026-03-18 10:20:05'),
(8, 3, 'BATCH-2026-3883', '2026-05-18', '2025-05-18', 450, 0, '2026-03-18 10:20:05'),
(9, 3, 'BATCH-2026-7187', '2026-12-18', '2025-12-18', 750, 0, '2026-03-18 10:20:05'),
(10, 4, 'BATCH-2026-4974', '2027-02-18', '2026-02-18', 800, 0, '2026-03-18 10:20:05'),
(11, 4, 'BATCH-2026-1743', '2027-02-18', '2026-02-18', 400, 0, '2026-03-18 10:20:05'),
(12, 4, 'BATCH-2026-4727', '2029-02-18', '2026-02-18', 600, 0, '2026-03-18 10:20:05'),
(13, 5, 'BATCH-2026-4361', '2028-08-18', '2025-08-18', 200, 0, '2026-03-18 10:20:05'),
(14, 5, 'BATCH-2026-5377', '2027-01-18', '2026-01-18', 200, 0, '2026-03-18 10:20:05'),
(15, 5, 'BATCH-2026-5349', '2027-12-18', '2025-12-18', 400, 0, '2026-03-18 10:20:05'),
(16, 6, 'BATCH-2026-2930', '2026-08-18', '2025-08-18', 1500, 0, '2026-03-18 10:20:05'),
(17, 6, 'BATCH-2026-2804', '2026-09-18', '2025-09-18', 1000, 0, '2026-03-18 10:20:05'),
(18, 6, 'BATCH-2026-8613', '2026-03-18', '2025-03-18', 1500, 0, '2026-03-18 10:20:05'),
(19, 6, 'BATCH-2026-2086', '2026-06-18', '2025-06-18', 1000, 0, '2026-03-18 10:20:05'),
(20, 7, 'BATCH-2026-9373', '2028-05-18', '2025-05-18', 400, 0, '2026-03-18 10:20:05'),
(21, 7, 'BATCH-2026-5557', '2027-02-18', '2026-02-18', 200, 0, '2026-03-18 10:20:05'),
(22, 7, 'BATCH-2026-6909', '2027-05-18', '2025-05-18', 500, 0, '2026-03-18 10:20:05'),
(23, 7, 'BATCH-2026-4861', '2028-04-18', '2025-04-18', 400, 0, '2026-03-18 10:20:05'),
(24, 8, 'BATCH-2026-3931', '2027-01-18', '2026-01-18', 1500, 0, '2026-03-18 10:20:05'),
(25, 8, 'BATCH-2026-6405', '2027-05-18', '2025-05-18', 1200, 0, '2026-03-18 10:20:05'),
(26, 8, 'BATCH-2026-3839', '2027-04-18', '2025-04-18', 1500, 0, '2026-03-18 10:20:05'),
(27, 9, 'BATCH-2026-4603', '2028-08-18', '2025-08-18', 600, 0, '2026-03-18 10:20:05'),
(28, 9, 'BATCH-2026-1742', '2029-01-18', '2026-01-18', 400, 0, '2026-03-18 10:20:05'),
(29, 9, 'BATCH-2026-4338', '2027-06-18', '2025-06-18', 800, 0, '2026-03-18 10:20:05'),
(30, 9, 'BATCH-2026-5291', '2028-09-18', '2025-09-18', 600, 0, '2026-03-18 10:20:05'),
(31, 10, 'BATCH-2026-5258', '2026-07-18', '2025-07-18', 1200, 0, '2026-03-18 10:20:05'),
(32, 10, 'BATCH-2026-2454', '2029-02-18', '2026-02-18', 1200, 0, '2026-03-18 10:20:05'),
(33, 10, 'BATCH-2026-7498', '2026-11-18', '2025-11-18', 1500, 0, '2026-03-18 10:20:05'),
(34, 10, 'BATCH-2026-9587', '2028-08-18', '2025-08-18', 1500, 0, '2026-03-18 10:20:05'),
(35, 11, 'BATCH-2026-9825', '2028-02-18', '2026-02-18', 900, 0, '2026-03-18 10:20:05'),
(36, 11, 'BATCH-2026-2147', '2028-11-18', '2025-11-18', 900, 0, '2026-03-18 10:20:05'),
(37, 12, 'BATCH-2026-6035', '2027-07-18', '2025-07-18', 1000, 0, '2026-03-18 10:20:05'),
(38, 12, 'BATCH-2026-8715', '2027-10-18', '2025-10-18', 1250, 0, '2026-03-18 10:20:05'),
(39, 12, 'BATCH-2026-9190', '2027-01-18', '2026-01-18', 1000, 0, '2026-03-18 10:20:05'),
(40, 12, 'BATCH-2026-9005', '2027-12-18', '2025-12-18', 750, 0, '2026-03-18 10:20:05'),
(41, 13, 'BATCH-2026-9140', '2027-08-18', '2025-08-18', 1000, 0, '2026-03-18 10:20:05'),
(42, 13, 'BATCH-2026-2599', '2026-12-18', '2025-12-18', 600, 0, '2026-03-18 10:20:05'),
(43, 13, 'BATCH-2026-3174', '2026-08-18', '2025-08-18', 400, 0, '2026-03-18 10:20:05'),
(44, 14, 'BATCH-2026-6079', '2028-02-18', '2026-02-18', 1200, 0, '2026-03-18 10:20:06'),
(45, 14, 'BATCH-2026-1538', '2026-10-18', '2025-10-18', 1200, 0, '2026-03-18 10:20:06'),
(46, 15, 'BATCH-2026-2114', '2027-12-18', '2025-12-18', 900, 0, '2026-03-18 10:20:06'),
(47, 15, 'BATCH-2026-5290', '2028-03-18', '2025-03-18', 1500, 0, '2026-03-18 10:20:06'),
(48, 15, 'BATCH-2026-9741', '2028-10-18', '2025-10-18', 1200, 0, '2026-03-18 10:20:06'),
(49, 15, 'BATCH-2026-9119', '2027-10-18', '2025-10-18', 600, 0, '2026-03-18 10:20:06'),
(50, 16, 'BATCH-2026-8092', '2028-03-18', '2025-03-18', 800, 0, '2026-03-18 10:20:06'),
(51, 16, 'BATCH-2026-9539', '2027-07-18', '2025-07-18', 600, 0, '2026-03-18 10:20:06'),
(52, 16, 'BATCH-2026-9257', '2028-09-18', '2025-09-18', 600, 0, '2026-03-18 10:20:06'),
(53, 17, 'BATCH-2026-2146', '2026-04-18', '2025-04-18', 2500, 0, '2026-03-18 10:20:06'),
(54, 17, 'BATCH-2026-9899', '2027-02-18', '2026-02-18', 1500, 0, '2026-03-18 10:20:06'),
(55, 18, 'BATCH-2026-3348', '2028-07-18', '2025-07-18', 900, 0, '2026-03-18 10:20:06'),
(56, 18, 'BATCH-2026-3249', '2028-11-18', '2025-11-18', 600, 0, '2026-03-18 10:20:06'),
(57, 18, 'BATCH-2026-2038', '2028-12-18', '2025-12-18', 600, 0, '2026-03-18 10:20:06'),
(58, 19, 'BATCH-2026-3657', '2026-09-18', '2025-09-18', 500, 0, '2026-03-18 10:20:06'),
(59, 19, 'BATCH-2026-6138', '2027-01-18', '2026-01-18', 750, 0, '2026-03-18 10:20:06'),
(60, 19, 'BATCH-2026-6097', '2027-05-18', '2025-05-18', 1000, 0, '2026-03-18 10:20:06'),
(61, 20, 'BATCH-2026-2732', '2026-09-18', '2025-09-18', 2000, 0, '2026-03-18 10:20:06'),
(62, 20, 'BATCH-2026-8207', '2027-01-18', '2026-01-18', 1200, 0, '2026-03-18 10:20:06'),
(63, 20, 'BATCH-2026-8671', '2028-08-18', '2025-08-18', 2000, 0, '2026-03-18 10:20:06'),
(64, 20, 'BATCH-2026-1956', '2027-01-18', '2026-01-18', 2000, 0, '2026-03-18 10:20:06'),
(65, 21, 'BATCH-2026-3714', '2028-09-18', '2025-09-18', 900, 0, '2026-03-18 10:20:06'),
(66, 21, 'BATCH-2026-9075', '2028-10-18', '2025-10-18', 1500, 0, '2026-03-18 10:20:06'),
(67, 21, 'BATCH-2026-4539', '2028-08-18', '2025-08-18', 1500, 0, '2026-03-18 10:20:06'),
(68, 22, 'BATCH-2026-3838', '2028-06-18', '2025-06-18', 300, 0, '2026-03-18 10:20:06'),
(69, 22, 'BATCH-2026-1924', '2027-02-18', '2026-02-18', 600, 0, '2026-03-18 10:20:06'),
(70, 22, 'BATCH-2026-3805', '2027-03-18', '2025-03-18', 750, 0, '2026-03-18 10:20:06'),
(71, 22, 'BATCH-2026-3913', '2028-02-18', '2026-02-18', 600, 0, '2026-03-18 10:20:06'),
(72, 23, 'BATCH-2026-1700', '2027-02-18', '2026-02-18', 500, 0, '2026-03-18 10:20:06'),
(73, 23, 'BATCH-2026-5162', '2027-12-18', '2025-12-18', 400, 0, '2026-03-18 10:20:06'),
(74, 24, 'BATCH-2026-9740', '2027-02-18', '2026-02-18', 600, 0, '2026-03-18 10:20:06'),
(75, 24, 'BATCH-2026-4961', '2028-09-18', '2025-09-18', 1500, 0, '2026-03-18 10:20:06'),
(76, 24, 'BATCH-2026-2563', '2027-07-18', '2025-07-18', 900, 0, '2026-03-18 10:20:06'),
(77, 25, 'BATCH-2026-3167', '2028-11-18', '2025-11-18', 400, 0, '2026-03-18 10:20:06'),
(78, 25, 'BATCH-2026-9622', '2027-09-18', '2025-09-18', 600, 0, '2026-03-18 10:20:06'),
(79, 25, 'BATCH-2026-7392', '2028-10-18', '2025-10-18', 800, 0, '2026-03-18 10:20:06'),
(80, 25, 'BATCH-2026-2165', '2028-11-18', '2025-11-18', 1000, 0, '2026-03-18 10:20:06'),
(81, 26, 'BATCH-2026-7905', '2027-06-18', '2025-06-18', 1000, 0, '2026-03-18 10:20:06'),
(82, 26, 'BATCH-2026-5531', '2026-12-18', '2025-12-18', 800, 0, '2026-03-18 10:20:06'),
(83, 26, 'BATCH-2026-1132', '2027-04-18', '2025-04-18', 1000, 0, '2026-03-18 10:20:06'),
(84, 27, 'BATCH-2026-9426', '2026-08-18', '2025-08-18', 240, 0, '2026-03-18 10:20:06'),
(85, 27, 'BATCH-2026-5986', '2026-08-18', '2025-08-18', 400, 0, '2026-03-18 10:20:06'),
(86, 27, 'BATCH-2026-6424', '2027-09-18', '2025-09-18', 400, 0, '2026-03-18 10:20:06'),
(87, 28, 'BATCH-2026-5519', '2028-11-18', '2025-11-18', 300, 0, '2026-03-18 10:20:06'),
(88, 28, 'BATCH-2026-3173', '2026-08-18', '2025-08-18', 450, 0, '2026-03-18 10:20:06'),
(89, 28, 'BATCH-2026-7235', '2027-06-18', '2025-06-18', 600, 0, '2026-03-18 10:20:06'),
(90, 28, 'BATCH-2026-3213', '2027-01-18', '2026-01-18', 450, 0, '2026-03-18 10:20:06'),
(91, 29, 'BATCH-2026-3415', '2026-08-18', '2025-08-18', 1500, 0, '2026-03-18 10:20:06'),
(92, 29, 'BATCH-2026-2403', '2028-07-18', '2025-07-18', 2500, 0, '2026-03-18 10:20:06'),
(93, 29, 'BATCH-2026-2287', '2026-12-18', '2025-12-18', 1500, 0, '2026-03-18 10:20:06'),
(94, 30, 'BATCH-2026-5800', '2028-09-18', '2025-09-18', 1200, 0, '2026-03-18 10:20:06'),
(95, 30, 'BATCH-2026-3159', '2026-06-18', '2025-06-18', 1200, 0, '2026-03-18 10:20:06'),
(96, 30, 'BATCH-2026-8907', '2027-01-18', '2026-01-18', 1500, 0, '2026-03-18 10:20:06'),
(97, 31, 'BATCH-2026-5619', '2026-10-18', '2025-10-18', 1000, 0, '2026-03-18 10:20:06'),
(98, 31, 'BATCH-2026-3535', '2026-10-18', '2025-10-18', 1000, 0, '2026-03-18 10:20:06'),
(99, 32, 'BATCH-2026-6103', '2026-06-18', '2025-06-18', 450, 0, '2026-03-18 10:20:06'),
(100, 32, 'BATCH-2026-8798', '2027-12-18', '2025-12-18', 450, 0, '2026-03-18 10:20:06'),
(101, 32, 'BATCH-2026-6984', '2027-07-18', '2025-07-18', 450, 0, '2026-03-18 10:20:06'),
(102, 32, 'BATCH-2026-4071', '2026-11-18', '2025-11-18', 450, 0, '2026-03-18 10:20:06'),
(103, 33, 'BATCH-2026-6061', '2028-03-18', '2025-03-18', 750, 0, '2026-03-18 10:20:06'),
(104, 33, 'BATCH-2026-6047', '2028-05-18', '2025-05-18', 750, 0, '2026-03-18 10:20:06'),
(105, 34, 'BATCH-2026-3265', '2026-11-18', '2025-11-18', 300, 0, '2026-03-18 10:20:06'),
(106, 34, 'BATCH-2026-2623', '2028-02-18', '2026-02-18', 300, 0, '2026-03-18 10:20:06'),
(107, 34, 'BATCH-2026-1995', '2027-09-18', '2025-09-18', 600, 0, '2026-03-18 10:20:06'),
(108, 34, 'BATCH-2026-3601', '2028-03-18', '2025-03-18', 300, 0, '2026-03-18 10:20:06'),
(109, 35, 'BATCH-2026-9765', '2026-11-18', '2025-11-18', 100, 0, '2026-03-18 10:20:06'),
(110, 35, 'BATCH-2026-5481', '2027-10-18', '2025-10-18', 150, 0, '2026-03-18 10:20:06'),
(111, 36, 'BATCH-2026-3686', '2026-04-18', '2025-04-18', 180, 0, '2026-03-18 10:20:06'),
(112, 36, 'BATCH-2026-5199', '2026-10-18', '2025-10-18', 120, 0, '2026-03-18 10:20:06'),
(113, 37, 'BATCH-2026-3558', '2027-06-18', '2025-06-18', 240, 0, '2026-03-18 10:20:06'),
(114, 37, 'BATCH-2026-3443', '2026-07-18', '2025-07-18', 160, 0, '2026-03-18 10:20:06'),
(115, 37, 'BATCH-2026-1395', '2026-04-18', '2025-04-18', 240, 0, '2026-03-18 10:20:06'),
(116, 38, 'BATCH-2026-8911', '2026-06-18', '2025-06-18', 500, 0, '2026-03-18 10:20:06'),
(117, 38, 'BATCH-2026-4033', '2026-07-18', '2025-07-18', 300, 0, '2026-03-18 10:20:06'),
(118, 38, 'BATCH-2026-1148', '2028-11-18', '2025-11-18', 500, 0, '2026-03-18 10:20:06'),
(119, 38, 'BATCH-2026-2089', '2026-03-18', '2025-03-18', 200, 0, '2026-03-18 10:20:06'),
(120, 27, '001', '2026-03-28', '2026-03-19', 3, 0, '2026-03-19 11:42:26');

-- --------------------------------------------------------

--
-- Table structure for table `medicine_transactions`
--

CREATE TABLE `medicine_transactions` (
  `id` bigint(20) UNSIGNED NOT NULL,
  `medicine_id` bigint(20) UNSIGNED NOT NULL,
  `batch_id` bigint(20) UNSIGNED DEFAULT NULL,
  `transaction_datetime` datetime NOT NULL,
  `transaction_type` enum('received','dispensed','adjustment','expired','returned') NOT NULL,
  `quantity` int(11) NOT NULL,
  `reference` varchar(120) DEFAULT NULL,
  `notes` text DEFAULT NULL,
  `recorded_by` int(10) UNSIGNED DEFAULT NULL,
  `created_at` datetime NOT NULL DEFAULT current_timestamp()
) ENGINE=InnoDB DEFAULT CHARSET=utf8mb4 COLLATE=utf8mb4_unicode_ci;

--
-- Dumping data for table `medicine_transactions`
--

INSERT INTO `medicine_transactions` (`id`, `medicine_id`, `batch_id`, `transaction_datetime`, `transaction_type`, `quantity`, `reference`, `notes`, `recorded_by`, `created_at`) VALUES
(1, 1, 1, '2025-04-18 09:00:00', 'received', 1000, 'PO-2025-9360', 'Stock received from supplier', 3, '2026-03-18 10:20:05'),
(2, 1, 1, '2025-04-24 00:00:00', 'dispensed', -63, 'RX-20250424-404', 'Dispensed to patients', 2, '2026-03-18 10:20:05'),
(3, 1, 1, '2025-05-14 00:00:00', 'dispensed', -58, 'RX-20250514-641', 'Dispensed to patients', 1, '2026-03-18 10:20:05'),
(4, 1, 1, '2025-05-22 00:00:00', 'dispensed', -56, 'RX-20250522-642', 'Dispensed to patients', 3, '2026-03-18 10:20:05'),
(5, 1, 1, '2025-06-10 00:00:00', 'dispensed', -63, 'RX-20250610-797', 'Dispensed to patients', 1, '2026-03-18 10:20:05'),
(6, 1, 1, '2025-06-24 00:00:00', 'dispensed', -52, 'RX-20250624-479', 'Dispensed to patients', 1, '2026-03-18 10:20:05'),
(7, 1, 1, '2025-07-09 00:00:00', 'dispensed', -54, 'RX-20250709-909', 'Dispensed to patients', 3, '2026-03-18 10:20:05'),
(8, 1, 1, '2025-07-24 00:00:00', 'dispensed', -53, 'RX-20250724-605', 'Dispensed to patients', 2, '2026-03-18 10:20:05'),
(9, 1, 1, '2025-08-08 00:00:00', 'dispensed', -54, 'RX-20250808-276', 'Dispensed to patients', 1, '2026-03-18 10:20:05'),
(10, 1, 1, '2025-08-15 00:00:00', 'dispensed', -53, 'RX-20250815-324', 'Dispensed to patients', 1, '2026-03-18 10:20:05'),
(11, 1, 1, '2025-08-23 00:00:00', 'dispensed', -59, 'RX-20250823-823', 'Dispensed to patients', 3, '2026-03-18 10:20:05'),
(12, 1, 1, '2025-09-03 00:00:00', 'dispensed', -64, 'RX-20250903-782', 'Dispensed to patients', 2, '2026-03-18 10:20:05'),
(13, 1, 1, '2025-09-10 00:00:00', 'dispensed', -65, 'RX-20250910-974', 'Dispensed to patients', 2, '2026-03-18 10:20:05'),
(14, 1, 1, '2025-09-29 00:00:00', 'dispensed', -61, 'RX-20250929-738', 'Dispensed to patients', 2, '2026-03-18 10:20:05'),
(15, 1, 1, '2025-10-08 00:00:00', 'dispensed', -47, 'RX-20251008-492', 'Dispensed to patients', 3, '2026-03-18 10:20:05'),
(16, 1, 1, '2025-10-28 00:00:00', 'dispensed', -61, 'RX-20251028-796', 'Dispensed to patients', 1, '2026-03-18 10:20:05'),
(17, 1, 2, '2025-08-18 09:00:00', 'received', 600, 'PO-2025-5194', 'Stock received from supplier', 1, '2026-03-18 10:20:05'),
(18, 1, 2, '2025-09-07 00:00:00', 'dispensed', -74, 'RX-20250907-872', 'Dispensed to patients', 1, '2026-03-18 10:20:05'),
(19, 1, 2, '2025-09-21 00:00:00', 'dispensed', -68, 'RX-20250921-701', 'Dispensed to patients', 1, '2026-03-18 10:20:05'),
(20, 1, 2, '2025-09-27 00:00:00', 'dispensed', -70, 'RX-20250927-220', 'Dispensed to patients', 3, '2026-03-18 10:20:05'),
(21, 1, 2, '2025-10-07 00:00:00', 'dispensed', -69, 'RX-20251007-257', 'Dispensed to patients', 1, '2026-03-18 10:20:05'),
(22, 1, 2, '2025-10-19 00:00:00', 'dispensed', -70, 'RX-20251019-552', 'Dispensed to patients', 1, '2026-03-18 10:20:05'),
(23, 1, 2, '2025-10-29 00:00:00', 'dispensed', -74, 'RX-20251029-184', 'Dispensed to patients', 2, '2026-03-18 10:20:05'),
(24, 1, 2, '2025-11-02 00:00:00', 'dispensed', -56, 'RX-20251102-844', 'Dispensed to patients', 2, '2026-03-18 10:20:05'),
(25, 1, 2, '2025-11-02 00:00:00', 'adjustment', -5, 'ADJUSTMENT-3225', 'Stock adjustment - inventory count', 1, '2026-03-18 10:20:05'),
(26, 2, 3, '2025-09-18 09:00:00', 'received', 200, 'PO-2025-5626', 'Stock received from supplier', 1, '2026-03-18 10:20:05'),
(27, 2, 3, '2025-09-27 00:00:00', 'dispensed', -8, 'RX-20250927-298', 'Dispensed to patients', 2, '2026-03-18 10:20:05'),
(28, 2, 3, '2025-10-04 00:00:00', 'dispensed', -19, 'RX-20251004-448', 'Dispensed to patients', 3, '2026-03-18 10:20:05'),
(29, 2, 3, '2025-10-11 00:00:00', 'dispensed', -9, 'RX-20251011-308', 'Dispensed to patients', 3, '2026-03-18 10:20:05'),
(30, 2, 3, '2025-10-14 00:00:00', 'dispensed', -15, 'RX-20251014-429', 'Dispensed to patients', 2, '2026-03-18 10:20:05'),
(31, 2, 3, '2025-10-19 00:00:00', 'dispensed', -8, 'RX-20251019-616', 'Dispensed to patients', 2, '2026-03-18 10:20:05'),
(32, 2, 3, '2025-11-06 00:00:00', 'dispensed', -13, 'RX-20251106-946', 'Dispensed to patients', 1, '2026-03-18 10:20:05'),
(33, 2, 3, '2025-11-10 00:00:00', 'dispensed', -9, 'RX-20251110-824', 'Dispensed to patients', 3, '2026-03-18 10:20:05'),
(34, 2, 3, '2025-11-15 00:00:00', 'dispensed', -7, 'RX-20251115-396', 'Dispensed to patients', 3, '2026-03-18 10:20:05'),
(35, 2, 3, '2025-11-27 00:00:00', 'dispensed', -16, 'RX-20251127-578', 'Dispensed to patients', 2, '2026-03-18 10:20:05'),
(36, 2, 3, '2025-12-12 00:00:00', 'dispensed', -5, 'RX-20251212-905', 'Dispensed to patients', 1, '2026-03-18 10:20:05'),
(37, 2, 3, '2025-12-18 00:00:00', 'dispensed', -4, 'RX-20251218-557', 'Dispensed to patients', 3, '2026-03-18 10:20:05'),
(38, 2, 3, '2026-01-01 00:00:00', 'dispensed', -4, 'RX-20260101-645', 'Dispensed to patients', 2, '2026-03-18 10:20:05'),
(39, 2, 3, '2026-01-06 00:00:00', 'dispensed', -5, 'RX-20260106-812', 'Dispensed to patients', 3, '2026-03-18 10:20:05'),
(40, 2, 4, '2026-02-18 09:00:00', 'received', 250, 'PO-2026-2463', 'Stock received from supplier', 3, '2026-03-18 10:20:05'),
(41, 2, 4, '2026-03-10 00:00:00', 'dispensed', -22, 'RX-20260310-566', 'Dispensed to patients', 1, '2026-03-18 10:20:05'),
(42, 2, 4, '2026-03-19 00:00:00', 'adjustment', -4, 'ADJUSTMENT-3439', 'Stock adjustment - inventory count', 1, '2026-03-18 10:20:05'),
(43, 2, 5, '2025-05-18 09:00:00', 'received', 200, 'PO-2025-3066', 'Stock received from supplier', 3, '2026-03-18 10:20:05'),
(44, 2, 5, '2025-05-31 00:00:00', 'dispensed', -28, 'RX-20250531-930', 'Dispensed to patients', 2, '2026-03-18 10:20:05'),
(45, 2, 5, '2025-06-14 00:00:00', 'dispensed', -14, 'RX-20250614-585', 'Dispensed to patients', 1, '2026-03-18 10:20:05'),
(46, 2, 5, '2025-06-20 00:00:00', 'dispensed', -25, 'RX-20250620-206', 'Dispensed to patients', 2, '2026-03-18 10:20:05'),
(47, 2, 5, '2025-07-08 00:00:00', 'dispensed', -30, 'RX-20250708-495', 'Dispensed to patients', 3, '2026-03-18 10:20:05'),
(48, 2, 5, '2025-07-23 00:00:00', 'dispensed', -18, 'RX-20250723-420', 'Dispensed to patients', 3, '2026-03-18 10:20:05'),
(49, 2, 5, '2025-07-27 00:00:00', 'dispensed', -31, 'RX-20250727-474', 'Dispensed to patients', 2, '2026-03-18 10:20:05'),
(50, 3, 6, '2025-07-18 09:00:00', 'received', 300, 'PO-2025-2180', 'Stock received from supplier', 3, '2026-03-18 10:20:05'),
(51, 3, 6, '2025-08-03 00:00:00', 'dispensed', -41, 'RX-20250803-683', 'Dispensed to patients', 1, '2026-03-18 10:20:05'),
(52, 3, 6, '2025-08-09 00:00:00', 'dispensed', -35, 'RX-20250809-691', 'Dispensed to patients', 1, '2026-03-18 10:20:05'),
(53, 3, 6, '2025-08-16 00:00:00', 'dispensed', -42, 'RX-20250816-951', 'Dispensed to patients', 2, '2026-03-18 10:20:05'),
(54, 3, 6, '2025-08-20 00:00:00', 'dispensed', -31, 'RX-20250820-485', 'Dispensed to patients', 1, '2026-03-18 10:20:05'),
(55, 3, 6, '2025-08-26 00:00:00', 'dispensed', -26, 'RX-20250826-668', 'Dispensed to patients', 2, '2026-03-18 10:20:05'),
(56, 3, 6, '2025-09-11 00:00:00', 'dispensed', -28, 'RX-20250911-648', 'Dispensed to patients', 3, '2026-03-18 10:20:05'),
(57, 3, 7, '2025-10-18 09:00:00', 'received', 450, 'PO-2025-5439', 'Stock received from supplier', 1, '2026-03-18 10:20:05'),
(58, 3, 7, '2025-10-22 00:00:00', 'dispensed', -73, 'RX-20251022-506', 'Dispensed to patients', 2, '2026-03-18 10:20:05'),
(59, 3, 7, '2025-10-27 00:00:00', 'dispensed', -67, 'RX-20251027-441', 'Dispensed to patients', 3, '2026-03-18 10:20:05'),
(60, 3, 7, '2025-11-08 00:00:00', 'dispensed', -65, 'RX-20251108-847', 'Dispensed to patients', 1, '2026-03-18 10:20:05'),
(61, 3, 7, '2025-11-22 00:00:00', 'dispensed', -66, 'RX-20251122-795', 'Dispensed to patients', 3, '2026-03-18 10:20:05'),
(62, 3, 7, '2025-11-29 00:00:00', 'dispensed', -63, 'RX-20251129-889', 'Dispensed to patients', 3, '2026-03-18 10:20:05'),
(63, 3, 7, '2025-12-04 00:00:00', 'dispensed', -59, 'RX-20251204-167', 'Dispensed to patients', 3, '2026-03-18 10:20:05'),
(64, 3, 8, '2025-05-18 09:00:00', 'received', 450, 'PO-2025-8561', 'Stock received from supplier', 1, '2026-03-18 10:20:05'),
(65, 3, 8, '2025-06-06 00:00:00', 'dispensed', -23, 'RX-20250606-330', 'Dispensed to patients', 3, '2026-03-18 10:20:05'),
(66, 3, 8, '2025-06-13 00:00:00', 'dispensed', -14, 'RX-20250613-504', 'Dispensed to patients', 1, '2026-03-18 10:20:05'),
(67, 3, 8, '2025-06-16 00:00:00', 'dispensed', -15, 'RX-20250616-877', 'Dispensed to patients', 3, '2026-03-18 10:20:05'),
(68, 3, 8, '2025-06-26 00:00:00', 'dispensed', -15, 'RX-20250626-200', 'Dispensed to patients', 2, '2026-03-18 10:20:05'),
(69, 3, 8, '2025-07-15 00:00:00', 'dispensed', -18, 'RX-20250715-555', 'Dispensed to patients', 1, '2026-03-18 10:20:05'),
(70, 3, 8, '2025-07-22 00:00:00', 'dispensed', -32, 'RX-20250722-154', 'Dispensed to patients', 1, '2026-03-18 10:20:05'),
(71, 3, 8, '2025-08-03 00:00:00', 'dispensed', -30, 'RX-20250803-293', 'Dispensed to patients', 2, '2026-03-18 10:20:05'),
(72, 3, 8, '2025-08-09 00:00:00', 'dispensed', -26, 'RX-20250809-531', 'Dispensed to patients', 2, '2026-03-18 10:20:05'),
(73, 3, 8, '2025-08-25 00:00:00', 'dispensed', -33, 'RX-20250825-974', 'Dispensed to patients', 1, '2026-03-18 10:20:05'),
(74, 3, 8, '2025-09-04 00:00:00', 'dispensed', -17, 'RX-20250904-776', 'Dispensed to patients', 2, '2026-03-18 10:20:05'),
(75, 3, 8, '2025-09-08 00:00:00', 'dispensed', -32, 'RX-20250908-341', 'Dispensed to patients', 1, '2026-03-18 10:20:05'),
(76, 3, 8, '2025-09-17 00:00:00', 'dispensed', -14, 'RX-20250917-617', 'Dispensed to patients', 3, '2026-03-18 10:20:05'),
(77, 3, 8, '2025-09-25 00:00:00', 'dispensed', -24, 'RX-20250925-618', 'Dispensed to patients', 3, '2026-03-18 10:20:05'),
(78, 3, 9, '2025-12-18 09:00:00', 'received', 750, 'PO-2025-6625', 'Stock received from supplier', 3, '2026-03-18 10:20:05'),
(79, 3, 9, '2025-12-22 00:00:00', 'dispensed', -34, 'RX-20251222-927', 'Dispensed to patients', 3, '2026-03-18 10:20:05'),
(80, 3, 9, '2026-01-06 00:00:00', 'dispensed', -47, 'RX-20260106-860', 'Dispensed to patients', 3, '2026-03-18 10:20:05'),
(81, 3, 9, '2026-01-24 00:00:00', 'dispensed', -43, 'RX-20260124-956', 'Dispensed to patients', 3, '2026-03-18 10:20:05'),
(82, 3, 9, '2026-01-30 00:00:00', 'dispensed', -43, 'RX-20260130-803', 'Dispensed to patients', 1, '2026-03-18 10:20:05'),
(83, 3, 9, '2026-02-03 00:00:00', 'dispensed', -49, 'RX-20260203-150', 'Dispensed to patients', 3, '2026-03-18 10:20:05'),
(84, 3, 9, '2026-02-14 00:00:00', 'dispensed', -29, 'RX-20260214-829', 'Dispensed to patients', 3, '2026-03-18 10:20:05'),
(85, 3, 9, '2026-02-21 00:00:00', 'dispensed', -37, 'RX-20260221-686', 'Dispensed to patients', 1, '2026-03-18 10:20:05'),
(86, 3, 9, '2026-03-06 00:00:00', 'dispensed', -42, 'RX-20260306-998', 'Dispensed to patients', 2, '2026-03-18 10:20:05'),
(87, 3, 9, '2026-03-09 00:00:00', 'dispensed', -29, 'RX-20260309-964', 'Dispensed to patients', 1, '2026-03-18 10:20:05'),
(88, 3, 9, '2026-03-17 00:00:00', 'dispensed', -42, 'RX-20260317-817', 'Dispensed to patients', 2, '2026-03-18 10:20:05'),
(89, 3, 9, '2026-04-04 00:00:00', 'adjustment', -8, 'ADJUSTMENT-8669', 'Stock adjustment - inventory count', 2, '2026-03-18 10:20:05'),
(90, 4, 10, '2026-02-18 09:00:00', 'received', 800, 'PO-2026-2722', 'Stock received from supplier', 2, '2026-03-18 10:20:05'),
(91, 4, 10, '2026-02-26 00:00:00', 'dispensed', -91, 'RX-20260226-452', 'Dispensed to patients', 1, '2026-03-18 10:20:05'),
(92, 4, 10, '2026-03-15 00:00:00', 'dispensed', -82, 'RX-20260315-387', 'Dispensed to patients', 1, '2026-03-18 10:20:05'),
(93, 4, 11, '2026-02-18 09:00:00', 'received', 400, 'PO-2026-6028', 'Stock received from supplier', 1, '2026-03-18 10:20:05'),
(94, 4, 11, '2026-02-23 00:00:00', 'dispensed', -15, 'RX-20260223-511', 'Dispensed to patients', 2, '2026-03-18 10:20:05'),
(95, 4, 11, '2026-03-05 00:00:00', 'dispensed', -23, 'RX-20260305-799', 'Dispensed to patients', 2, '2026-03-18 10:20:05'),
(96, 4, 12, '2026-02-18 09:00:00', 'received', 600, 'PO-2026-7733', 'Stock received from supplier', 1, '2026-03-18 10:20:05'),
(97, 4, 12, '2026-02-25 00:00:00', 'dispensed', -19, 'RX-20260225-902', 'Dispensed to patients', 3, '2026-03-18 10:20:05'),
(98, 4, 12, '2026-03-16 00:00:00', 'dispensed', -37, 'RX-20260316-223', 'Dispensed to patients', 1, '2026-03-18 10:20:05'),
(99, 5, 13, '2025-08-18 09:00:00', 'received', 200, 'PO-2025-1001', 'Stock received from supplier', 3, '2026-03-18 10:20:05'),
(100, 5, 13, '2025-09-05 00:00:00', 'dispensed', -23, 'RX-20250905-641', 'Dispensed to patients', 1, '2026-03-18 10:20:05'),
(101, 5, 13, '2025-09-22 00:00:00', 'dispensed', -33, 'RX-20250922-374', 'Dispensed to patients', 3, '2026-03-18 10:20:05'),
(102, 5, 13, '2025-10-11 00:00:00', 'dispensed', -32, 'RX-20251011-616', 'Dispensed to patients', 3, '2026-03-18 10:20:05'),
(103, 5, 13, '2025-10-16 00:00:00', 'dispensed', -29, 'RX-20251016-974', 'Dispensed to patients', 3, '2026-03-18 10:20:05'),
(104, 5, 13, '2025-11-05 00:00:00', 'dispensed', -25, 'RX-20251105-157', 'Dispensed to patients', 3, '2026-03-18 10:20:05'),
(105, 5, 13, '2025-11-17 00:00:00', 'dispensed', -27, 'RX-20251117-379', 'Dispensed to patients', 2, '2026-03-18 10:20:05'),
(106, 5, 13, '2025-11-27 00:00:00', 'dispensed', -28, 'RX-20251127-134', 'Dispensed to patients', 3, '2026-03-18 10:20:05'),
(107, 5, 14, '2026-01-18 09:00:00', 'received', 200, 'PO-2026-9643', 'Stock received from supplier', 1, '2026-03-18 10:20:05'),
(108, 5, 14, '2026-01-25 00:00:00', 'dispensed', -11, 'RX-20260125-869', 'Dispensed to patients', 1, '2026-03-18 10:20:05'),
(109, 5, 14, '2026-01-29 00:00:00', 'dispensed', -4, 'RX-20260129-913', 'Dispensed to patients', 3, '2026-03-18 10:20:05'),
(110, 5, 14, '2026-02-18 00:00:00', 'dispensed', -18, 'RX-20260218-281', 'Dispensed to patients', 2, '2026-03-18 10:20:05'),
(111, 5, 14, '2026-03-02 00:00:00', 'dispensed', -5, 'RX-20260302-179', 'Dispensed to patients', 1, '2026-03-18 10:20:05'),
(112, 5, 14, '2026-03-14 00:00:00', 'dispensed', -3, 'RX-20260314-892', 'Dispensed to patients', 2, '2026-03-18 10:20:05'),
(113, 5, 15, '2025-12-18 09:00:00', 'received', 400, 'PO-2025-4839', 'Stock received from supplier', 2, '2026-03-18 10:20:05'),
(114, 5, 15, '2025-12-21 00:00:00', 'dispensed', -22, 'RX-20251221-633', 'Dispensed to patients', 1, '2026-03-18 10:20:05'),
(115, 5, 15, '2026-01-09 00:00:00', 'dispensed', -26, 'RX-20260109-533', 'Dispensed to patients', 1, '2026-03-18 10:20:05'),
(116, 5, 15, '2026-01-16 00:00:00', 'dispensed', -17, 'RX-20260116-691', 'Dispensed to patients', 1, '2026-03-18 10:20:05'),
(117, 5, 15, '2026-02-05 00:00:00', 'dispensed', -24, 'RX-20260205-829', 'Dispensed to patients', 1, '2026-03-18 10:20:05'),
(118, 5, 15, '2026-02-08 00:00:00', 'dispensed', -24, 'RX-20260208-287', 'Dispensed to patients', 2, '2026-03-18 10:20:05'),
(119, 5, 15, '2026-02-20 00:00:00', 'dispensed', -21, 'RX-20260220-341', 'Dispensed to patients', 1, '2026-03-18 10:20:05'),
(120, 5, 15, '2026-03-01 00:00:00', 'dispensed', -18, 'RX-20260301-235', 'Dispensed to patients', 2, '2026-03-18 10:20:05'),
(121, 5, 15, '2026-03-09 00:00:00', 'dispensed', -21, 'RX-20260309-648', 'Dispensed to patients', 3, '2026-03-18 10:20:05'),
(122, 5, 15, '2026-03-17 00:00:00', 'dispensed', -25, 'RX-20260317-211', 'Dispensed to patients', 3, '2026-03-18 10:20:05'),
(123, 6, 16, '2025-08-18 09:00:00', 'received', 1500, 'PO-2025-6915', 'Stock received from supplier', 2, '2026-03-18 10:20:05'),
(124, 6, 16, '2025-09-06 00:00:00', 'dispensed', -137, 'RX-20250906-206', 'Dispensed to patients', 3, '2026-03-18 10:20:05'),
(125, 6, 16, '2025-09-19 00:00:00', 'dispensed', -131, 'RX-20250919-128', 'Dispensed to patients', 3, '2026-03-18 10:20:05'),
(126, 6, 16, '2025-10-07 00:00:00', 'dispensed', -134, 'RX-20251007-202', 'Dispensed to patients', 1, '2026-03-18 10:20:05'),
(127, 6, 16, '2025-10-25 00:00:00', 'dispensed', -121, 'RX-20251025-339', 'Dispensed to patients', 1, '2026-03-18 10:20:05'),
(128, 6, 16, '2025-10-31 00:00:00', 'dispensed', -125, 'RX-20251031-126', 'Dispensed to patients', 3, '2026-03-18 10:20:05'),
(129, 6, 16, '2025-11-17 00:00:00', 'dispensed', -134, 'RX-20251117-810', 'Dispensed to patients', 2, '2026-03-18 10:20:05'),
(130, 6, 16, '2025-11-24 00:00:00', 'dispensed', -119, 'RX-20251124-893', 'Dispensed to patients', 3, '2026-03-18 10:20:05'),
(131, 6, 16, '2025-12-04 00:00:00', 'dispensed', -138, 'RX-20251204-960', 'Dispensed to patients', 3, '2026-03-18 10:20:05'),
(132, 6, 16, '2025-12-15 00:00:00', 'dispensed', -131, 'RX-20251215-135', 'Dispensed to patients', 3, '2026-03-18 10:20:05'),
(133, 6, 17, '2025-09-18 09:00:00', 'received', 1000, 'PO-2025-9514', 'Stock received from supplier', 1, '2026-03-18 10:20:05'),
(134, 6, 17, '2025-09-28 00:00:00', 'dispensed', -82, 'RX-20250928-619', 'Dispensed to patients', 2, '2026-03-18 10:20:05'),
(135, 6, 17, '2025-10-13 00:00:00', 'dispensed', -87, 'RX-20251013-836', 'Dispensed to patients', 2, '2026-03-18 10:20:05'),
(136, 6, 17, '2025-10-28 00:00:00', 'dispensed', -87, 'RX-20251028-865', 'Dispensed to patients', 2, '2026-03-18 10:20:05'),
(137, 6, 17, '2025-11-13 00:00:00', 'dispensed', -83, 'RX-20251113-274', 'Dispensed to patients', 2, '2026-03-18 10:20:05'),
(138, 6, 17, '2025-12-02 00:00:00', 'dispensed', -79, 'RX-20251202-204', 'Dispensed to patients', 1, '2026-03-18 10:20:05'),
(139, 6, 17, '2025-12-17 00:00:00', 'dispensed', -82, 'RX-20251217-436', 'Dispensed to patients', 2, '2026-03-18 10:20:05'),
(140, 6, 17, '2025-12-21 00:00:00', 'dispensed', -83, 'RX-20251221-894', 'Dispensed to patients', 2, '2026-03-18 10:20:05'),
(141, 6, 17, '2025-12-27 00:00:00', 'dispensed', -85, 'RX-20251227-266', 'Dispensed to patients', 2, '2026-03-18 10:20:05'),
(142, 6, 18, '2025-03-18 09:00:00', 'received', 1500, 'PO-2025-9929', 'Stock received from supplier', 1, '2026-03-18 10:20:05'),
(143, 6, 18, '2025-03-24 00:00:00', 'dispensed', -108, 'RX-20250324-147', 'Dispensed to patients', 1, '2026-03-18 10:20:05'),
(144, 6, 18, '2025-03-30 00:00:00', 'dispensed', -105, 'RX-20250330-906', 'Dispensed to patients', 1, '2026-03-18 10:20:05'),
(145, 6, 18, '2025-04-02 00:00:00', 'dispensed', -112, 'RX-20250402-457', 'Dispensed to patients', 2, '2026-03-18 10:20:05'),
(146, 6, 18, '2025-04-14 00:00:00', 'dispensed', -108, 'RX-20250414-257', 'Dispensed to patients', 2, '2026-03-18 10:20:05'),
(147, 6, 18, '2025-04-21 00:00:00', 'dispensed', -103, 'RX-20250421-133', 'Dispensed to patients', 3, '2026-03-18 10:20:05'),
(148, 6, 18, '2025-05-02 00:00:00', 'dispensed', -116, 'RX-20250502-845', 'Dispensed to patients', 2, '2026-03-18 10:20:05'),
(149, 6, 18, '2025-05-13 00:00:00', 'dispensed', -104, 'RX-20250513-281', 'Dispensed to patients', 1, '2026-03-18 10:20:05'),
(150, 6, 18, '2025-05-23 00:00:00', 'dispensed', -112, 'RX-20250523-843', 'Dispensed to patients', 1, '2026-03-18 10:20:05'),
(151, 6, 18, '2025-05-28 00:00:00', 'dispensed', -110, 'RX-20250528-187', 'Dispensed to patients', 2, '2026-03-18 10:20:05'),
(152, 6, 18, '2025-06-17 00:00:00', 'dispensed', -99, 'RX-20250617-132', 'Dispensed to patients', 3, '2026-03-18 10:20:05'),
(153, 6, 18, '2025-06-26 00:00:00', 'dispensed', -112, 'RX-20250626-242', 'Dispensed to patients', 1, '2026-03-18 10:20:05'),
(154, 6, 19, '2025-06-18 09:00:00', 'received', 1000, 'PO-2025-9908', 'Stock received from supplier', 3, '2026-03-18 10:20:05'),
(155, 6, 19, '2025-06-25 00:00:00', 'dispensed', -74, 'RX-20250625-911', 'Dispensed to patients', 3, '2026-03-18 10:20:05'),
(156, 6, 19, '2025-06-30 00:00:00', 'dispensed', -80, 'RX-20250630-897', 'Dispensed to patients', 2, '2026-03-18 10:20:05'),
(157, 6, 19, '2025-07-08 00:00:00', 'dispensed', -78, 'RX-20250708-179', 'Dispensed to patients', 3, '2026-03-18 10:20:05'),
(158, 6, 19, '2025-07-25 00:00:00', 'dispensed', -80, 'RX-20250725-807', 'Dispensed to patients', 1, '2026-03-18 10:20:05'),
(159, 6, 19, '2025-07-30 00:00:00', 'dispensed', -76, 'RX-20250730-704', 'Dispensed to patients', 2, '2026-03-18 10:20:05'),
(160, 6, 19, '2025-08-18 00:00:00', 'dispensed', -78, 'RX-20250818-175', 'Dispensed to patients', 1, '2026-03-18 10:20:05'),
(161, 6, 19, '2025-08-27 00:00:00', 'dispensed', -73, 'RX-20250827-868', 'Dispensed to patients', 2, '2026-03-18 10:20:05'),
(162, 6, 19, '2025-08-30 00:00:00', 'dispensed', -79, 'RX-20250830-601', 'Dispensed to patients', 1, '2026-03-18 10:20:05'),
(163, 6, 19, '2025-09-06 00:00:00', 'dispensed', -70, 'RX-20250906-310', 'Dispensed to patients', 1, '2026-03-18 10:20:05'),
(164, 6, 19, '2025-09-09 00:00:00', 'dispensed', -68, 'RX-20250909-210', 'Dispensed to patients', 1, '2026-03-18 10:20:05'),
(165, 6, 19, '2025-09-14 00:00:00', 'dispensed', -85, 'RX-20250914-145', 'Dispensed to patients', 2, '2026-03-18 10:20:05'),
(166, 7, 20, '2025-05-18 09:00:00', 'received', 400, 'PO-2025-3005', 'Stock received from supplier', 2, '2026-03-18 10:20:05'),
(167, 7, 20, '2025-06-04 00:00:00', 'dispensed', -33, 'RX-20250604-279', 'Dispensed to patients', 1, '2026-03-18 10:20:05'),
(168, 7, 20, '2025-06-20 00:00:00', 'dispensed', -23, 'RX-20250620-119', 'Dispensed to patients', 1, '2026-03-18 10:20:05'),
(169, 7, 20, '2025-07-10 00:00:00', 'dispensed', -32, 'RX-20250710-211', 'Dispensed to patients', 2, '2026-03-18 10:20:05'),
(170, 7, 20, '2025-07-25 00:00:00', 'dispensed', -34, 'RX-20250725-433', 'Dispensed to patients', 3, '2026-03-18 10:20:05'),
(171, 7, 20, '2025-08-07 00:00:00', 'dispensed', -24, 'RX-20250807-770', 'Dispensed to patients', 3, '2026-03-18 10:20:05'),
(172, 7, 20, '2025-08-19 00:00:00', 'dispensed', -26, 'RX-20250819-209', 'Dispensed to patients', 2, '2026-03-18 10:20:05'),
(173, 7, 20, '2025-08-30 00:00:00', 'dispensed', -20, 'RX-20250830-849', 'Dispensed to patients', 3, '2026-03-18 10:20:05'),
(174, 7, 20, '2025-09-07 00:00:00', 'dispensed', -29, 'RX-20250907-797', 'Dispensed to patients', 3, '2026-03-18 10:20:05'),
(175, 7, 20, '2025-09-23 00:00:00', 'dispensed', -16, 'RX-20250923-586', 'Dispensed to patients', 3, '2026-03-18 10:20:05'),
(176, 7, 20, '2025-10-12 00:00:00', 'dispensed', -21, 'RX-20251012-778', 'Dispensed to patients', 2, '2026-03-18 10:20:05'),
(177, 7, 21, '2026-02-18 09:00:00', 'received', 200, 'PO-2026-3260', 'Stock received from supplier', 1, '2026-03-18 10:20:05'),
(178, 7, 21, '2026-02-26 00:00:00', 'dispensed', -13, 'RX-20260226-111', 'Dispensed to patients', 2, '2026-03-18 10:20:05'),
(179, 7, 21, '2026-03-15 00:00:00', 'dispensed', -10, 'RX-20260315-956', 'Dispensed to patients', 2, '2026-03-18 10:20:05'),
(180, 7, 22, '2025-05-18 09:00:00', 'received', 500, 'PO-2025-2461', 'Stock received from supplier', 3, '2026-03-18 10:20:05'),
(181, 7, 22, '2025-05-27 00:00:00', 'dispensed', -22, 'RX-20250527-883', 'Dispensed to patients', 1, '2026-03-18 10:20:05'),
(182, 7, 22, '2025-06-10 00:00:00', 'dispensed', -29, 'RX-20250610-442', 'Dispensed to patients', 3, '2026-03-18 10:20:05'),
(183, 7, 22, '2025-06-30 00:00:00', 'dispensed', -26, 'RX-20250630-911', 'Dispensed to patients', 2, '2026-03-18 10:20:05'),
(184, 7, 22, '2025-07-03 00:00:00', 'dispensed', -12, 'RX-20250703-119', 'Dispensed to patients', 2, '2026-03-18 10:20:05'),
(185, 7, 22, '2025-07-06 00:00:00', 'dispensed', -20, 'RX-20250706-446', 'Dispensed to patients', 1, '2026-03-18 10:20:05'),
(186, 7, 22, '2025-07-21 00:00:00', 'dispensed', -22, 'RX-20250721-560', 'Dispensed to patients', 2, '2026-03-18 10:20:05'),
(187, 7, 22, '2025-07-26 00:00:00', 'dispensed', -27, 'RX-20250726-598', 'Dispensed to patients', 3, '2026-03-18 10:20:05'),
(188, 7, 22, '2025-08-13 00:00:00', 'dispensed', -16, 'RX-20250813-402', 'Dispensed to patients', 2, '2026-03-18 10:20:05'),
(189, 7, 22, '2025-08-20 00:00:00', 'dispensed', -22, 'RX-20250820-313', 'Dispensed to patients', 1, '2026-03-18 10:20:05'),
(190, 7, 22, '2025-08-24 00:00:00', 'dispensed', -20, 'RX-20250824-685', 'Dispensed to patients', 1, '2026-03-18 10:20:05'),
(191, 7, 22, '2025-08-31 00:00:00', 'dispensed', -22, 'RX-20250831-424', 'Dispensed to patients', 1, '2026-03-18 10:20:05'),
(192, 7, 22, '2025-09-03 00:00:00', 'dispensed', -13, 'RX-20250903-310', 'Dispensed to patients', 2, '2026-03-18 10:20:05'),
(193, 7, 22, '2025-09-13 00:00:00', 'dispensed', -13, 'RX-20250913-598', 'Dispensed to patients', 1, '2026-03-18 10:20:05'),
(194, 7, 22, '2025-09-17 00:00:00', 'dispensed', -21, 'RX-20250917-584', 'Dispensed to patients', 1, '2026-03-18 10:20:05'),
(195, 7, 22, '2025-10-04 00:00:00', 'dispensed', -12, 'RX-20251004-116', 'Dispensed to patients', 2, '2026-03-18 10:20:05'),
(196, 7, 23, '2025-04-18 09:00:00', 'received', 400, 'PO-2025-7016', 'Stock received from supplier', 2, '2026-03-18 10:20:05'),
(197, 7, 23, '2025-05-07 00:00:00', 'dispensed', -42, 'RX-20250507-649', 'Dispensed to patients', 2, '2026-03-18 10:20:05'),
(198, 7, 23, '2025-05-27 00:00:00', 'dispensed', -35, 'RX-20250527-175', 'Dispensed to patients', 2, '2026-03-18 10:20:05'),
(199, 7, 23, '2025-06-01 00:00:00', 'dispensed', -39, 'RX-20250601-253', 'Dispensed to patients', 1, '2026-03-18 10:20:05'),
(200, 7, 23, '2025-06-12 00:00:00', 'dispensed', -44, 'RX-20250612-849', 'Dispensed to patients', 2, '2026-03-18 10:20:05'),
(201, 7, 23, '2025-06-25 00:00:00', 'dispensed', -44, 'RX-20250625-498', 'Dispensed to patients', 1, '2026-03-18 10:20:05'),
(202, 7, 23, '2025-07-06 00:00:00', 'dispensed', -51, 'RX-20250706-658', 'Dispensed to patients', 2, '2026-03-18 10:20:05'),
(203, 8, 24, '2026-01-18 09:00:00', 'received', 1500, 'PO-2026-4723', 'Stock received from supplier', 1, '2026-03-18 10:20:05'),
(204, 8, 24, '2026-01-30 00:00:00', 'dispensed', -217, 'RX-20260130-752', 'Dispensed to patients', 3, '2026-03-18 10:20:05'),
(205, 8, 24, '2026-02-09 00:00:00', 'dispensed', -228, 'RX-20260209-368', 'Dispensed to patients', 1, '2026-03-18 10:20:05'),
(206, 8, 24, '2026-02-21 00:00:00', 'dispensed', -232, 'RX-20260221-230', 'Dispensed to patients', 3, '2026-03-18 10:20:05'),
(207, 8, 24, '2026-03-10 00:00:00', 'dispensed', -230, 'RX-20260310-346', 'Dispensed to patients', 2, '2026-03-18 10:20:05'),
(208, 8, 25, '2025-05-18 09:00:00', 'received', 1200, 'PO-2025-3905', 'Stock received from supplier', 1, '2026-03-18 10:20:05'),
(209, 8, 25, '2025-06-05 00:00:00', 'dispensed', -94, 'RX-20250605-310', 'Dispensed to patients', 1, '2026-03-18 10:20:05'),
(210, 8, 25, '2025-06-17 00:00:00', 'dispensed', -110, 'RX-20250617-376', 'Dispensed to patients', 3, '2026-03-18 10:20:05'),
(211, 8, 25, '2025-06-26 00:00:00', 'dispensed', -108, 'RX-20250626-366', 'Dispensed to patients', 1, '2026-03-18 10:20:05'),
(212, 8, 25, '2025-07-08 00:00:00', 'dispensed', -100, 'RX-20250708-400', 'Dispensed to patients', 1, '2026-03-18 10:20:05'),
(213, 8, 25, '2025-07-26 00:00:00', 'dispensed', -105, 'RX-20250726-273', 'Dispensed to patients', 3, '2026-03-18 10:20:05'),
(214, 8, 25, '2025-08-14 00:00:00', 'dispensed', -106, 'RX-20250814-638', 'Dispensed to patients', 3, '2026-03-18 10:20:05'),
(215, 8, 25, '2025-09-01 00:00:00', 'dispensed', -111, 'RX-20250901-455', 'Dispensed to patients', 3, '2026-03-18 10:20:05'),
(216, 8, 25, '2025-09-19 00:00:00', 'dispensed', -112, 'RX-20250919-994', 'Dispensed to patients', 2, '2026-03-18 10:20:05'),
(217, 8, 25, '2025-10-03 00:00:00', 'dispensed', -105, 'RX-20251003-629', 'Dispensed to patients', 1, '2026-03-18 10:20:05'),
(218, 8, 25, '2025-10-21 00:00:00', 'dispensed', -100, 'RX-20251021-613', 'Dispensed to patients', 1, '2026-03-18 10:20:05'),
(219, 8, 26, '2025-04-18 09:00:00', 'received', 1500, 'PO-2025-1790', 'Stock received from supplier', 3, '2026-03-18 10:20:05'),
(220, 8, 26, '2025-04-29 00:00:00', 'dispensed', -90, 'RX-20250429-125', 'Dispensed to patients', 2, '2026-03-18 10:20:05'),
(221, 8, 26, '2025-05-14 00:00:00', 'dispensed', -88, 'RX-20250514-829', 'Dispensed to patients', 2, '2026-03-18 10:20:05'),
(222, 8, 26, '2025-06-03 00:00:00', 'dispensed', -73, 'RX-20250603-303', 'Dispensed to patients', 2, '2026-03-18 10:20:05'),
(223, 8, 26, '2025-06-13 00:00:00', 'dispensed', -89, 'RX-20250613-892', 'Dispensed to patients', 1, '2026-03-18 10:20:05'),
(224, 8, 26, '2025-06-18 00:00:00', 'dispensed', -92, 'RX-20250618-615', 'Dispensed to patients', 2, '2026-03-18 10:20:05'),
(225, 8, 26, '2025-07-06 00:00:00', 'dispensed', -92, 'RX-20250706-972', 'Dispensed to patients', 3, '2026-03-18 10:20:05'),
(226, 8, 26, '2025-07-18 00:00:00', 'dispensed', -92, 'RX-20250718-703', 'Dispensed to patients', 2, '2026-03-18 10:20:05'),
(227, 8, 26, '2025-08-01 00:00:00', 'dispensed', -75, 'RX-20250801-464', 'Dispensed to patients', 1, '2026-03-18 10:20:05'),
(228, 8, 26, '2025-08-08 00:00:00', 'dispensed', -76, 'RX-20250808-837', 'Dispensed to patients', 3, '2026-03-18 10:20:05'),
(229, 8, 26, '2025-08-21 00:00:00', 'dispensed', -72, 'RX-20250821-716', 'Dispensed to patients', 3, '2026-03-18 10:20:05'),
(230, 8, 26, '2025-09-10 00:00:00', 'dispensed', -79, 'RX-20250910-854', 'Dispensed to patients', 1, '2026-03-18 10:20:05'),
(231, 8, 26, '2025-09-17 00:00:00', 'dispensed', -87, 'RX-20250917-641', 'Dispensed to patients', 3, '2026-03-18 10:20:05'),
(232, 8, 26, '2025-10-07 00:00:00', 'dispensed', -79, 'RX-20251007-421', 'Dispensed to patients', 1, '2026-03-18 10:20:05'),
(233, 8, 26, '2025-10-25 00:00:00', 'dispensed', -82, 'RX-20251025-158', 'Dispensed to patients', 3, '2026-03-18 10:20:05'),
(234, 8, 26, '2025-10-30 00:00:00', 'dispensed', -91, 'RX-20251030-386', 'Dispensed to patients', 3, '2026-03-18 10:20:05'),
(235, 9, 27, '2025-08-18 09:00:00', 'received', 600, 'PO-2025-7155', 'Stock received from supplier', 3, '2026-03-18 10:20:05'),
(236, 9, 27, '2025-08-31 00:00:00', 'dispensed', -76, 'RX-20250831-402', 'Dispensed to patients', 1, '2026-03-18 10:20:05'),
(237, 9, 27, '2025-09-03 00:00:00', 'dispensed', -83, 'RX-20250903-428', 'Dispensed to patients', 3, '2026-03-18 10:20:05'),
(238, 9, 27, '2025-09-08 00:00:00', 'dispensed', -94, 'RX-20250908-486', 'Dispensed to patients', 3, '2026-03-18 10:20:05'),
(239, 9, 27, '2025-09-27 00:00:00', 'dispensed', -87, 'RX-20250927-806', 'Dispensed to patients', 2, '2026-03-18 10:20:05'),
(240, 9, 27, '2025-10-17 00:00:00', 'dispensed', -91, 'RX-20251017-257', 'Dispensed to patients', 3, '2026-03-18 10:20:05'),
(241, 9, 28, '2026-01-18 09:00:00', 'received', 400, 'PO-2026-5436', 'Stock received from supplier', 2, '2026-03-18 10:20:05'),
(242, 9, 28, '2026-01-21 00:00:00', 'dispensed', -68, 'RX-20260121-124', 'Dispensed to patients', 1, '2026-03-18 10:20:05'),
(243, 9, 28, '2026-01-25 00:00:00', 'dispensed', -55, 'RX-20260125-879', 'Dispensed to patients', 1, '2026-03-18 10:20:05'),
(244, 9, 28, '2026-02-14 00:00:00', 'dispensed', -61, 'RX-20260214-561', 'Dispensed to patients', 3, '2026-03-18 10:20:05'),
(245, 9, 28, '2026-02-22 00:00:00', 'dispensed', -68, 'RX-20260222-313', 'Dispensed to patients', 1, '2026-03-18 10:20:05'),
(246, 9, 28, '2026-02-27 00:00:00', 'dispensed', -65, 'RX-20260227-827', 'Dispensed to patients', 1, '2026-03-18 10:20:05'),
(247, 9, 28, '2026-03-10 00:00:00', 'dispensed', -58, 'RX-20260310-296', 'Dispensed to patients', 3, '2026-03-18 10:20:05'),
(248, 9, 29, '2025-06-18 09:00:00', 'received', 800, 'PO-2025-7391', 'Stock received from supplier', 2, '2026-03-18 10:20:05'),
(249, 9, 29, '2025-07-07 00:00:00', 'dispensed', -109, 'RX-20250707-672', 'Dispensed to patients', 3, '2026-03-18 10:20:05'),
(250, 9, 29, '2025-07-24 00:00:00', 'dispensed', -101, 'RX-20250724-661', 'Dispensed to patients', 3, '2026-03-18 10:20:05'),
(251, 9, 29, '2025-08-02 00:00:00', 'dispensed', -104, 'RX-20250802-918', 'Dispensed to patients', 2, '2026-03-18 10:20:05'),
(252, 9, 29, '2025-08-15 00:00:00', 'dispensed', -100, 'RX-20250815-625', 'Dispensed to patients', 3, '2026-03-18 10:20:05'),
(253, 9, 29, '2025-09-04 00:00:00', 'dispensed', -100, 'RX-20250904-995', 'Dispensed to patients', 3, '2026-03-18 10:20:05'),
(254, 9, 29, '2025-09-12 00:00:00', 'dispensed', -100, 'RX-20250912-206', 'Dispensed to patients', 1, '2026-03-18 10:20:05'),
(255, 9, 30, '2025-09-18 09:00:00', 'received', 600, 'PO-2025-8121', 'Stock received from supplier', 2, '2026-03-18 10:20:05'),
(256, 9, 30, '2025-09-23 00:00:00', 'dispensed', -40, 'RX-20250923-379', 'Dispensed to patients', 1, '2026-03-18 10:20:05'),
(257, 9, 30, '2025-10-08 00:00:00', 'dispensed', -34, 'RX-20251008-386', 'Dispensed to patients', 3, '2026-03-18 10:20:05'),
(258, 9, 30, '2025-10-11 00:00:00', 'dispensed', -42, 'RX-20251011-216', 'Dispensed to patients', 3, '2026-03-18 10:20:05'),
(259, 9, 30, '2025-10-22 00:00:00', 'dispensed', -49, 'RX-20251022-267', 'Dispensed to patients', 3, '2026-03-18 10:20:05'),
(260, 9, 30, '2025-10-30 00:00:00', 'dispensed', -54, 'RX-20251030-390', 'Dispensed to patients', 3, '2026-03-18 10:20:05'),
(261, 9, 30, '2025-11-15 00:00:00', 'dispensed', -52, 'RX-20251115-811', 'Dispensed to patients', 3, '2026-03-18 10:20:05'),
(262, 9, 30, '2025-11-20 00:00:00', 'dispensed', -37, 'RX-20251120-539', 'Dispensed to patients', 1, '2026-03-18 10:20:05'),
(263, 9, 30, '2025-12-03 00:00:00', 'dispensed', -53, 'RX-20251203-776', 'Dispensed to patients', 1, '2026-03-18 10:20:05'),
(264, 9, 30, '2025-12-06 00:00:00', 'dispensed', -50, 'RX-20251206-600', 'Dispensed to patients', 2, '2026-03-18 10:20:05'),
(265, 9, 30, '2025-12-24 00:00:00', 'dispensed', -52, 'RX-20251224-286', 'Dispensed to patients', 1, '2026-03-18 10:20:05'),
(266, 9, 30, '2025-12-27 00:00:00', 'dispensed', -38, 'RX-20251227-521', 'Dispensed to patients', 3, '2026-03-18 10:20:05'),
(267, 9, 30, '2026-01-04 00:00:00', 'dispensed', -51, 'RX-20260104-418', 'Dispensed to patients', 2, '2026-03-18 10:20:05'),
(268, 10, 31, '2025-07-18 09:00:00', 'received', 1200, 'PO-2025-3103', 'Stock received from supplier', 3, '2026-03-18 10:20:05'),
(269, 10, 31, '2025-08-02 00:00:00', 'dispensed', -124, 'RX-20250802-463', 'Dispensed to patients', 2, '2026-03-18 10:20:05'),
(270, 10, 31, '2025-08-06 00:00:00', 'dispensed', -130, 'RX-20250806-774', 'Dispensed to patients', 1, '2026-03-18 10:20:05'),
(271, 10, 31, '2025-08-17 00:00:00', 'dispensed', -125, 'RX-20250817-605', 'Dispensed to patients', 1, '2026-03-18 10:20:05'),
(272, 10, 31, '2025-08-20 00:00:00', 'dispensed', -122, 'RX-20250820-931', 'Dispensed to patients', 2, '2026-03-18 10:20:05'),
(273, 10, 31, '2025-09-08 00:00:00', 'dispensed', -132, 'RX-20250908-860', 'Dispensed to patients', 1, '2026-03-18 10:20:05'),
(274, 10, 31, '2025-09-22 00:00:00', 'dispensed', -140, 'RX-20250922-812', 'Dispensed to patients', 3, '2026-03-18 10:20:05'),
(275, 10, 31, '2025-09-30 00:00:00', 'dispensed', -123, 'RX-20250930-118', 'Dispensed to patients', 3, '2026-03-18 10:20:05'),
(276, 10, 32, '2026-02-18 09:00:00', 'received', 1200, 'PO-2026-1081', 'Stock received from supplier', 1, '2026-03-18 10:20:05'),
(277, 10, 32, '2026-03-01 00:00:00', 'dispensed', -76, 'RX-20260301-966', 'Dispensed to patients', 1, '2026-03-18 10:20:05'),
(278, 10, 32, '2026-03-18 00:00:00', 'dispensed', -62, 'RX-20260318-697', 'Dispensed to patients', 2, '2026-03-18 10:20:05'),
(279, 10, 33, '2025-11-18 09:00:00', 'received', 1500, 'PO-2025-1340', 'Stock received from supplier', 2, '2026-03-18 10:20:05'),
(280, 10, 33, '2025-11-27 00:00:00', 'dispensed', -132, 'RX-20251127-252', 'Dispensed to patients', 1, '2026-03-18 10:20:05'),
(281, 10, 33, '2025-12-16 00:00:00', 'dispensed', -149, 'RX-20251216-653', 'Dispensed to patients', 1, '2026-03-18 10:20:05'),
(282, 10, 33, '2025-12-28 00:00:00', 'dispensed', -138, 'RX-20251228-368', 'Dispensed to patients', 2, '2026-03-18 10:20:05'),
(283, 10, 33, '2026-01-16 00:00:00', 'dispensed', -136, 'RX-20260116-640', 'Dispensed to patients', 1, '2026-03-18 10:20:05'),
(284, 10, 33, '2026-01-28 00:00:00', 'dispensed', -143, 'RX-20260128-899', 'Dispensed to patients', 2, '2026-03-18 10:20:05'),
(285, 10, 33, '2026-02-01 00:00:00', 'dispensed', -130, 'RX-20260201-526', 'Dispensed to patients', 3, '2026-03-18 10:20:05'),
(286, 10, 33, '2026-02-06 00:00:00', 'dispensed', -146, 'RX-20260206-806', 'Dispensed to patients', 1, '2026-03-18 10:20:05'),
(287, 10, 33, '2026-02-14 00:00:00', 'dispensed', -141, 'RX-20260214-579', 'Dispensed to patients', 3, '2026-03-18 10:20:05'),
(288, 10, 34, '2025-08-18 09:00:00', 'received', 1500, 'PO-2025-7270', 'Stock received from supplier', 3, '2026-03-18 10:20:05'),
(289, 10, 34, '2025-09-03 00:00:00', 'dispensed', -89, 'RX-20250903-534', 'Dispensed to patients', 2, '2026-03-18 10:20:05'),
(290, 10, 34, '2025-09-22 00:00:00', 'dispensed', -84, 'RX-20250922-841', 'Dispensed to patients', 1, '2026-03-18 10:20:05'),
(291, 10, 34, '2025-10-02 00:00:00', 'dispensed', -86, 'RX-20251002-395', 'Dispensed to patients', 3, '2026-03-18 10:20:05'),
(292, 10, 34, '2025-10-12 00:00:00', 'dispensed', -70, 'RX-20251012-281', 'Dispensed to patients', 1, '2026-03-18 10:20:05'),
(293, 10, 34, '2025-10-27 00:00:00', 'dispensed', -78, 'RX-20251027-772', 'Dispensed to patients', 2, '2026-03-18 10:20:05'),
(294, 10, 34, '2025-11-04 00:00:00', 'dispensed', -73, 'RX-20251104-673', 'Dispensed to patients', 1, '2026-03-18 10:20:05'),
(295, 10, 34, '2025-11-18 00:00:00', 'dispensed', -82, 'RX-20251118-329', 'Dispensed to patients', 3, '2026-03-18 10:20:05'),
(296, 10, 34, '2025-12-08 00:00:00', 'dispensed', -74, 'RX-20251208-613', 'Dispensed to patients', 1, '2026-03-18 10:20:05'),
(297, 10, 34, '2025-12-16 00:00:00', 'dispensed', -80, 'RX-20251216-140', 'Dispensed to patients', 1, '2026-03-18 10:20:05'),
(298, 10, 34, '2025-12-31 00:00:00', 'dispensed', -70, 'RX-20251231-630', 'Dispensed to patients', 1, '2026-03-18 10:20:05'),
(299, 10, 34, '2026-01-15 00:00:00', 'dispensed', -72, 'RX-20260115-587', 'Dispensed to patients', 1, '2026-03-18 10:20:05'),
(300, 10, 34, '2026-01-25 00:00:00', 'dispensed', -69, 'RX-20260125-185', 'Dispensed to patients', 2, '2026-03-18 10:20:05'),
(301, 10, 34, '2026-02-08 00:00:00', 'dispensed', -78, 'RX-20260208-169', 'Dispensed to patients', 2, '2026-03-18 10:20:05'),
(302, 11, 35, '2026-02-18 09:00:00', 'received', 900, 'PO-2026-3157', 'Stock received from supplier', 1, '2026-03-18 10:20:05'),
(303, 11, 35, '2026-02-22 00:00:00', 'dispensed', -73, 'RX-20260222-505', 'Dispensed to patients', 1, '2026-03-18 10:20:05'),
(304, 11, 35, '2026-03-08 00:00:00', 'dispensed', -87, 'RX-20260308-948', 'Dispensed to patients', 1, '2026-03-18 10:20:05'),
(305, 11, 35, '2026-03-13 00:00:00', 'dispensed', -79, 'RX-20260313-478', 'Dispensed to patients', 1, '2026-03-18 10:20:05'),
(306, 11, 36, '2025-11-18 09:00:00', 'received', 900, 'PO-2025-7831', 'Stock received from supplier', 2, '2026-03-18 10:20:05'),
(307, 11, 36, '2025-11-30 00:00:00', 'dispensed', -46, 'RX-20251130-454', 'Dispensed to patients', 2, '2026-03-18 10:20:05'),
(308, 11, 36, '2025-12-16 00:00:00', 'dispensed', -48, 'RX-20251216-301', 'Dispensed to patients', 2, '2026-03-18 10:20:05'),
(309, 11, 36, '2025-12-24 00:00:00', 'dispensed', -49, 'RX-20251224-872', 'Dispensed to patients', 2, '2026-03-18 10:20:05'),
(310, 11, 36, '2026-01-09 00:00:00', 'dispensed', -57, 'RX-20260109-162', 'Dispensed to patients', 2, '2026-03-18 10:20:05'),
(311, 11, 36, '2026-01-19 00:00:00', 'dispensed', -57, 'RX-20260119-997', 'Dispensed to patients', 3, '2026-03-18 10:20:05'),
(312, 11, 36, '2026-01-22 00:00:00', 'dispensed', -52, 'RX-20260122-765', 'Dispensed to patients', 3, '2026-03-18 10:20:05'),
(313, 11, 36, '2026-01-28 00:00:00', 'dispensed', -48, 'RX-20260128-779', 'Dispensed to patients', 2, '2026-03-18 10:20:05'),
(314, 11, 36, '2026-02-03 00:00:00', 'dispensed', -52, 'RX-20260203-538', 'Dispensed to patients', 1, '2026-03-18 10:20:05'),
(315, 11, 36, '2026-02-12 00:00:00', 'dispensed', -51, 'RX-20260212-891', 'Dispensed to patients', 2, '2026-03-18 10:20:05'),
(316, 11, 36, '2026-02-28 00:00:00', 'dispensed', -49, 'RX-20260228-173', 'Dispensed to patients', 1, '2026-03-18 10:20:05'),
(317, 11, 36, '2026-03-04 00:00:00', 'dispensed', -62, 'RX-20260304-102', 'Dispensed to patients', 1, '2026-03-18 10:20:05'),
(318, 11, 36, '2026-03-18 00:00:00', 'dispensed', -59, 'RX-20260318-168', 'Dispensed to patients', 1, '2026-03-18 10:20:05'),
(319, 12, 37, '2025-07-18 09:00:00', 'received', 1000, 'PO-2025-2703', 'Stock received from supplier', 3, '2026-03-18 10:20:05'),
(320, 12, 37, '2025-08-06 00:00:00', 'dispensed', -63, 'RX-20250806-648', 'Dispensed to patients', 1, '2026-03-18 10:20:05'),
(321, 12, 37, '2025-08-13 00:00:00', 'dispensed', -63, 'RX-20250813-778', 'Dispensed to patients', 3, '2026-03-18 10:20:05'),
(322, 12, 37, '2025-09-02 00:00:00', 'dispensed', -51, 'RX-20250902-648', 'Dispensed to patients', 2, '2026-03-18 10:20:05'),
(323, 12, 37, '2025-09-16 00:00:00', 'dispensed', -53, 'RX-20250916-168', 'Dispensed to patients', 2, '2026-03-18 10:20:05'),
(324, 12, 37, '2025-09-19 00:00:00', 'dispensed', -59, 'RX-20250919-834', 'Dispensed to patients', 3, '2026-03-18 10:20:05'),
(325, 12, 37, '2025-10-04 00:00:00', 'dispensed', -63, 'RX-20251004-981', 'Dispensed to patients', 1, '2026-03-18 10:20:05'),
(326, 12, 37, '2025-10-21 00:00:00', 'dispensed', -60, 'RX-20251021-739', 'Dispensed to patients', 3, '2026-03-18 10:20:05'),
(327, 12, 37, '2025-11-02 00:00:00', 'dispensed', -58, 'RX-20251102-754', 'Dispensed to patients', 2, '2026-03-18 10:20:05'),
(328, 12, 37, '2025-11-19 00:00:00', 'dispensed', -56, 'RX-20251119-818', 'Dispensed to patients', 1, '2026-03-18 10:20:05'),
(329, 12, 37, '2025-12-07 00:00:00', 'dispensed', -58, 'RX-20251207-348', 'Dispensed to patients', 2, '2026-03-18 10:20:05'),
(330, 12, 37, '2025-12-23 00:00:00', 'dispensed', -55, 'RX-20251223-468', 'Dispensed to patients', 3, '2026-03-18 10:20:05'),
(331, 12, 38, '2025-10-18 09:00:00', 'received', 1250, 'PO-2025-8445', 'Stock received from supplier', 1, '2026-03-18 10:20:05'),
(332, 12, 38, '2025-10-29 00:00:00', 'dispensed', -111, 'RX-20251029-106', 'Dispensed to patients', 2, '2026-03-18 10:20:05'),
(333, 12, 38, '2025-11-15 00:00:00', 'dispensed', -120, 'RX-20251115-740', 'Dispensed to patients', 1, '2026-03-18 10:20:05'),
(334, 12, 38, '2025-11-27 00:00:00', 'dispensed', -125, 'RX-20251127-384', 'Dispensed to patients', 3, '2026-03-18 10:20:05'),
(335, 12, 38, '2025-12-14 00:00:00', 'dispensed', -121, 'RX-20251214-709', 'Dispensed to patients', 1, '2026-03-18 10:20:05'),
(336, 12, 38, '2025-12-24 00:00:00', 'dispensed', -111, 'RX-20251224-829', 'Dispensed to patients', 1, '2026-03-18 10:20:05'),
(337, 12, 38, '2026-01-03 00:00:00', 'dispensed', -115, 'RX-20260103-917', 'Dispensed to patients', 2, '2026-03-18 10:20:05'),
(338, 12, 38, '2026-01-23 00:00:00', 'dispensed', -110, 'RX-20260123-891', 'Dispensed to patients', 3, '2026-03-18 10:20:05'),
(339, 12, 39, '2026-01-18 09:00:00', 'received', 1000, 'PO-2026-8569', 'Stock received from supplier', 1, '2026-03-18 10:20:05'),
(340, 12, 39, '2026-01-31 00:00:00', 'dispensed', -76, 'RX-20260131-231', 'Dispensed to patients', 2, '2026-03-18 10:20:05'),
(341, 12, 39, '2026-02-19 00:00:00', 'dispensed', -76, 'RX-20260219-215', 'Dispensed to patients', 2, '2026-03-18 10:20:05'),
(342, 12, 39, '2026-02-25 00:00:00', 'dispensed', -81, 'RX-20260225-702', 'Dispensed to patients', 1, '2026-03-18 10:20:05'),
(343, 12, 39, '2026-03-14 00:00:00', 'dispensed', -80, 'RX-20260314-944', 'Dispensed to patients', 3, '2026-03-18 10:20:05'),
(344, 12, 40, '2025-12-18 09:00:00', 'received', 750, 'PO-2025-1749', 'Stock received from supplier', 3, '2026-03-18 10:20:05'),
(345, 12, 40, '2026-01-06 00:00:00', 'dispensed', -49, 'RX-20260106-319', 'Dispensed to patients', 2, '2026-03-18 10:20:05'),
(346, 12, 40, '2026-01-15 00:00:00', 'dispensed', -38, 'RX-20260115-404', 'Dispensed to patients', 3, '2026-03-18 10:20:05'),
(347, 12, 40, '2026-01-26 00:00:00', 'dispensed', -42, 'RX-20260126-913', 'Dispensed to patients', 1, '2026-03-18 10:20:05'),
(348, 12, 40, '2026-02-09 00:00:00', 'dispensed', -37, 'RX-20260209-698', 'Dispensed to patients', 3, '2026-03-18 10:20:05'),
(349, 12, 40, '2026-02-20 00:00:00', 'dispensed', -32, 'RX-20260220-876', 'Dispensed to patients', 2, '2026-03-18 10:20:05'),
(350, 12, 40, '2026-02-23 00:00:00', 'dispensed', -43, 'RX-20260223-371', 'Dispensed to patients', 2, '2026-03-18 10:20:05'),
(351, 12, 40, '2026-03-05 00:00:00', 'dispensed', -45, 'RX-20260305-878', 'Dispensed to patients', 3, '2026-03-18 10:20:05'),
(352, 12, 40, '2026-03-08 00:00:00', 'dispensed', -34, 'RX-20260308-745', 'Dispensed to patients', 3, '2026-03-18 10:20:05'),
(353, 12, 40, '2026-03-14 00:00:00', 'dispensed', -33, 'RX-20260314-979', 'Dispensed to patients', 1, '2026-03-18 10:20:05'),
(354, 13, 41, '2025-08-18 09:00:00', 'received', 1000, 'PO-2025-7092', 'Stock received from supplier', 2, '2026-03-18 10:20:05'),
(355, 13, 41, '2025-09-04 00:00:00', 'dispensed', -56, 'RX-20250904-428', 'Dispensed to patients', 3, '2026-03-18 10:20:05'),
(356, 13, 41, '2025-09-20 00:00:00', 'dispensed', -54, 'RX-20250920-431', 'Dispensed to patients', 3, '2026-03-18 10:20:05'),
(357, 13, 41, '2025-10-01 00:00:00', 'dispensed', -52, 'RX-20251001-326', 'Dispensed to patients', 1, '2026-03-18 10:20:05'),
(358, 13, 41, '2025-10-11 00:00:00', 'dispensed', -63, 'RX-20251011-359', 'Dispensed to patients', 3, '2026-03-18 10:20:05'),
(359, 13, 41, '2025-10-22 00:00:00', 'dispensed', -62, 'RX-20251022-198', 'Dispensed to patients', 2, '2026-03-18 10:20:05'),
(360, 13, 41, '2025-11-06 00:00:00', 'dispensed', -63, 'RX-20251106-562', 'Dispensed to patients', 1, '2026-03-18 10:20:05'),
(361, 13, 41, '2025-11-14 00:00:00', 'dispensed', -66, 'RX-20251114-376', 'Dispensed to patients', 3, '2026-03-18 10:20:05'),
(362, 13, 41, '2025-11-25 00:00:00', 'dispensed', -67, 'RX-20251125-455', 'Dispensed to patients', 1, '2026-03-18 10:20:05'),
(363, 13, 41, '2025-12-04 00:00:00', 'dispensed', -50, 'RX-20251204-873', 'Dispensed to patients', 1, '2026-03-18 10:20:05'),
(364, 13, 41, '2025-12-17 00:00:00', 'dispensed', -52, 'RX-20251217-277', 'Dispensed to patients', 3, '2026-03-18 10:20:05'),
(365, 13, 41, '2025-12-25 00:00:00', 'dispensed', -47, 'RX-20251225-422', 'Dispensed to patients', 2, '2026-03-18 10:20:05'),
(366, 13, 41, '2025-12-28 00:00:00', 'dispensed', -56, 'RX-20251228-205', 'Dispensed to patients', 2, '2026-03-18 10:20:05'),
(367, 13, 41, '2026-01-01 00:00:00', 'dispensed', -48, 'RX-20260101-350', 'Dispensed to patients', 3, '2026-03-18 10:20:05'),
(368, 13, 41, '2026-01-11 00:00:00', 'dispensed', -64, 'RX-20260111-581', 'Dispensed to patients', 2, '2026-03-18 10:20:05'),
(369, 13, 42, '2025-12-18 09:00:00', 'received', 600, 'PO-2025-8241', 'Stock received from supplier', 2, '2026-03-18 10:20:05'),
(370, 13, 42, '2025-12-31 00:00:00', 'dispensed', -75, 'RX-20251231-311', 'Dispensed to patients', 3, '2026-03-18 10:20:05'),
(371, 13, 42, '2026-01-10 00:00:00', 'dispensed', -66, 'RX-20260110-322', 'Dispensed to patients', 2, '2026-03-18 10:20:05'),
(372, 13, 42, '2026-01-15 00:00:00', 'dispensed', -66, 'RX-20260115-573', 'Dispensed to patients', 3, '2026-03-18 10:20:05'),
(373, 13, 42, '2026-01-30 00:00:00', 'dispensed', -70, 'RX-20260130-923', 'Dispensed to patients', 3, '2026-03-18 10:20:05'),
(374, 13, 42, '2026-02-10 00:00:00', 'dispensed', -71, 'RX-20260210-540', 'Dispensed to patients', 3, '2026-03-18 10:20:05'),
(375, 13, 42, '2026-02-17 00:00:00', 'dispensed', -79, 'RX-20260217-612', 'Dispensed to patients', 2, '2026-03-18 10:20:05'),
(376, 13, 43, '2025-08-18 09:00:00', 'received', 400, 'PO-2025-8767', 'Stock received from supplier', 2, '2026-03-18 10:20:05'),
(377, 13, 43, '2025-08-28 00:00:00', 'dispensed', -26, 'RX-20250828-242', 'Dispensed to patients', 3, '2026-03-18 10:20:06'),
(378, 13, 43, '2025-09-14 00:00:00', 'dispensed', -23, 'RX-20250914-549', 'Dispensed to patients', 1, '2026-03-18 10:20:06'),
(379, 13, 43, '2025-09-18 00:00:00', 'dispensed', -31, 'RX-20250918-638', 'Dispensed to patients', 1, '2026-03-18 10:20:06'),
(380, 13, 43, '2025-09-25 00:00:00', 'dispensed', -12, 'RX-20250925-991', 'Dispensed to patients', 2, '2026-03-18 10:20:06'),
(381, 13, 43, '2025-10-04 00:00:00', 'dispensed', -19, 'RX-20251004-923', 'Dispensed to patients', 1, '2026-03-18 10:20:06'),
(382, 13, 43, '2025-10-24 00:00:00', 'dispensed', -31, 'RX-20251024-722', 'Dispensed to patients', 3, '2026-03-18 10:20:06'),
(383, 13, 43, '2025-10-27 00:00:00', 'dispensed', -15, 'RX-20251027-866', 'Dispensed to patients', 3, '2026-03-18 10:20:06'),
(384, 13, 43, '2025-11-05 00:00:00', 'dispensed', -24, 'RX-20251105-240', 'Dispensed to patients', 3, '2026-03-18 10:20:06'),
(385, 13, 43, '2025-11-11 00:00:00', 'dispensed', -20, 'RX-20251111-889', 'Dispensed to patients', 2, '2026-03-18 10:20:06'),
(386, 13, 43, '2025-11-15 00:00:00', 'dispensed', -19, 'RX-20251115-261', 'Dispensed to patients', 2, '2026-03-18 10:20:06'),
(387, 13, 43, '2025-11-25 00:00:00', 'dispensed', -29, 'RX-20251125-329', 'Dispensed to patients', 2, '2026-03-18 10:20:06'),
(388, 13, 43, '2025-12-11 00:00:00', 'dispensed', -31, 'RX-20251211-455', 'Dispensed to patients', 3, '2026-03-18 10:20:06'),
(389, 13, 43, '2025-12-22 00:00:00', 'dispensed', -26, 'RX-20251222-178', 'Dispensed to patients', 1, '2026-03-18 10:20:06'),
(390, 13, 43, '2025-12-30 00:00:00', 'dispensed', -24, 'RX-20251230-244', 'Dispensed to patients', 1, '2026-03-18 10:20:06'),
(391, 14, 44, '2026-02-18 09:00:00', 'received', 1200, 'PO-2026-2650', 'Stock received from supplier', 3, '2026-03-18 10:20:06'),
(392, 14, 44, '2026-02-23 00:00:00', 'dispensed', -107, 'RX-20260223-223', 'Dispensed to patients', 2, '2026-03-18 10:20:06'),
(393, 14, 44, '2026-03-01 00:00:00', 'dispensed', -92, 'RX-20260301-737', 'Dispensed to patients', 3, '2026-03-18 10:20:06'),
(394, 14, 44, '2026-03-13 00:00:00', 'dispensed', -103, 'RX-20260313-977', 'Dispensed to patients', 3, '2026-03-18 10:20:06'),
(395, 14, 45, '2025-10-18 09:00:00', 'received', 1200, 'PO-2025-1824', 'Stock received from supplier', 3, '2026-03-18 10:20:06'),
(396, 14, 45, '2025-10-23 00:00:00', 'dispensed', -153, 'RX-20251023-931', 'Dispensed to patients', 3, '2026-03-18 10:20:06'),
(397, 14, 45, '2025-11-03 00:00:00', 'dispensed', -147, 'RX-20251103-466', 'Dispensed to patients', 2, '2026-03-18 10:20:06'),
(398, 14, 45, '2025-11-19 00:00:00', 'dispensed', -139, 'RX-20251119-379', 'Dispensed to patients', 2, '2026-03-18 10:20:06'),
(399, 14, 45, '2025-11-25 00:00:00', 'dispensed', -155, 'RX-20251125-410', 'Dispensed to patients', 2, '2026-03-18 10:20:06'),
(400, 14, 45, '2025-12-10 00:00:00', 'dispensed', -150, 'RX-20251210-392', 'Dispensed to patients', 1, '2026-03-18 10:20:06'),
(401, 14, 45, '2025-12-30 00:00:00', 'dispensed', -156, 'RX-20251230-491', 'Dispensed to patients', 1, '2026-03-18 10:20:06'),
(402, 14, 45, '2026-01-08 00:00:00', 'dispensed', -150, 'RX-20260108-481', 'Dispensed to patients', 1, '2026-03-18 10:20:06'),
(403, 15, 46, '2025-12-18 09:00:00', 'received', 900, 'PO-2025-6912', 'Stock received from supplier', 3, '2026-03-18 10:20:06');
INSERT INTO `medicine_transactions` (`id`, `medicine_id`, `batch_id`, `transaction_datetime`, `transaction_type`, `quantity`, `reference`, `notes`, `recorded_by`, `created_at`) VALUES
(404, 15, 46, '2026-01-04 00:00:00', 'dispensed', -40, 'RX-20260104-184', 'Dispensed to patients', 2, '2026-03-18 10:20:06'),
(405, 15, 46, '2026-01-24 00:00:00', 'dispensed', -55, 'RX-20260124-379', 'Dispensed to patients', 2, '2026-03-18 10:20:06'),
(406, 15, 46, '2026-02-04 00:00:00', 'dispensed', -51, 'RX-20260204-408', 'Dispensed to patients', 2, '2026-03-18 10:20:06'),
(407, 15, 46, '2026-02-09 00:00:00', 'dispensed', -54, 'RX-20260209-554', 'Dispensed to patients', 3, '2026-03-18 10:20:06'),
(408, 15, 46, '2026-02-14 00:00:00', 'dispensed', -46, 'RX-20260214-917', 'Dispensed to patients', 1, '2026-03-18 10:20:06'),
(409, 15, 46, '2026-02-27 00:00:00', 'dispensed', -44, 'RX-20260227-156', 'Dispensed to patients', 2, '2026-03-18 10:20:06'),
(410, 15, 46, '2026-03-02 00:00:00', 'dispensed', -55, 'RX-20260302-738', 'Dispensed to patients', 2, '2026-03-18 10:20:06'),
(411, 15, 46, '2026-03-16 00:00:00', 'dispensed', -39, 'RX-20260316-715', 'Dispensed to patients', 3, '2026-03-18 10:20:06'),
(412, 15, 46, '2026-03-31 00:00:00', 'returned', 6, 'RETURNED-8313', 'Returned unused medication', 3, '2026-03-18 10:20:06'),
(413, 15, 47, '2025-03-18 09:00:00', 'received', 1500, 'PO-2025-2371', 'Stock received from supplier', 1, '2026-03-18 10:20:06'),
(414, 15, 47, '2025-04-05 00:00:00', 'dispensed', -75, 'RX-20250405-103', 'Dispensed to patients', 2, '2026-03-18 10:20:06'),
(415, 15, 47, '2025-04-22 00:00:00', 'dispensed', -77, 'RX-20250422-772', 'Dispensed to patients', 2, '2026-03-18 10:20:06'),
(416, 15, 47, '2025-05-01 00:00:00', 'dispensed', -85, 'RX-20250501-137', 'Dispensed to patients', 2, '2026-03-18 10:20:06'),
(417, 15, 47, '2025-05-11 00:00:00', 'dispensed', -84, 'RX-20250511-862', 'Dispensed to patients', 3, '2026-03-18 10:20:06'),
(418, 15, 47, '2025-05-26 00:00:00', 'dispensed', -83, 'RX-20250526-365', 'Dispensed to patients', 3, '2026-03-18 10:20:06'),
(419, 15, 47, '2025-06-10 00:00:00', 'dispensed', -92, 'RX-20250610-997', 'Dispensed to patients', 3, '2026-03-18 10:20:06'),
(420, 15, 47, '2025-06-30 00:00:00', 'dispensed', -79, 'RX-20250630-716', 'Dispensed to patients', 3, '2026-03-18 10:20:06'),
(421, 15, 47, '2025-07-19 00:00:00', 'dispensed', -82, 'RX-20250719-548', 'Dispensed to patients', 1, '2026-03-18 10:20:06'),
(422, 15, 47, '2025-07-26 00:00:00', 'dispensed', -76, 'RX-20250726-217', 'Dispensed to patients', 1, '2026-03-18 10:20:06'),
(423, 15, 47, '2025-08-02 00:00:00', 'dispensed', -91, 'RX-20250802-807', 'Dispensed to patients', 1, '2026-03-18 10:20:06'),
(424, 15, 47, '2025-08-06 00:00:00', 'dispensed', -81, 'RX-20250806-320', 'Dispensed to patients', 2, '2026-03-18 10:20:06'),
(425, 15, 47, '2025-08-20 00:00:00', 'dispensed', -91, 'RX-20250820-721', 'Dispensed to patients', 3, '2026-03-18 10:20:06'),
(426, 15, 47, '2025-08-31 00:00:00', 'dispensed', -88, 'RX-20250831-115', 'Dispensed to patients', 2, '2026-03-18 10:20:06'),
(427, 15, 48, '2025-10-18 09:00:00', 'received', 1200, 'PO-2025-5922', 'Stock received from supplier', 3, '2026-03-18 10:20:06'),
(428, 15, 48, '2025-10-29 00:00:00', 'dispensed', -66, 'RX-20251029-520', 'Dispensed to patients', 3, '2026-03-18 10:20:06'),
(429, 15, 48, '2025-11-01 00:00:00', 'dispensed', -59, 'RX-20251101-547', 'Dispensed to patients', 2, '2026-03-18 10:20:06'),
(430, 15, 48, '2025-11-13 00:00:00', 'dispensed', -66, 'RX-20251113-913', 'Dispensed to patients', 3, '2026-03-18 10:20:06'),
(431, 15, 48, '2025-11-25 00:00:00', 'dispensed', -62, 'RX-20251125-557', 'Dispensed to patients', 3, '2026-03-18 10:20:06'),
(432, 15, 48, '2025-12-08 00:00:00', 'dispensed', -71, 'RX-20251208-549', 'Dispensed to patients', 2, '2026-03-18 10:20:06'),
(433, 15, 48, '2025-12-20 00:00:00', 'dispensed', -60, 'RX-20251220-273', 'Dispensed to patients', 3, '2026-03-18 10:20:06'),
(434, 15, 48, '2026-01-04 00:00:00', 'dispensed', -60, 'RX-20260104-539', 'Dispensed to patients', 2, '2026-03-18 10:20:06'),
(435, 15, 48, '2026-01-07 00:00:00', 'dispensed', -77, 'RX-20260107-363', 'Dispensed to patients', 2, '2026-03-18 10:20:06'),
(436, 15, 48, '2026-01-10 00:00:00', 'dispensed', -62, 'RX-20260110-703', 'Dispensed to patients', 3, '2026-03-18 10:20:06'),
(437, 15, 48, '2026-01-23 00:00:00', 'dispensed', -77, 'RX-20260123-905', 'Dispensed to patients', 1, '2026-03-18 10:20:06'),
(438, 15, 48, '2026-01-29 00:00:00', 'dispensed', -77, 'RX-20260129-496', 'Dispensed to patients', 3, '2026-03-18 10:20:06'),
(439, 15, 48, '2026-02-10 00:00:00', 'dispensed', -66, 'RX-20260210-363', 'Dispensed to patients', 3, '2026-03-18 10:20:06'),
(440, 15, 48, '2026-02-15 00:00:00', 'dispensed', -63, 'RX-20260215-134', 'Dispensed to patients', 3, '2026-03-18 10:20:06'),
(441, 15, 49, '2025-10-18 09:00:00', 'received', 600, 'PO-2025-9886', 'Stock received from supplier', 1, '2026-03-18 10:20:06'),
(442, 15, 49, '2025-10-30 00:00:00', 'dispensed', -30, 'RX-20251030-828', 'Dispensed to patients', 1, '2026-03-18 10:20:06'),
(443, 15, 49, '2025-11-17 00:00:00', 'dispensed', -30, 'RX-20251117-222', 'Dispensed to patients', 2, '2026-03-18 10:20:06'),
(444, 15, 49, '2025-12-04 00:00:00', 'dispensed', -29, 'RX-20251204-471', 'Dispensed to patients', 2, '2026-03-18 10:20:06'),
(445, 15, 49, '2025-12-22 00:00:00', 'dispensed', -36, 'RX-20251222-358', 'Dispensed to patients', 2, '2026-03-18 10:20:06'),
(446, 15, 49, '2025-12-31 00:00:00', 'dispensed', -28, 'RX-20251231-586', 'Dispensed to patients', 3, '2026-03-18 10:20:06'),
(447, 15, 49, '2026-01-19 00:00:00', 'dispensed', -35, 'RX-20260119-340', 'Dispensed to patients', 3, '2026-03-18 10:20:06'),
(448, 15, 49, '2026-01-25 00:00:00', 'dispensed', -34, 'RX-20260125-414', 'Dispensed to patients', 1, '2026-03-18 10:20:06'),
(449, 15, 49, '2026-02-01 00:00:00', 'dispensed', -39, 'RX-20260201-771', 'Dispensed to patients', 3, '2026-03-18 10:20:06'),
(450, 15, 49, '2026-02-05 00:00:00', 'dispensed', -33, 'RX-20260205-627', 'Dispensed to patients', 3, '2026-03-18 10:20:06'),
(451, 15, 49, '2026-02-16 00:00:00', 'dispensed', -44, 'RX-20260216-685', 'Dispensed to patients', 1, '2026-03-18 10:20:06'),
(452, 15, 49, '2026-02-24 00:00:00', 'dispensed', -29, 'RX-20260224-528', 'Dispensed to patients', 1, '2026-03-18 10:20:06'),
(453, 16, 50, '2025-03-18 09:00:00', 'received', 800, 'PO-2025-2142', 'Stock received from supplier', 1, '2026-03-18 10:20:06'),
(454, 16, 50, '2025-04-04 00:00:00', 'dispensed', -53, 'RX-20250404-891', 'Dispensed to patients', 1, '2026-03-18 10:20:06'),
(455, 16, 50, '2025-04-12 00:00:00', 'dispensed', -44, 'RX-20250412-383', 'Dispensed to patients', 2, '2026-03-18 10:20:06'),
(456, 16, 50, '2025-04-18 00:00:00', 'dispensed', -43, 'RX-20250418-584', 'Dispensed to patients', 3, '2026-03-18 10:20:06'),
(457, 16, 50, '2025-04-27 00:00:00', 'dispensed', -48, 'RX-20250427-264', 'Dispensed to patients', 1, '2026-03-18 10:20:06'),
(458, 16, 50, '2025-05-05 00:00:00', 'dispensed', -49, 'RX-20250505-114', 'Dispensed to patients', 2, '2026-03-18 10:20:06'),
(459, 16, 50, '2025-05-09 00:00:00', 'dispensed', -50, 'RX-20250509-699', 'Dispensed to patients', 2, '2026-03-18 10:20:06'),
(460, 16, 50, '2025-05-26 00:00:00', 'dispensed', -49, 'RX-20250526-169', 'Dispensed to patients', 1, '2026-03-18 10:20:06'),
(461, 16, 50, '2025-06-03 00:00:00', 'dispensed', -41, 'RX-20250603-684', 'Dispensed to patients', 3, '2026-03-18 10:20:06'),
(462, 16, 50, '2025-06-20 00:00:00', 'dispensed', -36, 'RX-20250620-458', 'Dispensed to patients', 2, '2026-03-18 10:20:06'),
(463, 16, 50, '2025-06-28 00:00:00', 'dispensed', -51, 'RX-20250628-423', 'Dispensed to patients', 3, '2026-03-18 10:20:06'),
(464, 16, 50, '2025-07-01 00:00:00', 'dispensed', -53, 'RX-20250701-777', 'Dispensed to patients', 1, '2026-03-18 10:20:06'),
(465, 16, 50, '2025-07-16 00:00:00', 'dispensed', -46, 'RX-20250716-588', 'Dispensed to patients', 3, '2026-03-18 10:20:06'),
(466, 16, 50, '2025-08-04 00:00:00', 'dispensed', -49, 'RX-20250804-395', 'Dispensed to patients', 1, '2026-03-18 10:20:06'),
(467, 16, 50, '2025-08-04 00:00:00', 'adjustment', -9, 'ADJUSTMENT-8303', 'Stock adjustment - inventory count', 1, '2026-03-18 10:20:06'),
(468, 16, 51, '2025-07-18 09:00:00', 'received', 600, 'PO-2025-2039', 'Stock received from supplier', 3, '2026-03-18 10:20:06'),
(469, 16, 51, '2025-07-21 00:00:00', 'dispensed', -69, 'RX-20250721-320', 'Dispensed to patients', 3, '2026-03-18 10:20:06'),
(470, 16, 51, '2025-08-02 00:00:00', 'dispensed', -54, 'RX-20250802-639', 'Dispensed to patients', 2, '2026-03-18 10:20:06'),
(471, 16, 51, '2025-08-21 00:00:00', 'dispensed', -72, 'RX-20250821-113', 'Dispensed to patients', 3, '2026-03-18 10:20:06'),
(472, 16, 51, '2025-09-03 00:00:00', 'dispensed', -68, 'RX-20250903-909', 'Dispensed to patients', 3, '2026-03-18 10:20:06'),
(473, 16, 51, '2025-09-20 00:00:00', 'dispensed', -73, 'RX-20250920-983', 'Dispensed to patients', 1, '2026-03-18 10:20:06'),
(474, 16, 51, '2025-09-26 00:00:00', 'dispensed', -72, 'RX-20250926-514', 'Dispensed to patients', 2, '2026-03-18 10:20:06'),
(475, 16, 52, '2025-09-18 09:00:00', 'received', 600, 'PO-2025-5722', 'Stock received from supplier', 2, '2026-03-18 10:20:06'),
(476, 16, 52, '2025-10-08 00:00:00', 'dispensed', -35, 'RX-20251008-703', 'Dispensed to patients', 2, '2026-03-18 10:20:06'),
(477, 16, 52, '2025-10-19 00:00:00', 'dispensed', -24, 'RX-20251019-841', 'Dispensed to patients', 1, '2026-03-18 10:20:06'),
(478, 16, 52, '2025-10-23 00:00:00', 'dispensed', -31, 'RX-20251023-323', 'Dispensed to patients', 3, '2026-03-18 10:20:06'),
(479, 16, 52, '2025-10-28 00:00:00', 'dispensed', -32, 'RX-20251028-825', 'Dispensed to patients', 3, '2026-03-18 10:20:06'),
(480, 16, 52, '2025-11-16 00:00:00', 'dispensed', -42, 'RX-20251116-131', 'Dispensed to patients', 2, '2026-03-18 10:20:06'),
(481, 16, 52, '2025-11-29 00:00:00', 'dispensed', -42, 'RX-20251129-753', 'Dispensed to patients', 1, '2026-03-18 10:20:06'),
(482, 16, 52, '2025-12-17 00:00:00', 'dispensed', -34, 'RX-20251217-806', 'Dispensed to patients', 3, '2026-03-18 10:20:06'),
(483, 16, 52, '2025-12-21 00:00:00', 'dispensed', -38, 'RX-20251221-997', 'Dispensed to patients', 3, '2026-03-18 10:20:06'),
(484, 16, 52, '2025-12-25 00:00:00', 'dispensed', -42, 'RX-20251225-205', 'Dispensed to patients', 1, '2026-03-18 10:20:06'),
(485, 16, 52, '2025-12-31 00:00:00', 'dispensed', -25, 'RX-20251231-524', 'Dispensed to patients', 1, '2026-03-18 10:20:06'),
(486, 16, 52, '2026-01-07 00:00:00', 'dispensed', -28, 'RX-20260107-788', 'Dispensed to patients', 3, '2026-03-18 10:20:06'),
(487, 16, 52, '2026-01-15 00:00:00', 'dispensed', -25, 'RX-20260115-191', 'Dispensed to patients', 1, '2026-03-18 10:20:06'),
(488, 16, 52, '2026-01-25 00:00:00', 'dispensed', -24, 'RX-20260125-157', 'Dispensed to patients', 2, '2026-03-18 10:20:06'),
(489, 16, 52, '2026-02-04 00:00:00', 'dispensed', -23, 'RX-20260204-537', 'Dispensed to patients', 1, '2026-03-18 10:20:06'),
(490, 17, 53, '2025-04-18 09:00:00', 'received', 2500, 'PO-2025-2411', 'Stock received from supplier', 3, '2026-03-18 10:20:06'),
(491, 17, 53, '2025-04-26 00:00:00', 'dispensed', -252, 'RX-20250426-578', 'Dispensed to patients', 3, '2026-03-18 10:20:06'),
(492, 17, 53, '2025-05-07 00:00:00', 'dispensed', -261, 'RX-20250507-722', 'Dispensed to patients', 1, '2026-03-18 10:20:06'),
(493, 17, 53, '2025-05-12 00:00:00', 'dispensed', -257, 'RX-20250512-759', 'Dispensed to patients', 3, '2026-03-18 10:20:06'),
(494, 17, 53, '2025-05-26 00:00:00', 'dispensed', -254, 'RX-20250526-463', 'Dispensed to patients', 1, '2026-03-18 10:20:06'),
(495, 17, 53, '2025-06-10 00:00:00', 'dispensed', -256, 'RX-20250610-961', 'Dispensed to patients', 1, '2026-03-18 10:20:06'),
(496, 17, 53, '2025-06-23 00:00:00', 'dispensed', -252, 'RX-20250623-513', 'Dispensed to patients', 2, '2026-03-18 10:20:06'),
(497, 17, 54, '2026-02-18 09:00:00', 'received', 1500, 'PO-2026-6661', 'Stock received from supplier', 2, '2026-03-18 10:20:06'),
(498, 17, 54, '2026-02-22 00:00:00', 'dispensed', -190, 'RX-20260222-192', 'Dispensed to patients', 2, '2026-03-18 10:20:06'),
(499, 17, 54, '2026-03-09 00:00:00', 'dispensed', -198, 'RX-20260309-182', 'Dispensed to patients', 1, '2026-03-18 10:20:06'),
(500, 18, 55, '2025-07-18 09:00:00', 'received', 900, 'PO-2025-8091', 'Stock received from supplier', 2, '2026-03-18 10:20:06'),
(501, 18, 55, '2025-08-01 00:00:00', 'dispensed', -96, 'RX-20250801-556', 'Dispensed to patients', 1, '2026-03-18 10:20:06'),
(502, 18, 55, '2025-08-07 00:00:00', 'dispensed', -99, 'RX-20250807-245', 'Dispensed to patients', 3, '2026-03-18 10:20:06'),
(503, 18, 55, '2025-08-15 00:00:00', 'dispensed', -111, 'RX-20250815-697', 'Dispensed to patients', 3, '2026-03-18 10:20:06'),
(504, 18, 55, '2025-08-26 00:00:00', 'dispensed', -101, 'RX-20250826-489', 'Dispensed to patients', 2, '2026-03-18 10:20:06'),
(505, 18, 55, '2025-09-15 00:00:00', 'dispensed', -111, 'RX-20250915-794', 'Dispensed to patients', 1, '2026-03-18 10:20:06'),
(506, 18, 55, '2025-09-24 00:00:00', 'dispensed', -114, 'RX-20250924-689', 'Dispensed to patients', 3, '2026-03-18 10:20:06'),
(507, 18, 55, '2025-10-04 00:00:00', 'dispensed', -110, 'RX-20251004-230', 'Dispensed to patients', 1, '2026-03-18 10:20:06'),
(508, 18, 56, '2025-11-18 09:00:00', 'received', 600, 'PO-2025-6284', 'Stock received from supplier', 2, '2026-03-18 10:20:06'),
(509, 18, 56, '2025-12-05 00:00:00', 'dispensed', -35, 'RX-20251205-729', 'Dispensed to patients', 2, '2026-03-18 10:20:06'),
(510, 18, 56, '2025-12-22 00:00:00', 'dispensed', -44, 'RX-20251222-243', 'Dispensed to patients', 2, '2026-03-18 10:20:06'),
(511, 18, 56, '2026-01-01 00:00:00', 'dispensed', -42, 'RX-20260101-559', 'Dispensed to patients', 2, '2026-03-18 10:20:06'),
(512, 18, 56, '2026-01-10 00:00:00', 'dispensed', -36, 'RX-20260110-737', 'Dispensed to patients', 3, '2026-03-18 10:20:06'),
(513, 18, 56, '2026-01-18 00:00:00', 'dispensed', -29, 'RX-20260118-954', 'Dispensed to patients', 2, '2026-03-18 10:20:06'),
(514, 18, 56, '2026-01-21 00:00:00', 'dispensed', -46, 'RX-20260121-712', 'Dispensed to patients', 1, '2026-03-18 10:20:06'),
(515, 18, 56, '2026-02-08 00:00:00', 'dispensed', -39, 'RX-20260208-873', 'Dispensed to patients', 2, '2026-03-18 10:20:06'),
(516, 18, 56, '2026-02-16 00:00:00', 'dispensed', -45, 'RX-20260216-240', 'Dispensed to patients', 3, '2026-03-18 10:20:06'),
(517, 18, 56, '2026-03-02 00:00:00', 'dispensed', -33, 'RX-20260302-523', 'Dispensed to patients', 3, '2026-03-18 10:20:06'),
(518, 18, 56, '2026-03-16 00:00:00', 'dispensed', -48, 'RX-20260316-634', 'Dispensed to patients', 2, '2026-03-18 10:20:06'),
(519, 18, 57, '2025-12-18 09:00:00', 'received', 600, 'PO-2025-3877', 'Stock received from supplier', 3, '2026-03-18 10:20:06'),
(520, 18, 57, '2025-12-23 00:00:00', 'dispensed', -36, 'RX-20251223-258', 'Dispensed to patients', 3, '2026-03-18 10:20:06'),
(521, 18, 57, '2026-01-08 00:00:00', 'dispensed', -44, 'RX-20260108-314', 'Dispensed to patients', 1, '2026-03-18 10:20:06'),
(522, 18, 57, '2026-01-17 00:00:00', 'dispensed', -38, 'RX-20260117-815', 'Dispensed to patients', 2, '2026-03-18 10:20:06'),
(523, 18, 57, '2026-02-06 00:00:00', 'dispensed', -45, 'RX-20260206-645', 'Dispensed to patients', 2, '2026-03-18 10:20:06'),
(524, 18, 57, '2026-02-22 00:00:00', 'dispensed', -40, 'RX-20260222-910', 'Dispensed to patients', 3, '2026-03-18 10:20:06'),
(525, 18, 57, '2026-03-07 00:00:00', 'dispensed', -41, 'RX-20260307-878', 'Dispensed to patients', 1, '2026-03-18 10:20:06'),
(526, 19, 58, '2025-09-18 09:00:00', 'received', 500, 'PO-2025-3202', 'Stock received from supplier', 2, '2026-03-18 10:20:06'),
(527, 19, 58, '2025-10-06 00:00:00', 'dispensed', -30, 'RX-20251006-794', 'Dispensed to patients', 3, '2026-03-18 10:20:06'),
(528, 19, 58, '2025-10-11 00:00:00', 'dispensed', -20, 'RX-20251011-989', 'Dispensed to patients', 2, '2026-03-18 10:20:06'),
(529, 19, 58, '2025-10-26 00:00:00', 'dispensed', -36, 'RX-20251026-409', 'Dispensed to patients', 3, '2026-03-18 10:20:06'),
(530, 19, 58, '2025-11-14 00:00:00', 'dispensed', -23, 'RX-20251114-318', 'Dispensed to patients', 2, '2026-03-18 10:20:06'),
(531, 19, 58, '2025-11-21 00:00:00', 'dispensed', -31, 'RX-20251121-996', 'Dispensed to patients', 2, '2026-03-18 10:20:06'),
(532, 19, 58, '2025-12-08 00:00:00', 'dispensed', -26, 'RX-20251208-430', 'Dispensed to patients', 1, '2026-03-18 10:20:06'),
(533, 19, 58, '2025-12-15 00:00:00', 'dispensed', -23, 'RX-20251215-380', 'Dispensed to patients', 3, '2026-03-18 10:20:06'),
(534, 19, 58, '2025-12-21 00:00:00', 'dispensed', -32, 'RX-20251221-289', 'Dispensed to patients', 2, '2026-03-18 10:20:06'),
(535, 19, 58, '2026-01-06 00:00:00', 'dispensed', -29, 'RX-20260106-378', 'Dispensed to patients', 3, '2026-03-18 10:20:06'),
(536, 19, 58, '2026-01-18 00:00:00', 'dispensed', -36, 'RX-20260118-712', 'Dispensed to patients', 1, '2026-03-18 10:20:06'),
(537, 19, 58, '2026-01-26 00:00:00', 'dispensed', -23, 'RX-20260126-468', 'Dispensed to patients', 3, '2026-03-18 10:20:06'),
(538, 19, 58, '2026-02-12 00:00:00', 'dispensed', -20, 'RX-20260212-712', 'Dispensed to patients', 3, '2026-03-18 10:20:06'),
(539, 19, 58, '2026-02-27 00:00:00', 'dispensed', -22, 'RX-20260227-621', 'Dispensed to patients', 2, '2026-03-18 10:20:06'),
(540, 19, 58, '2026-03-08 00:00:00', 'dispensed', -34, 'RX-20260308-245', 'Dispensed to patients', 1, '2026-03-18 10:20:06'),
(541, 19, 59, '2026-01-18 09:00:00', 'received', 750, 'PO-2026-4572', 'Stock received from supplier', 3, '2026-03-18 10:20:06'),
(542, 19, 59, '2026-02-01 00:00:00', 'dispensed', -56, 'RX-20260201-715', 'Dispensed to patients', 1, '2026-03-18 10:20:06'),
(543, 19, 59, '2026-02-08 00:00:00', 'dispensed', -59, 'RX-20260208-345', 'Dispensed to patients', 1, '2026-03-18 10:20:06'),
(544, 19, 59, '2026-02-22 00:00:00', 'dispensed', -58, 'RX-20260222-275', 'Dispensed to patients', 2, '2026-03-18 10:20:06'),
(545, 19, 59, '2026-03-06 00:00:00', 'dispensed', -60, 'RX-20260306-161', 'Dispensed to patients', 1, '2026-03-18 10:20:06'),
(546, 19, 59, '2026-03-16 00:00:00', 'dispensed', -53, 'RX-20260316-503', 'Dispensed to patients', 1, '2026-03-18 10:20:06'),
(547, 19, 60, '2025-05-18 09:00:00', 'received', 1000, 'PO-2025-4393', 'Stock received from supplier', 2, '2026-03-18 10:20:06'),
(548, 19, 60, '2025-05-28 00:00:00', 'dispensed', -65, 'RX-20250528-841', 'Dispensed to patients', 3, '2026-03-18 10:20:06'),
(549, 19, 60, '2025-06-01 00:00:00', 'dispensed', -68, 'RX-20250601-341', 'Dispensed to patients', 3, '2026-03-18 10:20:06'),
(550, 19, 60, '2025-06-05 00:00:00', 'dispensed', -74, 'RX-20250605-976', 'Dispensed to patients', 1, '2026-03-18 10:20:06'),
(551, 19, 60, '2025-06-24 00:00:00', 'dispensed', -67, 'RX-20250624-805', 'Dispensed to patients', 3, '2026-03-18 10:20:06'),
(552, 19, 60, '2025-07-05 00:00:00', 'dispensed', -69, 'RX-20250705-151', 'Dispensed to patients', 1, '2026-03-18 10:20:06'),
(553, 19, 60, '2025-07-10 00:00:00', 'dispensed', -80, 'RX-20250710-794', 'Dispensed to patients', 1, '2026-03-18 10:20:06'),
(554, 19, 60, '2025-07-15 00:00:00', 'dispensed', -70, 'RX-20250715-538', 'Dispensed to patients', 1, '2026-03-18 10:20:06'),
(555, 19, 60, '2025-07-25 00:00:00', 'dispensed', -79, 'RX-20250725-106', 'Dispensed to patients', 1, '2026-03-18 10:20:06'),
(556, 19, 60, '2025-08-03 00:00:00', 'dispensed', -77, 'RX-20250803-952', 'Dispensed to patients', 1, '2026-03-18 10:20:06'),
(557, 19, 60, '2025-08-17 00:00:00', 'dispensed', -63, 'RX-20250817-561', 'Dispensed to patients', 2, '2026-03-18 10:20:06'),
(558, 20, 61, '2025-09-18 09:00:00', 'received', 2000, 'PO-2025-9299', 'Stock received from supplier', 1, '2026-03-18 10:20:06'),
(559, 20, 61, '2025-09-26 00:00:00', 'dispensed', -146, 'RX-20250926-275', 'Dispensed to patients', 1, '2026-03-18 10:20:06'),
(560, 20, 61, '2025-10-15 00:00:00', 'dispensed', -149, 'RX-20251015-983', 'Dispensed to patients', 2, '2026-03-18 10:20:06'),
(561, 20, 61, '2025-10-27 00:00:00', 'dispensed', -145, 'RX-20251027-954', 'Dispensed to patients', 2, '2026-03-18 10:20:06'),
(562, 20, 61, '2025-11-09 00:00:00', 'dispensed', -138, 'RX-20251109-597', 'Dispensed to patients', 2, '2026-03-18 10:20:06'),
(563, 20, 61, '2025-11-27 00:00:00', 'dispensed', -153, 'RX-20251127-577', 'Dispensed to patients', 3, '2026-03-18 10:20:06'),
(564, 20, 61, '2025-12-01 00:00:00', 'dispensed', -153, 'RX-20251201-555', 'Dispensed to patients', 3, '2026-03-18 10:20:06'),
(565, 20, 61, '2025-12-13 00:00:00', 'dispensed', -153, 'RX-20251213-610', 'Dispensed to patients', 3, '2026-03-18 10:20:06'),
(566, 20, 61, '2025-12-25 00:00:00', 'dispensed', -149, 'RX-20251225-696', 'Dispensed to patients', 3, '2026-03-18 10:20:06'),
(567, 20, 61, '2026-01-02 00:00:00', 'dispensed', -138, 'RX-20260102-709', 'Dispensed to patients', 3, '2026-03-18 10:20:06'),
(568, 20, 61, '2026-01-14 00:00:00', 'dispensed', -140, 'RX-20260114-667', 'Dispensed to patients', 3, '2026-03-18 10:20:06'),
(569, 20, 62, '2026-01-18 09:00:00', 'received', 1200, 'PO-2026-8063', 'Stock received from supplier', 1, '2026-03-18 10:20:06'),
(570, 20, 62, '2026-01-23 00:00:00', 'dispensed', -93, 'RX-20260123-221', 'Dispensed to patients', 1, '2026-03-18 10:20:06'),
(571, 20, 62, '2026-02-05 00:00:00', 'dispensed', -92, 'RX-20260205-273', 'Dispensed to patients', 1, '2026-03-18 10:20:06'),
(572, 20, 62, '2026-02-21 00:00:00', 'dispensed', -93, 'RX-20260221-383', 'Dispensed to patients', 1, '2026-03-18 10:20:06'),
(573, 20, 62, '2026-03-03 00:00:00', 'dispensed', -81, 'RX-20260303-667', 'Dispensed to patients', 1, '2026-03-18 10:20:06'),
(574, 20, 63, '2025-08-18 09:00:00', 'received', 2000, 'PO-2025-2107', 'Stock received from supplier', 3, '2026-03-18 10:20:06'),
(575, 20, 63, '2025-08-25 00:00:00', 'dispensed', -238, 'RX-20250825-968', 'Dispensed to patients', 1, '2026-03-18 10:20:06'),
(576, 20, 63, '2025-09-09 00:00:00', 'dispensed', -235, 'RX-20250909-363', 'Dispensed to patients', 1, '2026-03-18 10:20:06'),
(577, 20, 63, '2025-09-28 00:00:00', 'dispensed', -227, 'RX-20250928-829', 'Dispensed to patients', 2, '2026-03-18 10:20:06'),
(578, 20, 63, '2025-10-05 00:00:00', 'dispensed', -233, 'RX-20251005-544', 'Dispensed to patients', 2, '2026-03-18 10:20:06'),
(579, 20, 63, '2025-10-21 00:00:00', 'dispensed', -224, 'RX-20251021-996', 'Dispensed to patients', 3, '2026-03-18 10:20:06'),
(580, 20, 63, '2025-11-08 00:00:00', 'dispensed', -233, 'RX-20251108-685', 'Dispensed to patients', 2, '2026-03-18 10:20:06'),
(581, 20, 63, '2025-11-20 00:00:00', 'dispensed', -231, 'RX-20251120-293', 'Dispensed to patients', 1, '2026-03-18 10:20:06'),
(582, 20, 64, '2026-01-18 09:00:00', 'received', 2000, 'PO-2026-2367', 'Stock received from supplier', 2, '2026-03-18 10:20:06'),
(583, 20, 64, '2026-01-30 00:00:00', 'dispensed', -159, 'RX-20260130-819', 'Dispensed to patients', 2, '2026-03-18 10:20:06'),
(584, 20, 64, '2026-02-17 00:00:00', 'dispensed', -158, 'RX-20260217-760', 'Dispensed to patients', 1, '2026-03-18 10:20:06'),
(585, 20, 64, '2026-03-06 00:00:00', 'dispensed', -142, 'RX-20260306-427', 'Dispensed to patients', 3, '2026-03-18 10:20:06'),
(586, 20, 64, '2026-03-23 00:00:00', 'adjustment', -9, 'ADJUSTMENT-7778', 'Stock adjustment - inventory count', 3, '2026-03-18 10:20:06'),
(587, 21, 65, '2025-09-18 09:00:00', 'received', 900, 'PO-2025-5488', 'Stock received from supplier', 1, '2026-03-18 10:20:06'),
(588, 21, 65, '2025-09-27 00:00:00', 'dispensed', -126, 'RX-20250927-302', 'Dispensed to patients', 3, '2026-03-18 10:20:06'),
(589, 21, 65, '2025-10-12 00:00:00', 'dispensed', -132, 'RX-20251012-249', 'Dispensed to patients', 2, '2026-03-18 10:20:06'),
(590, 21, 65, '2025-10-18 00:00:00', 'dispensed', -130, 'RX-20251018-259', 'Dispensed to patients', 1, '2026-03-18 10:20:06'),
(591, 21, 65, '2025-10-31 00:00:00', 'dispensed', -115, 'RX-20251031-288', 'Dispensed to patients', 1, '2026-03-18 10:20:06'),
(592, 21, 65, '2025-11-08 00:00:00', 'dispensed', -114, 'RX-20251108-242', 'Dispensed to patients', 3, '2026-03-18 10:20:06'),
(593, 21, 66, '2025-10-18 09:00:00', 'received', 1500, 'PO-2025-8666', 'Stock received from supplier', 2, '2026-03-18 10:20:06'),
(594, 21, 66, '2025-11-02 00:00:00', 'dispensed', -93, 'RX-20251102-291', 'Dispensed to patients', 1, '2026-03-18 10:20:06'),
(595, 21, 66, '2025-11-05 00:00:00', 'dispensed', -101, 'RX-20251105-197', 'Dispensed to patients', 1, '2026-03-18 10:20:06'),
(596, 21, 66, '2025-11-19 00:00:00', 'dispensed', -85, 'RX-20251119-587', 'Dispensed to patients', 2, '2026-03-18 10:20:06'),
(597, 21, 66, '2025-12-09 00:00:00', 'dispensed', -84, 'RX-20251209-616', 'Dispensed to patients', 3, '2026-03-18 10:20:06'),
(598, 21, 66, '2025-12-15 00:00:00', 'dispensed', -87, 'RX-20251215-233', 'Dispensed to patients', 2, '2026-03-18 10:20:06'),
(599, 21, 66, '2025-12-25 00:00:00', 'dispensed', -90, 'RX-20251225-288', 'Dispensed to patients', 1, '2026-03-18 10:20:06'),
(600, 21, 66, '2025-12-28 00:00:00', 'dispensed', -100, 'RX-20251228-281', 'Dispensed to patients', 2, '2026-03-18 10:20:06'),
(601, 21, 66, '2026-01-10 00:00:00', 'dispensed', -94, 'RX-20260110-161', 'Dispensed to patients', 1, '2026-03-18 10:20:06'),
(602, 21, 66, '2026-01-22 00:00:00', 'dispensed', -91, 'RX-20260122-296', 'Dispensed to patients', 2, '2026-03-18 10:20:06'),
(603, 21, 66, '2026-01-27 00:00:00', 'dispensed', -84, 'RX-20260127-714', 'Dispensed to patients', 1, '2026-03-18 10:20:06'),
(604, 21, 66, '2026-02-15 00:00:00', 'dispensed', -89, 'RX-20260215-451', 'Dispensed to patients', 3, '2026-03-18 10:20:06'),
(605, 21, 66, '2026-03-01 00:00:00', 'dispensed', -91, 'RX-20260301-162', 'Dispensed to patients', 2, '2026-03-18 10:20:06'),
(606, 21, 66, '2026-03-10 00:00:00', 'dispensed', -83, 'RX-20260310-180', 'Dispensed to patients', 2, '2026-03-18 10:20:06'),
(607, 21, 66, '2026-03-17 00:00:00', 'dispensed', -84, 'RX-20260317-632', 'Dispensed to patients', 3, '2026-03-18 10:20:06'),
(608, 21, 66, '2026-03-17 00:00:00', 'returned', 5, 'RETURNED-2622', 'Returned unused medication', 1, '2026-03-18 10:20:06'),
(609, 21, 67, '2025-08-18 09:00:00', 'received', 1500, 'PO-2025-3460', 'Stock received from supplier', 3, '2026-03-18 10:20:06'),
(610, 21, 67, '2025-08-26 00:00:00', 'dispensed', -117, 'RX-20250826-868', 'Dispensed to patients', 3, '2026-03-18 10:20:06'),
(611, 21, 67, '2025-08-29 00:00:00', 'dispensed', -119, 'RX-20250829-654', 'Dispensed to patients', 1, '2026-03-18 10:20:06'),
(612, 21, 67, '2025-09-08 00:00:00', 'dispensed', -118, 'RX-20250908-377', 'Dispensed to patients', 1, '2026-03-18 10:20:06'),
(613, 21, 67, '2025-09-18 00:00:00', 'dispensed', -123, 'RX-20250918-925', 'Dispensed to patients', 1, '2026-03-18 10:20:06'),
(614, 21, 67, '2025-09-25 00:00:00', 'dispensed', -106, 'RX-20250925-221', 'Dispensed to patients', 3, '2026-03-18 10:20:06'),
(615, 21, 67, '2025-10-03 00:00:00', 'dispensed', -106, 'RX-20251003-742', 'Dispensed to patients', 2, '2026-03-18 10:20:06'),
(616, 21, 67, '2025-10-20 00:00:00', 'dispensed', -122, 'RX-20251020-879', 'Dispensed to patients', 2, '2026-03-18 10:20:06'),
(617, 21, 67, '2025-11-06 00:00:00', 'dispensed', -114, 'RX-20251106-712', 'Dispensed to patients', 3, '2026-03-18 10:20:06'),
(618, 22, 68, '2025-06-18 09:00:00', 'received', 300, 'PO-2025-4037', 'Stock received from supplier', 1, '2026-03-18 10:20:06'),
(619, 22, 68, '2025-07-05 00:00:00', 'dispensed', -21, 'RX-20250705-512', 'Dispensed to patients', 1, '2026-03-18 10:20:06'),
(620, 22, 68, '2025-07-17 00:00:00', 'dispensed', -13, 'RX-20250717-727', 'Dispensed to patients', 3, '2026-03-18 10:20:06'),
(621, 22, 68, '2025-07-21 00:00:00', 'dispensed', -17, 'RX-20250721-445', 'Dispensed to patients', 1, '2026-03-18 10:20:06'),
(622, 22, 68, '2025-07-31 00:00:00', 'dispensed', -23, 'RX-20250731-639', 'Dispensed to patients', 2, '2026-03-18 10:20:06'),
(623, 22, 68, '2025-08-08 00:00:00', 'dispensed', -15, 'RX-20250808-366', 'Dispensed to patients', 3, '2026-03-18 10:20:06'),
(624, 22, 68, '2025-08-26 00:00:00', 'dispensed', -19, 'RX-20250826-699', 'Dispensed to patients', 1, '2026-03-18 10:20:06'),
(625, 22, 68, '2025-09-12 00:00:00', 'dispensed', -21, 'RX-20250912-314', 'Dispensed to patients', 2, '2026-03-18 10:20:06'),
(626, 22, 68, '2025-09-19 00:00:00', 'dispensed', -9, 'RX-20250919-463', 'Dispensed to patients', 1, '2026-03-18 10:20:06'),
(627, 22, 68, '2025-10-07 00:00:00', 'dispensed', -15, 'RX-20251007-804', 'Dispensed to patients', 1, '2026-03-18 10:20:06'),
(628, 22, 68, '2025-10-22 00:00:00', 'dispensed', -13, 'RX-20251022-243', 'Dispensed to patients', 2, '2026-03-18 10:20:06'),
(629, 22, 68, '2025-10-29 00:00:00', 'dispensed', -9, 'RX-20251029-349', 'Dispensed to patients', 2, '2026-03-18 10:20:06'),
(630, 22, 68, '2025-11-08 00:00:00', 'dispensed', -14, 'RX-20251108-337', 'Dispensed to patients', 3, '2026-03-18 10:20:06'),
(631, 22, 68, '2025-11-11 00:00:00', 'dispensed', -5, 'RX-20251111-232', 'Dispensed to patients', 2, '2026-03-18 10:20:06'),
(632, 22, 68, '2025-11-26 00:00:00', 'dispensed', -19, 'RX-20251126-892', 'Dispensed to patients', 3, '2026-03-18 10:20:06'),
(633, 22, 68, '2025-11-26 00:00:00', 'adjustment', -3, 'ADJUSTMENT-2684', 'Stock adjustment - inventory count', 1, '2026-03-18 10:20:06'),
(634, 22, 69, '2026-02-18 09:00:00', 'received', 600, 'PO-2026-5601', 'Stock received from supplier', 1, '2026-03-18 10:20:06'),
(635, 22, 69, '2026-02-26 00:00:00', 'dispensed', -60, 'RX-20260226-905', 'Dispensed to patients', 2, '2026-03-18 10:20:06'),
(636, 22, 69, '2026-03-16 00:00:00', 'dispensed', -60, 'RX-20260316-681', 'Dispensed to patients', 2, '2026-03-18 10:20:06'),
(637, 22, 70, '2025-03-18 09:00:00', 'received', 750, 'PO-2025-6713', 'Stock received from supplier', 2, '2026-03-18 10:20:06'),
(638, 22, 70, '2025-03-25 00:00:00', 'dispensed', -116, 'RX-20250325-298', 'Dispensed to patients', 2, '2026-03-18 10:20:06'),
(639, 22, 70, '2025-04-13 00:00:00', 'dispensed', -114, 'RX-20250413-668', 'Dispensed to patients', 2, '2026-03-18 10:20:06'),
(640, 22, 70, '2025-04-21 00:00:00', 'dispensed', -109, 'RX-20250421-996', 'Dispensed to patients', 1, '2026-03-18 10:20:06'),
(641, 22, 70, '2025-04-25 00:00:00', 'dispensed', -110, 'RX-20250425-791', 'Dispensed to patients', 1, '2026-03-18 10:20:06'),
(642, 22, 70, '2025-04-29 00:00:00', 'dispensed', -120, 'RX-20250429-621', 'Dispensed to patients', 2, '2026-03-18 10:20:06'),
(643, 22, 70, '2025-05-10 00:00:00', 'dispensed', -110, 'RX-20250510-670', 'Dispensed to patients', 1, '2026-03-18 10:20:06'),
(644, 22, 71, '2026-02-18 09:00:00', 'received', 600, 'PO-2026-9720', 'Stock received from supplier', 1, '2026-03-18 10:20:06'),
(645, 22, 71, '2026-03-06 00:00:00', 'dispensed', -42, 'RX-20260306-910', 'Dispensed to patients', 2, '2026-03-18 10:20:06'),
(646, 23, 72, '2026-02-18 09:00:00', 'received', 500, 'PO-2026-7439', 'Stock received from supplier', 1, '2026-03-18 10:20:06'),
(647, 23, 72, '2026-03-01 00:00:00', 'dispensed', -17, 'RX-20260301-950', 'Dispensed to patients', 1, '2026-03-18 10:20:06'),
(648, 23, 72, '2026-03-08 00:00:00', 'dispensed', -27, 'RX-20260308-905', 'Dispensed to patients', 3, '2026-03-18 10:20:06'),
(649, 23, 73, '2025-12-18 09:00:00', 'received', 400, 'PO-2025-2359', 'Stock received from supplier', 3, '2026-03-18 10:20:06'),
(650, 23, 73, '2025-12-22 00:00:00', 'dispensed', -40, 'RX-20251222-332', 'Dispensed to patients', 3, '2026-03-18 10:20:06'),
(651, 23, 73, '2026-01-02 00:00:00', 'dispensed', -37, 'RX-20260102-266', 'Dispensed to patients', 2, '2026-03-18 10:20:06'),
(652, 23, 73, '2026-01-12 00:00:00', 'dispensed', -49, 'RX-20260112-577', 'Dispensed to patients', 1, '2026-03-18 10:20:06'),
(653, 23, 73, '2026-01-26 00:00:00', 'dispensed', -43, 'RX-20260126-883', 'Dispensed to patients', 2, '2026-03-18 10:20:06'),
(654, 23, 73, '2026-02-11 00:00:00', 'dispensed', -43, 'RX-20260211-641', 'Dispensed to patients', 1, '2026-03-18 10:20:06'),
(655, 23, 73, '2026-02-24 00:00:00', 'dispensed', -38, 'RX-20260224-732', 'Dispensed to patients', 3, '2026-03-18 10:20:06'),
(656, 23, 73, '2026-03-09 00:00:00', 'dispensed', -40, 'RX-20260309-247', 'Dispensed to patients', 1, '2026-03-18 10:20:06'),
(657, 24, 74, '2026-02-18 09:00:00', 'received', 600, 'PO-2026-6840', 'Stock received from supplier', 2, '2026-03-18 10:20:06'),
(658, 24, 74, '2026-02-25 00:00:00', 'dispensed', -53, 'RX-20260225-507', 'Dispensed to patients', 3, '2026-03-18 10:20:06'),
(659, 24, 74, '2026-03-16 00:00:00', 'dispensed', -44, 'RX-20260316-205', 'Dispensed to patients', 3, '2026-03-18 10:20:06'),
(660, 24, 75, '2025-09-18 09:00:00', 'received', 1500, 'PO-2025-2092', 'Stock received from supplier', 2, '2026-03-18 10:20:06'),
(661, 24, 75, '2025-09-25 00:00:00', 'dispensed', -96, 'RX-20250925-617', 'Dispensed to patients', 2, '2026-03-18 10:20:06'),
(662, 24, 75, '2025-10-09 00:00:00', 'dispensed', -101, 'RX-20251009-969', 'Dispensed to patients', 3, '2026-03-18 10:20:06'),
(663, 24, 75, '2025-10-26 00:00:00', 'dispensed', -105, 'RX-20251026-777', 'Dispensed to patients', 2, '2026-03-18 10:20:06'),
(664, 24, 75, '2025-11-03 00:00:00', 'dispensed', -99, 'RX-20251103-741', 'Dispensed to patients', 3, '2026-03-18 10:20:06'),
(665, 24, 75, '2025-11-18 00:00:00', 'dispensed', -112, 'RX-20251118-890', 'Dispensed to patients', 3, '2026-03-18 10:20:06'),
(666, 24, 75, '2025-11-30 00:00:00', 'dispensed', -114, 'RX-20251130-677', 'Dispensed to patients', 2, '2026-03-18 10:20:06'),
(667, 24, 75, '2025-12-15 00:00:00', 'dispensed', -104, 'RX-20251215-600', 'Dispensed to patients', 2, '2026-03-18 10:20:06'),
(668, 24, 75, '2025-12-30 00:00:00', 'dispensed', -108, 'RX-20251230-313', 'Dispensed to patients', 2, '2026-03-18 10:20:06'),
(669, 24, 75, '2026-01-04 00:00:00', 'dispensed', -96, 'RX-20260104-219', 'Dispensed to patients', 2, '2026-03-18 10:20:06'),
(670, 24, 75, '2026-01-22 00:00:00', 'dispensed', -101, 'RX-20260122-273', 'Dispensed to patients', 3, '2026-03-18 10:20:06'),
(671, 24, 76, '2025-07-18 09:00:00', 'received', 900, 'PO-2025-2208', 'Stock received from supplier', 2, '2026-03-18 10:20:06'),
(672, 24, 76, '2025-07-27 00:00:00', 'dispensed', -109, 'RX-20250727-291', 'Dispensed to patients', 1, '2026-03-18 10:20:06'),
(673, 24, 76, '2025-08-12 00:00:00', 'dispensed', -117, 'RX-20250812-258', 'Dispensed to patients', 3, '2026-03-18 10:20:06'),
(674, 24, 76, '2025-08-27 00:00:00', 'dispensed', -111, 'RX-20250827-811', 'Dispensed to patients', 2, '2026-03-18 10:20:06'),
(675, 24, 76, '2025-08-31 00:00:00', 'dispensed', -116, 'RX-20250831-774', 'Dispensed to patients', 1, '2026-03-18 10:20:06'),
(676, 24, 76, '2025-09-20 00:00:00', 'dispensed', -111, 'RX-20250920-400', 'Dispensed to patients', 3, '2026-03-18 10:20:06'),
(677, 24, 76, '2025-10-08 00:00:00', 'dispensed', -108, 'RX-20251008-638', 'Dispensed to patients', 1, '2026-03-18 10:20:06'),
(678, 24, 76, '2025-10-16 00:00:00', 'dispensed', -105, 'RX-20251016-927', 'Dispensed to patients', 1, '2026-03-18 10:20:06'),
(679, 25, 77, '2025-11-18 09:00:00', 'received', 400, 'PO-2025-2081', 'Stock received from supplier', 2, '2026-03-18 10:20:06'),
(680, 25, 77, '2025-11-25 00:00:00', 'dispensed', -30, 'RX-20251125-741', 'Dispensed to patients', 3, '2026-03-18 10:20:06'),
(681, 25, 77, '2025-12-13 00:00:00', 'dispensed', -23, 'RX-20251213-434', 'Dispensed to patients', 2, '2026-03-18 10:20:06'),
(682, 25, 77, '2025-12-19 00:00:00', 'dispensed', -24, 'RX-20251219-838', 'Dispensed to patients', 2, '2026-03-18 10:20:06'),
(683, 25, 77, '2026-01-02 00:00:00', 'dispensed', -28, 'RX-20260102-694', 'Dispensed to patients', 1, '2026-03-18 10:20:06'),
(684, 25, 77, '2026-01-12 00:00:00', 'dispensed', -35, 'RX-20260112-566', 'Dispensed to patients', 2, '2026-03-18 10:20:06'),
(685, 25, 77, '2026-01-25 00:00:00', 'dispensed', -18, 'RX-20260125-630', 'Dispensed to patients', 2, '2026-03-18 10:20:06'),
(686, 25, 77, '2026-02-06 00:00:00', 'dispensed', -23, 'RX-20260206-818', 'Dispensed to patients', 2, '2026-03-18 10:20:06'),
(687, 25, 77, '2026-02-26 00:00:00', 'dispensed', -31, 'RX-20260226-740', 'Dispensed to patients', 3, '2026-03-18 10:20:06'),
(688, 25, 77, '2026-03-11 00:00:00', 'dispensed', -34, 'RX-20260311-230', 'Dispensed to patients', 3, '2026-03-18 10:20:06'),
(689, 25, 78, '2025-09-18 09:00:00', 'received', 600, 'PO-2025-1397', 'Stock received from supplier', 2, '2026-03-18 10:20:06'),
(690, 25, 78, '2025-09-21 00:00:00', 'dispensed', -113, 'RX-20250921-552', 'Dispensed to patients', 3, '2026-03-18 10:20:06'),
(691, 25, 78, '2025-10-01 00:00:00', 'dispensed', -116, 'RX-20251001-135', 'Dispensed to patients', 1, '2026-03-18 10:20:06'),
(692, 25, 78, '2025-10-05 00:00:00', 'dispensed', -105, 'RX-20251005-898', 'Dispensed to patients', 2, '2026-03-18 10:20:06'),
(693, 25, 78, '2025-10-23 00:00:00', 'dispensed', -99, 'RX-20251023-996', 'Dispensed to patients', 3, '2026-03-18 10:20:06'),
(694, 25, 78, '2025-11-01 00:00:00', 'dispensed', -105, 'RX-20251101-801', 'Dispensed to patients', 1, '2026-03-18 10:20:06'),
(695, 25, 79, '2025-10-18 09:00:00', 'received', 800, 'PO-2025-7434', 'Stock received from supplier', 1, '2026-03-18 10:20:06'),
(696, 25, 79, '2025-10-25 00:00:00', 'dispensed', -74, 'RX-20251025-996', 'Dispensed to patients', 3, '2026-03-18 10:20:06'),
(697, 25, 79, '2025-11-03 00:00:00', 'dispensed', -71, 'RX-20251103-841', 'Dispensed to patients', 3, '2026-03-18 10:20:06'),
(698, 25, 79, '2025-11-11 00:00:00', 'dispensed', -72, 'RX-20251111-300', 'Dispensed to patients', 1, '2026-03-18 10:20:06'),
(699, 25, 79, '2025-11-19 00:00:00', 'dispensed', -64, 'RX-20251119-905', 'Dispensed to patients', 2, '2026-03-18 10:20:06'),
(700, 25, 79, '2025-12-02 00:00:00', 'dispensed', -72, 'RX-20251202-272', 'Dispensed to patients', 2, '2026-03-18 10:20:06'),
(701, 25, 79, '2025-12-05 00:00:00', 'dispensed', -70, 'RX-20251205-960', 'Dispensed to patients', 2, '2026-03-18 10:20:06'),
(702, 25, 79, '2025-12-23 00:00:00', 'dispensed', -74, 'RX-20251223-649', 'Dispensed to patients', 2, '2026-03-18 10:20:06'),
(703, 25, 79, '2026-01-01 00:00:00', 'dispensed', -68, 'RX-20260101-274', 'Dispensed to patients', 3, '2026-03-18 10:20:06'),
(704, 25, 80, '2025-11-18 09:00:00', 'received', 1000, 'PO-2025-5277', 'Stock received from supplier', 2, '2026-03-18 10:20:06'),
(705, 25, 80, '2025-11-29 00:00:00', 'dispensed', -73, 'RX-20251129-290', 'Dispensed to patients', 2, '2026-03-18 10:20:06'),
(706, 25, 80, '2025-12-09 00:00:00', 'dispensed', -72, 'RX-20251209-839', 'Dispensed to patients', 1, '2026-03-18 10:20:06'),
(707, 25, 80, '2025-12-26 00:00:00', 'dispensed', -58, 'RX-20251226-538', 'Dispensed to patients', 2, '2026-03-18 10:20:06'),
(708, 25, 80, '2026-01-09 00:00:00', 'dispensed', -70, 'RX-20260109-179', 'Dispensed to patients', 1, '2026-03-18 10:20:06'),
(709, 25, 80, '2026-01-23 00:00:00', 'dispensed', -64, 'RX-20260123-745', 'Dispensed to patients', 2, '2026-03-18 10:20:06'),
(710, 25, 80, '2026-02-09 00:00:00', 'dispensed', -73, 'RX-20260209-694', 'Dispensed to patients', 2, '2026-03-18 10:20:06'),
(711, 25, 80, '2026-03-01 00:00:00', 'dispensed', -65, 'RX-20260301-590', 'Dispensed to patients', 1, '2026-03-18 10:20:06'),
(712, 25, 80, '2026-03-08 00:00:00', 'dispensed', -64, 'RX-20260308-426', 'Dispensed to patients', 2, '2026-03-18 10:20:06'),
(713, 25, 80, '2026-03-15 00:00:00', 'dispensed', -65, 'RX-20260315-702', 'Dispensed to patients', 3, '2026-03-18 10:20:06'),
(714, 26, 81, '2025-06-18 09:00:00', 'received', 1000, 'PO-2025-9399', 'Stock received from supplier', 1, '2026-03-18 10:20:06'),
(715, 26, 81, '2025-06-22 00:00:00', 'dispensed', -70, 'RX-20250622-458', 'Dispensed to patients', 3, '2026-03-18 10:20:06'),
(716, 26, 81, '2025-07-09 00:00:00', 'dispensed', -72, 'RX-20250709-968', 'Dispensed to patients', 3, '2026-03-18 10:20:06'),
(717, 26, 81, '2025-07-17 00:00:00', 'dispensed', -72, 'RX-20250717-805', 'Dispensed to patients', 1, '2026-03-18 10:20:06'),
(718, 26, 81, '2025-08-06 00:00:00', 'dispensed', -71, 'RX-20250806-846', 'Dispensed to patients', 1, '2026-03-18 10:20:06'),
(719, 26, 81, '2025-08-11 00:00:00', 'dispensed', -74, 'RX-20250811-751', 'Dispensed to patients', 1, '2026-03-18 10:20:06'),
(720, 26, 81, '2025-08-20 00:00:00', 'dispensed', -72, 'RX-20250820-727', 'Dispensed to patients', 3, '2026-03-18 10:20:06'),
(721, 26, 81, '2025-08-24 00:00:00', 'dispensed', -74, 'RX-20250824-978', 'Dispensed to patients', 2, '2026-03-18 10:20:06'),
(722, 26, 81, '2025-09-09 00:00:00', 'dispensed', -88, 'RX-20250909-267', 'Dispensed to patients', 1, '2026-03-18 10:20:06'),
(723, 26, 81, '2025-09-15 00:00:00', 'dispensed', -81, 'RX-20250915-713', 'Dispensed to patients', 1, '2026-03-18 10:20:06'),
(724, 26, 82, '2025-12-18 09:00:00', 'received', 800, 'PO-2025-5943', 'Stock received from supplier', 2, '2026-03-18 10:20:06'),
(725, 26, 82, '2025-12-27 00:00:00', 'dispensed', -107, 'RX-20251227-876', 'Dispensed to patients', 1, '2026-03-18 10:20:06'),
(726, 26, 82, '2026-01-02 00:00:00', 'dispensed', -102, 'RX-20260102-214', 'Dispensed to patients', 2, '2026-03-18 10:20:06'),
(727, 26, 82, '2026-01-22 00:00:00', 'dispensed', -104, 'RX-20260122-166', 'Dispensed to patients', 2, '2026-03-18 10:20:06'),
(728, 26, 82, '2026-02-06 00:00:00', 'dispensed', -101, 'RX-20260206-327', 'Dispensed to patients', 1, '2026-03-18 10:20:06'),
(729, 26, 82, '2026-02-20 00:00:00', 'dispensed', -105, 'RX-20260220-884', 'Dispensed to patients', 3, '2026-03-18 10:20:06'),
(730, 26, 82, '2026-03-12 00:00:00', 'dispensed', -99, 'RX-20260312-900', 'Dispensed to patients', 2, '2026-03-18 10:20:06'),
(731, 26, 82, '2026-03-15 00:00:00', 'dispensed', -98, 'RX-20260315-422', 'Dispensed to patients', 2, '2026-03-18 10:20:06'),
(732, 26, 83, '2025-04-18 09:00:00', 'received', 1000, 'PO-2025-7511', 'Stock received from supplier', 2, '2026-03-18 10:20:06'),
(733, 26, 83, '2025-04-26 00:00:00', 'dispensed', -125, 'RX-20250426-157', 'Dispensed to patients', 3, '2026-03-18 10:20:06'),
(734, 26, 83, '2025-05-16 00:00:00', 'dispensed', -132, 'RX-20250516-544', 'Dispensed to patients', 3, '2026-03-18 10:20:06'),
(735, 26, 83, '2025-05-25 00:00:00', 'dispensed', -137, 'RX-20250525-274', 'Dispensed to patients', 2, '2026-03-18 10:20:06'),
(736, 26, 83, '2025-06-11 00:00:00', 'dispensed', -129, 'RX-20250611-591', 'Dispensed to patients', 1, '2026-03-18 10:20:06'),
(737, 26, 83, '2025-06-23 00:00:00', 'dispensed', -141, 'RX-20250623-769', 'Dispensed to patients', 2, '2026-03-18 10:20:06'),
(738, 27, 84, '2025-08-18 09:00:00', 'received', 240, 'PO-2025-3266', 'Stock received from supplier', 2, '2026-03-18 10:20:06'),
(739, 27, 84, '2025-08-26 00:00:00', 'dispensed', -12, 'RX-20250826-271', 'Dispensed to patients', 3, '2026-03-18 10:20:06'),
(740, 27, 84, '2025-09-11 00:00:00', 'dispensed', -13, 'RX-20250911-597', 'Dispensed to patients', 3, '2026-03-18 10:20:06'),
(741, 27, 84, '2025-09-17 00:00:00', 'dispensed', -17, 'RX-20250917-203', 'Dispensed to patients', 1, '2026-03-18 10:20:06'),
(742, 27, 84, '2025-10-05 00:00:00', 'dispensed', -14, 'RX-20251005-386', 'Dispensed to patients', 1, '2026-03-18 10:20:06'),
(743, 27, 84, '2025-10-12 00:00:00', 'dispensed', -24, 'RX-20251012-944', 'Dispensed to patients', 3, '2026-03-18 10:20:06'),
(744, 27, 84, '2025-10-20 00:00:00', 'dispensed', -15, 'RX-20251020-361', 'Dispensed to patients', 2, '2026-03-18 10:20:06'),
(745, 27, 84, '2025-11-01 00:00:00', 'dispensed', -12, 'RX-20251101-620', 'Dispensed to patients', 3, '2026-03-18 10:20:06'),
(746, 27, 84, '2025-11-11 00:00:00', 'dispensed', -14, 'RX-20251111-165', 'Dispensed to patients', 3, '2026-03-18 10:20:06'),
(747, 27, 84, '2025-11-18 00:00:00', 'dispensed', -27, 'RX-20251118-672', 'Dispensed to patients', 2, '2026-03-18 10:20:06'),
(748, 27, 85, '2025-08-18 09:00:00', 'received', 400, 'PO-2025-4301', 'Stock received from supplier', 1, '2026-03-18 10:20:06'),
(749, 27, 85, '2025-09-04 00:00:00', 'dispensed', -51, 'RX-20250904-811', 'Dispensed to patients', 3, '2026-03-18 10:20:06'),
(750, 27, 85, '2025-09-15 00:00:00', 'dispensed', -64, 'RX-20250915-478', 'Dispensed to patients', 1, '2026-03-18 10:20:06'),
(751, 27, 85, '2025-09-20 00:00:00', 'dispensed', -60, 'RX-20250920-266', 'Dispensed to patients', 2, '2026-03-18 10:20:06'),
(752, 27, 85, '2025-10-06 00:00:00', 'dispensed', -71, 'RX-20251006-660', 'Dispensed to patients', 2, '2026-03-18 10:20:06'),
(753, 27, 85, '2025-10-15 00:00:00', 'dispensed', -52, 'RX-20251015-116', 'Dispensed to patients', 2, '2026-03-18 10:20:06'),
(754, 27, 86, '2025-09-18 09:00:00', 'received', 400, 'PO-2025-1077', 'Stock received from supplier', 2, '2026-03-18 10:20:06'),
(755, 27, 86, '2025-10-01 00:00:00', 'dispensed', -46, 'RX-20251001-462', 'Dispensed to patients', 2, '2026-03-18 10:20:06'),
(756, 27, 86, '2025-10-21 00:00:00', 'dispensed', -49, 'RX-20251021-138', 'Dispensed to patients', 1, '2026-03-18 10:20:06'),
(757, 27, 86, '2025-11-02 00:00:00', 'dispensed', -45, 'RX-20251102-651', 'Dispensed to patients', 1, '2026-03-18 10:20:06'),
(758, 27, 86, '2025-11-07 00:00:00', 'dispensed', -44, 'RX-20251107-740', 'Dispensed to patients', 2, '2026-03-18 10:20:06'),
(759, 27, 86, '2025-11-10 00:00:00', 'dispensed', -35, 'RX-20251110-747', 'Dispensed to patients', 3, '2026-03-18 10:20:06'),
(760, 27, 86, '2025-11-14 00:00:00', 'dispensed', -32, 'RX-20251114-596', 'Dispensed to patients', 2, '2026-03-18 10:20:06'),
(761, 28, 87, '2025-11-18 09:00:00', 'received', 300, 'PO-2025-6142', 'Stock received from supplier', 3, '2026-03-18 10:20:06'),
(762, 28, 87, '2025-11-30 00:00:00', 'dispensed', -28, 'RX-20251130-427', 'Dispensed to patients', 2, '2026-03-18 10:20:06'),
(763, 28, 87, '2025-12-19 00:00:00', 'dispensed', -29, 'RX-20251219-845', 'Dispensed to patients', 1, '2026-03-18 10:20:06'),
(764, 28, 87, '2025-12-27 00:00:00', 'dispensed', -38, 'RX-20251227-800', 'Dispensed to patients', 3, '2026-03-18 10:20:06'),
(765, 28, 87, '2026-01-09 00:00:00', 'dispensed', -40, 'RX-20260109-309', 'Dispensed to patients', 3, '2026-03-18 10:20:06'),
(766, 28, 87, '2026-01-28 00:00:00', 'dispensed', -31, 'RX-20260128-505', 'Dispensed to patients', 3, '2026-03-18 10:20:06'),
(767, 28, 87, '2026-02-04 00:00:00', 'dispensed', -38, 'RX-20260204-307', 'Dispensed to patients', 1, '2026-03-18 10:20:06'),
(768, 28, 87, '2026-02-07 00:00:00', 'dispensed', -25, 'RX-20260207-917', 'Dispensed to patients', 2, '2026-03-18 10:20:06'),
(769, 28, 88, '2025-08-18 09:00:00', 'received', 450, 'PO-2025-2774', 'Stock received from supplier', 1, '2026-03-18 10:20:06'),
(770, 28, 88, '2025-08-28 00:00:00', 'dispensed', -19, 'RX-20250828-587', 'Dispensed to patients', 2, '2026-03-18 10:20:06'),
(771, 28, 88, '2025-09-16 00:00:00', 'dispensed', -31, 'RX-20250916-522', 'Dispensed to patients', 2, '2026-03-18 10:20:06'),
(772, 28, 88, '2025-09-21 00:00:00', 'dispensed', -16, 'RX-20250921-273', 'Dispensed to patients', 3, '2026-03-18 10:20:06'),
(773, 28, 88, '2025-10-04 00:00:00', 'dispensed', -21, 'RX-20251004-220', 'Dispensed to patients', 2, '2026-03-18 10:20:06'),
(774, 28, 88, '2025-10-17 00:00:00', 'dispensed', -20, 'RX-20251017-440', 'Dispensed to patients', 2, '2026-03-18 10:20:06'),
(775, 28, 88, '2025-10-23 00:00:00', 'dispensed', -35, 'RX-20251023-643', 'Dispensed to patients', 3, '2026-03-18 10:20:06'),
(776, 28, 88, '2025-10-26 00:00:00', 'dispensed', -30, 'RX-20251026-416', 'Dispensed to patients', 1, '2026-03-18 10:20:06'),
(777, 28, 88, '2025-10-29 00:00:00', 'dispensed', -29, 'RX-20251029-345', 'Dispensed to patients', 2, '2026-03-18 10:20:06'),
(778, 28, 88, '2025-11-12 00:00:00', 'dispensed', -24, 'RX-20251112-925', 'Dispensed to patients', 3, '2026-03-18 10:20:06'),
(779, 28, 88, '2025-11-19 00:00:00', 'dispensed', -21, 'RX-20251119-408', 'Dispensed to patients', 3, '2026-03-18 10:20:06'),
(780, 28, 88, '2025-11-24 00:00:00', 'dispensed', -23, 'RX-20251124-250', 'Dispensed to patients', 2, '2026-03-18 10:20:06'),
(781, 28, 88, '2025-12-07 00:00:00', 'dispensed', -20, 'RX-20251207-871', 'Dispensed to patients', 3, '2026-03-18 10:20:06'),
(782, 28, 88, '2025-12-21 00:00:00', 'dispensed', -24, 'RX-20251221-171', 'Dispensed to patients', 3, '2026-03-18 10:20:06'),
(783, 28, 89, '2025-06-18 09:00:00', 'received', 600, 'PO-2025-7497', 'Stock received from supplier', 2, '2026-03-18 10:20:06'),
(784, 28, 89, '2025-06-21 00:00:00', 'dispensed', -46, 'RX-20250621-354', 'Dispensed to patients', 1, '2026-03-18 10:20:06'),
(785, 28, 89, '2025-07-10 00:00:00', 'dispensed', -43, 'RX-20250710-106', 'Dispensed to patients', 2, '2026-03-18 10:20:06'),
(786, 28, 89, '2025-07-20 00:00:00', 'dispensed', -48, 'RX-20250720-146', 'Dispensed to patients', 1, '2026-03-18 10:20:06'),
(787, 28, 89, '2025-08-03 00:00:00', 'dispensed', -35, 'RX-20250803-383', 'Dispensed to patients', 3, '2026-03-18 10:20:06'),
(788, 28, 89, '2025-08-15 00:00:00', 'dispensed', -46, 'RX-20250815-578', 'Dispensed to patients', 1, '2026-03-18 10:20:06'),
(789, 28, 89, '2025-09-03 00:00:00', 'dispensed', -37, 'RX-20250903-257', 'Dispensed to patients', 2, '2026-03-18 10:20:06'),
(790, 28, 89, '2025-09-09 00:00:00', 'dispensed', -43, 'RX-20250909-730', 'Dispensed to patients', 1, '2026-03-18 10:20:06'),
(791, 28, 89, '2025-09-29 00:00:00', 'dispensed', -39, 'RX-20250929-291', 'Dispensed to patients', 2, '2026-03-18 10:20:06'),
(792, 28, 89, '2025-10-04 00:00:00', 'dispensed', -48, 'RX-20251004-522', 'Dispensed to patients', 2, '2026-03-18 10:20:06'),
(793, 28, 89, '2025-10-21 00:00:00', 'dispensed', -34, 'RX-20251021-310', 'Dispensed to patients', 2, '2026-03-18 10:20:06'),
(794, 28, 89, '2025-11-06 00:00:00', 'dispensed', -43, 'RX-20251106-654', 'Dispensed to patients', 1, '2026-03-18 10:20:06'),
(795, 28, 89, '2025-11-16 00:00:00', 'dispensed', -46, 'RX-20251116-429', 'Dispensed to patients', 3, '2026-03-18 10:20:06'),
(796, 28, 89, '2025-11-25 00:00:00', 'dispensed', -37, 'RX-20251125-538', 'Dispensed to patients', 1, '2026-03-18 10:20:06'),
(797, 28, 90, '2026-01-18 09:00:00', 'received', 450, 'PO-2026-8107', 'Stock received from supplier', 3, '2026-03-18 10:20:06'),
(798, 28, 90, '2026-02-01 00:00:00', 'dispensed', -47, 'RX-20260201-621', 'Dispensed to patients', 2, '2026-03-18 10:20:06'),
(799, 28, 90, '2026-02-06 00:00:00', 'dispensed', -47, 'RX-20260206-198', 'Dispensed to patients', 1, '2026-03-18 10:20:06'),
(800, 28, 90, '2026-02-10 00:00:00', 'dispensed', -44, 'RX-20260210-890', 'Dispensed to patients', 3, '2026-03-18 10:20:06'),
(801, 28, 90, '2026-02-18 00:00:00', 'dispensed', -47, 'RX-20260218-279', 'Dispensed to patients', 1, '2026-03-18 10:20:06'),
(802, 28, 90, '2026-02-24 00:00:00', 'dispensed', -58, 'RX-20260224-141', 'Dispensed to patients', 3, '2026-03-18 10:20:06');
INSERT INTO `medicine_transactions` (`id`, `medicine_id`, `batch_id`, `transaction_datetime`, `transaction_type`, `quantity`, `reference`, `notes`, `recorded_by`, `created_at`) VALUES
(803, 28, 90, '2026-03-16 00:00:00', 'dispensed', -44, 'RX-20260316-580', 'Dispensed to patients', 3, '2026-03-18 10:20:06'),
(804, 29, 91, '2025-08-18 09:00:00', 'received', 1500, 'PO-2025-7385', 'Stock received from supplier', 1, '2026-03-18 10:20:06'),
(805, 29, 91, '2025-08-31 00:00:00', 'dispensed', -83, 'RX-20250831-103', 'Dispensed to patients', 2, '2026-03-18 10:20:06'),
(806, 29, 91, '2025-09-15 00:00:00', 'dispensed', -93, 'RX-20250915-586', 'Dispensed to patients', 3, '2026-03-18 10:20:06'),
(807, 29, 91, '2025-09-25 00:00:00', 'dispensed', -87, 'RX-20250925-560', 'Dispensed to patients', 2, '2026-03-18 10:20:06'),
(808, 29, 91, '2025-10-11 00:00:00', 'dispensed', -86, 'RX-20251011-163', 'Dispensed to patients', 3, '2026-03-18 10:20:06'),
(809, 29, 91, '2025-10-19 00:00:00', 'dispensed', -82, 'RX-20251019-185', 'Dispensed to patients', 3, '2026-03-18 10:20:06'),
(810, 29, 91, '2025-10-26 00:00:00', 'dispensed', -93, 'RX-20251026-495', 'Dispensed to patients', 2, '2026-03-18 10:20:06'),
(811, 29, 91, '2025-10-31 00:00:00', 'dispensed', -93, 'RX-20251031-719', 'Dispensed to patients', 2, '2026-03-18 10:20:06'),
(812, 29, 91, '2025-11-04 00:00:00', 'dispensed', -86, 'RX-20251104-739', 'Dispensed to patients', 2, '2026-03-18 10:20:06'),
(813, 29, 91, '2025-11-12 00:00:00', 'dispensed', -95, 'RX-20251112-864', 'Dispensed to patients', 3, '2026-03-18 10:20:06'),
(814, 29, 91, '2025-11-22 00:00:00', 'dispensed', -85, 'RX-20251122-289', 'Dispensed to patients', 3, '2026-03-18 10:20:06'),
(815, 29, 92, '2025-07-18 09:00:00', 'received', 2500, 'PO-2025-3838', 'Stock received from supplier', 1, '2026-03-18 10:20:06'),
(816, 29, 92, '2025-08-06 00:00:00', 'dispensed', -178, 'RX-20250806-415', 'Dispensed to patients', 3, '2026-03-18 10:20:06'),
(817, 29, 92, '2025-08-24 00:00:00', 'dispensed', -188, 'RX-20250824-151', 'Dispensed to patients', 1, '2026-03-18 10:20:06'),
(818, 29, 92, '2025-09-11 00:00:00', 'dispensed', -180, 'RX-20250911-548', 'Dispensed to patients', 3, '2026-03-18 10:20:06'),
(819, 29, 92, '2025-09-25 00:00:00', 'dispensed', -187, 'RX-20250925-586', 'Dispensed to patients', 3, '2026-03-18 10:20:06'),
(820, 29, 92, '2025-10-15 00:00:00', 'dispensed', -176, 'RX-20251015-571', 'Dispensed to patients', 3, '2026-03-18 10:20:06'),
(821, 29, 92, '2025-11-02 00:00:00', 'dispensed', -189, 'RX-20251102-660', 'Dispensed to patients', 2, '2026-03-18 10:20:06'),
(822, 29, 92, '2025-11-13 00:00:00', 'dispensed', -191, 'RX-20251113-424', 'Dispensed to patients', 1, '2026-03-18 10:20:06'),
(823, 29, 92, '2025-11-30 00:00:00', 'dispensed', -180, 'RX-20251130-120', 'Dispensed to patients', 1, '2026-03-18 10:20:06'),
(824, 29, 92, '2025-12-05 00:00:00', 'dispensed', -185, 'RX-20251205-763', 'Dispensed to patients', 3, '2026-03-18 10:20:06'),
(825, 29, 92, '2025-12-21 00:00:00', 'dispensed', -175, 'RX-20251221-379', 'Dispensed to patients', 2, '2026-03-18 10:20:06'),
(826, 29, 92, '2025-12-29 00:00:00', 'dispensed', -180, 'RX-20251229-414', 'Dispensed to patients', 2, '2026-03-18 10:20:06'),
(827, 29, 93, '2025-12-18 09:00:00', 'received', 1500, 'PO-2025-2945', 'Stock received from supplier', 3, '2026-03-18 10:20:06'),
(828, 29, 93, '2026-01-03 00:00:00', 'dispensed', -191, 'RX-20260103-165', 'Dispensed to patients', 2, '2026-03-18 10:20:06'),
(829, 29, 93, '2026-01-08 00:00:00', 'dispensed', -174, 'RX-20260108-924', 'Dispensed to patients', 3, '2026-03-18 10:20:06'),
(830, 29, 93, '2026-01-20 00:00:00', 'dispensed', -174, 'RX-20260120-151', 'Dispensed to patients', 1, '2026-03-18 10:20:06'),
(831, 29, 93, '2026-01-30 00:00:00', 'dispensed', -188, 'RX-20260130-121', 'Dispensed to patients', 1, '2026-03-18 10:20:06'),
(832, 29, 93, '2026-02-08 00:00:00', 'dispensed', -184, 'RX-20260208-517', 'Dispensed to patients', 1, '2026-03-18 10:20:06'),
(833, 29, 93, '2026-02-14 00:00:00', 'dispensed', -189, 'RX-20260214-129', 'Dispensed to patients', 3, '2026-03-18 10:20:06'),
(834, 29, 93, '2026-02-20 00:00:00', 'dispensed', -188, 'RX-20260220-861', 'Dispensed to patients', 3, '2026-03-18 10:20:06'),
(835, 30, 94, '2025-09-18 09:00:00', 'received', 1200, 'PO-2025-5944', 'Stock received from supplier', 1, '2026-03-18 10:20:06'),
(836, 30, 94, '2025-09-21 00:00:00', 'dispensed', -51, 'RX-20250921-937', 'Dispensed to patients', 2, '2026-03-18 10:20:06'),
(837, 30, 94, '2025-10-03 00:00:00', 'dispensed', -47, 'RX-20251003-503', 'Dispensed to patients', 2, '2026-03-18 10:20:06'),
(838, 30, 94, '2025-10-12 00:00:00', 'dispensed', -51, 'RX-20251012-948', 'Dispensed to patients', 3, '2026-03-18 10:20:06'),
(839, 30, 94, '2025-10-29 00:00:00', 'dispensed', -62, 'RX-20251029-985', 'Dispensed to patients', 3, '2026-03-18 10:20:06'),
(840, 30, 94, '2025-11-09 00:00:00', 'dispensed', -46, 'RX-20251109-465', 'Dispensed to patients', 3, '2026-03-18 10:20:06'),
(841, 30, 94, '2025-11-27 00:00:00', 'dispensed', -48, 'RX-20251127-991', 'Dispensed to patients', 3, '2026-03-18 10:20:06'),
(842, 30, 94, '2025-12-17 00:00:00', 'dispensed', -62, 'RX-20251217-381', 'Dispensed to patients', 2, '2026-03-18 10:20:06'),
(843, 30, 94, '2025-12-20 00:00:00', 'dispensed', -65, 'RX-20251220-103', 'Dispensed to patients', 1, '2026-03-18 10:20:06'),
(844, 30, 94, '2025-12-28 00:00:00', 'dispensed', -54, 'RX-20251228-164', 'Dispensed to patients', 3, '2026-03-18 10:20:06'),
(845, 30, 94, '2025-12-31 00:00:00', 'dispensed', -60, 'RX-20251231-909', 'Dispensed to patients', 1, '2026-03-18 10:20:06'),
(846, 30, 94, '2026-01-16 00:00:00', 'dispensed', -60, 'RX-20260116-581', 'Dispensed to patients', 2, '2026-03-18 10:20:06'),
(847, 30, 94, '2026-01-28 00:00:00', 'dispensed', -53, 'RX-20260128-280', 'Dispensed to patients', 3, '2026-03-18 10:20:06'),
(848, 30, 94, '2026-02-03 00:00:00', 'dispensed', -63, 'RX-20260203-227', 'Dispensed to patients', 1, '2026-03-18 10:20:06'),
(849, 30, 94, '2026-02-12 00:00:00', 'dispensed', -64, 'RX-20260212-337', 'Dispensed to patients', 2, '2026-03-18 10:20:06'),
(850, 30, 95, '2025-06-18 09:00:00', 'received', 1200, 'PO-2025-8161', 'Stock received from supplier', 2, '2026-03-18 10:20:06'),
(851, 30, 95, '2025-07-06 00:00:00', 'dispensed', -69, 'RX-20250706-597', 'Dispensed to patients', 2, '2026-03-18 10:20:06'),
(852, 30, 95, '2025-07-26 00:00:00', 'dispensed', -62, 'RX-20250726-319', 'Dispensed to patients', 2, '2026-03-18 10:20:06'),
(853, 30, 95, '2025-08-11 00:00:00', 'dispensed', -64, 'RX-20250811-545', 'Dispensed to patients', 2, '2026-03-18 10:20:06'),
(854, 30, 95, '2025-08-19 00:00:00', 'dispensed', -57, 'RX-20250819-287', 'Dispensed to patients', 3, '2026-03-18 10:20:06'),
(855, 30, 95, '2025-09-05 00:00:00', 'dispensed', -51, 'RX-20250905-527', 'Dispensed to patients', 1, '2026-03-18 10:20:06'),
(856, 30, 95, '2025-09-16 00:00:00', 'dispensed', -63, 'RX-20250916-966', 'Dispensed to patients', 2, '2026-03-18 10:20:06'),
(857, 30, 95, '2025-09-28 00:00:00', 'dispensed', -55, 'RX-20250928-397', 'Dispensed to patients', 1, '2026-03-18 10:20:06'),
(858, 30, 95, '2025-10-04 00:00:00', 'dispensed', -62, 'RX-20251004-909', 'Dispensed to patients', 2, '2026-03-18 10:20:06'),
(859, 30, 95, '2025-10-17 00:00:00', 'dispensed', -53, 'RX-20251017-615', 'Dispensed to patients', 1, '2026-03-18 10:20:06'),
(860, 30, 95, '2025-10-21 00:00:00', 'dispensed', -56, 'RX-20251021-590', 'Dispensed to patients', 1, '2026-03-18 10:20:06'),
(861, 30, 95, '2025-10-24 00:00:00', 'dispensed', -51, 'RX-20251024-265', 'Dispensed to patients', 2, '2026-03-18 10:20:06'),
(862, 30, 95, '2025-11-04 00:00:00', 'dispensed', -68, 'RX-20251104-895', 'Dispensed to patients', 2, '2026-03-18 10:20:06'),
(863, 30, 95, '2025-11-24 00:00:00', 'dispensed', -68, 'RX-20251124-843', 'Dispensed to patients', 2, '2026-03-18 10:20:06'),
(864, 30, 96, '2026-01-18 09:00:00', 'received', 1500, 'PO-2026-4022', 'Stock received from supplier', 2, '2026-03-18 10:20:06'),
(865, 30, 96, '2026-01-26 00:00:00', 'dispensed', -76, 'RX-20260126-493', 'Dispensed to patients', 1, '2026-03-18 10:20:06'),
(866, 30, 96, '2026-02-02 00:00:00', 'dispensed', -80, 'RX-20260202-201', 'Dispensed to patients', 2, '2026-03-18 10:20:06'),
(867, 30, 96, '2026-02-09 00:00:00', 'dispensed', -80, 'RX-20260209-586', 'Dispensed to patients', 1, '2026-03-18 10:20:06'),
(868, 30, 96, '2026-02-18 00:00:00', 'dispensed', -70, 'RX-20260218-773', 'Dispensed to patients', 2, '2026-03-18 10:20:06'),
(869, 30, 96, '2026-02-28 00:00:00', 'dispensed', -74, 'RX-20260228-157', 'Dispensed to patients', 3, '2026-03-18 10:20:06'),
(870, 31, 97, '2025-10-18 09:00:00', 'received', 1000, 'PO-2025-8344', 'Stock received from supplier', 2, '2026-03-18 10:20:06'),
(871, 31, 97, '2025-11-02 00:00:00', 'dispensed', -113, 'RX-20251102-125', 'Dispensed to patients', 1, '2026-03-18 10:20:06'),
(872, 31, 97, '2025-11-12 00:00:00', 'dispensed', -107, 'RX-20251112-593', 'Dispensed to patients', 3, '2026-03-18 10:20:06'),
(873, 31, 97, '2025-11-29 00:00:00', 'dispensed', -109, 'RX-20251129-327', 'Dispensed to patients', 3, '2026-03-18 10:20:06'),
(874, 31, 97, '2025-12-02 00:00:00', 'dispensed', -117, 'RX-20251202-600', 'Dispensed to patients', 1, '2026-03-18 10:20:06'),
(875, 31, 97, '2025-12-10 00:00:00', 'dispensed', -116, 'RX-20251210-154', 'Dispensed to patients', 2, '2026-03-18 10:20:06'),
(876, 31, 97, '2025-12-26 00:00:00', 'dispensed', -117, 'RX-20251226-975', 'Dispensed to patients', 1, '2026-03-18 10:20:06'),
(877, 31, 97, '2026-01-05 00:00:00', 'dispensed', -111, 'RX-20260105-795', 'Dispensed to patients', 2, '2026-03-18 10:20:06'),
(878, 31, 97, '2026-01-23 00:00:00', 'dispensed', -114, 'RX-20260123-117', 'Dispensed to patients', 3, '2026-03-18 10:20:06'),
(879, 31, 98, '2025-10-18 09:00:00', 'received', 1000, 'PO-2025-4358', 'Stock received from supplier', 3, '2026-03-18 10:20:06'),
(880, 31, 98, '2025-10-26 00:00:00', 'dispensed', -52, 'RX-20251026-986', 'Dispensed to patients', 3, '2026-03-18 10:20:06'),
(881, 31, 98, '2025-11-02 00:00:00', 'dispensed', -41, 'RX-20251102-397', 'Dispensed to patients', 1, '2026-03-18 10:20:06'),
(882, 31, 98, '2025-11-05 00:00:00', 'dispensed', -54, 'RX-20251105-801', 'Dispensed to patients', 1, '2026-03-18 10:20:06'),
(883, 31, 98, '2025-11-21 00:00:00', 'dispensed', -48, 'RX-20251121-858', 'Dispensed to patients', 3, '2026-03-18 10:20:06'),
(884, 31, 98, '2025-12-04 00:00:00', 'dispensed', -55, 'RX-20251204-772', 'Dispensed to patients', 1, '2026-03-18 10:20:06'),
(885, 31, 98, '2025-12-19 00:00:00', 'dispensed', -57, 'RX-20251219-380', 'Dispensed to patients', 3, '2026-03-18 10:20:06'),
(886, 31, 98, '2026-01-06 00:00:00', 'dispensed', -52, 'RX-20260106-679', 'Dispensed to patients', 3, '2026-03-18 10:20:06'),
(887, 31, 98, '2026-01-13 00:00:00', 'dispensed', -43, 'RX-20260113-540', 'Dispensed to patients', 3, '2026-03-18 10:20:06'),
(888, 31, 98, '2026-01-31 00:00:00', 'dispensed', -60, 'RX-20260131-630', 'Dispensed to patients', 1, '2026-03-18 10:20:06'),
(889, 31, 98, '2026-02-03 00:00:00', 'dispensed', -43, 'RX-20260203-913', 'Dispensed to patients', 3, '2026-03-18 10:20:06'),
(890, 31, 98, '2026-02-15 00:00:00', 'dispensed', -56, 'RX-20260215-909', 'Dispensed to patients', 2, '2026-03-18 10:20:06'),
(891, 31, 98, '2026-02-21 00:00:00', 'dispensed', -55, 'RX-20260221-305', 'Dispensed to patients', 2, '2026-03-18 10:20:06'),
(892, 31, 98, '2026-03-11 00:00:00', 'dispensed', -57, 'RX-20260311-275', 'Dispensed to patients', 2, '2026-03-18 10:20:06'),
(893, 31, 98, '2026-03-14 00:00:00', 'dispensed', -56, 'RX-20260314-623', 'Dispensed to patients', 1, '2026-03-18 10:20:06'),
(894, 32, 99, '2025-06-18 09:00:00', 'received', 450, 'PO-2025-7281', 'Stock received from supplier', 3, '2026-03-18 10:20:06'),
(895, 32, 99, '2025-06-24 00:00:00', 'dispensed', -57, 'RX-20250624-601', 'Dispensed to patients', 1, '2026-03-18 10:20:06'),
(896, 32, 99, '2025-06-30 00:00:00', 'dispensed', -68, 'RX-20250630-436', 'Dispensed to patients', 1, '2026-03-18 10:20:06'),
(897, 32, 99, '2025-07-06 00:00:00', 'dispensed', -70, 'RX-20250706-258', 'Dispensed to patients', 3, '2026-03-18 10:20:06'),
(898, 32, 99, '2025-07-18 00:00:00', 'dispensed', -60, 'RX-20250718-563', 'Dispensed to patients', 2, '2026-03-18 10:20:06'),
(899, 32, 99, '2025-08-03 00:00:00', 'dispensed', -63, 'RX-20250803-468', 'Dispensed to patients', 1, '2026-03-18 10:20:06'),
(900, 32, 99, '2025-08-18 00:00:00', 'dispensed', -69, 'RX-20250818-941', 'Dispensed to patients', 2, '2026-03-18 10:20:06'),
(901, 32, 100, '2025-12-18 09:00:00', 'received', 450, 'PO-2025-5835', 'Stock received from supplier', 2, '2026-03-18 10:20:06'),
(902, 32, 100, '2025-12-22 00:00:00', 'dispensed', -45, 'RX-20251222-309', 'Dispensed to patients', 1, '2026-03-18 10:20:06'),
(903, 32, 100, '2026-01-01 00:00:00', 'dispensed', -57, 'RX-20260101-282', 'Dispensed to patients', 2, '2026-03-18 10:20:06'),
(904, 32, 100, '2026-01-11 00:00:00', 'dispensed', -64, 'RX-20260111-101', 'Dispensed to patients', 2, '2026-03-18 10:20:06'),
(905, 32, 100, '2026-01-28 00:00:00', 'dispensed', -58, 'RX-20260128-352', 'Dispensed to patients', 2, '2026-03-18 10:20:06'),
(906, 32, 100, '2026-02-03 00:00:00', 'dispensed', -55, 'RX-20260203-676', 'Dispensed to patients', 1, '2026-03-18 10:20:06'),
(907, 32, 101, '2025-07-18 09:00:00', 'received', 450, 'PO-2025-4235', 'Stock received from supplier', 1, '2026-03-18 10:20:06'),
(908, 32, 101, '2025-08-02 00:00:00', 'dispensed', -12, 'RX-20250802-368', 'Dispensed to patients', 2, '2026-03-18 10:20:06'),
(909, 32, 101, '2025-08-19 00:00:00', 'dispensed', -21, 'RX-20250819-662', 'Dispensed to patients', 1, '2026-03-18 10:20:06'),
(910, 32, 101, '2025-08-22 00:00:00', 'dispensed', -18, 'RX-20250822-657', 'Dispensed to patients', 3, '2026-03-18 10:20:06'),
(911, 32, 101, '2025-09-09 00:00:00', 'dispensed', -10, 'RX-20250909-164', 'Dispensed to patients', 1, '2026-03-18 10:20:06'),
(912, 32, 101, '2025-09-23 00:00:00', 'dispensed', -20, 'RX-20250923-583', 'Dispensed to patients', 2, '2026-03-18 10:20:06'),
(913, 32, 101, '2025-10-04 00:00:00', 'dispensed', -19, 'RX-20251004-691', 'Dispensed to patients', 3, '2026-03-18 10:20:06'),
(914, 32, 101, '2025-10-09 00:00:00', 'dispensed', -16, 'RX-20251009-998', 'Dispensed to patients', 3, '2026-03-18 10:20:06'),
(915, 32, 101, '2025-10-24 00:00:00', 'dispensed', -13, 'RX-20251024-698', 'Dispensed to patients', 3, '2026-03-18 10:20:06'),
(916, 32, 101, '2025-10-30 00:00:00', 'dispensed', -24, 'RX-20251030-699', 'Dispensed to patients', 2, '2026-03-18 10:20:06'),
(917, 32, 101, '2025-11-12 00:00:00', 'dispensed', -15, 'RX-20251112-551', 'Dispensed to patients', 1, '2026-03-18 10:20:06'),
(918, 32, 101, '2025-11-26 00:00:00', 'dispensed', -16, 'RX-20251126-275', 'Dispensed to patients', 3, '2026-03-18 10:20:06'),
(919, 32, 101, '2025-12-14 00:00:00', 'dispensed', -16, 'RX-20251214-343', 'Dispensed to patients', 1, '2026-03-18 10:20:06'),
(920, 32, 101, '2026-01-01 00:00:00', 'dispensed', -18, 'RX-20260101-123', 'Dispensed to patients', 2, '2026-03-18 10:20:06'),
(921, 32, 101, '2026-01-13 00:00:00', 'dispensed', -16, 'RX-20260113-191', 'Dispensed to patients', 3, '2026-03-18 10:20:06'),
(922, 32, 101, '2026-02-01 00:00:00', 'dispensed', -19, 'RX-20260201-638', 'Dispensed to patients', 1, '2026-03-18 10:20:06'),
(923, 32, 102, '2025-11-18 09:00:00', 'received', 450, 'PO-2025-5361', 'Stock received from supplier', 3, '2026-03-18 10:20:06'),
(924, 32, 102, '2025-11-24 00:00:00', 'dispensed', -23, 'RX-20251124-130', 'Dispensed to patients', 3, '2026-03-18 10:20:06'),
(925, 32, 102, '2025-12-14 00:00:00', 'dispensed', -26, 'RX-20251214-437', 'Dispensed to patients', 3, '2026-03-18 10:20:06'),
(926, 32, 102, '2025-12-17 00:00:00', 'dispensed', -32, 'RX-20251217-258', 'Dispensed to patients', 1, '2026-03-18 10:20:06'),
(927, 32, 102, '2025-12-20 00:00:00', 'dispensed', -14, 'RX-20251220-798', 'Dispensed to patients', 2, '2026-03-18 10:20:06'),
(928, 32, 102, '2026-01-01 00:00:00', 'dispensed', -26, 'RX-20260101-467', 'Dispensed to patients', 2, '2026-03-18 10:20:06'),
(929, 32, 102, '2026-01-16 00:00:00', 'dispensed', -20, 'RX-20260116-495', 'Dispensed to patients', 1, '2026-03-18 10:20:06'),
(930, 32, 102, '2026-01-24 00:00:00', 'dispensed', -20, 'RX-20260124-816', 'Dispensed to patients', 2, '2026-03-18 10:20:06'),
(931, 32, 102, '2026-02-12 00:00:00', 'dispensed', -14, 'RX-20260212-453', 'Dispensed to patients', 1, '2026-03-18 10:20:06'),
(932, 32, 102, '2026-03-04 00:00:00', 'dispensed', -34, 'RX-20260304-927', 'Dispensed to patients', 3, '2026-03-18 10:20:06'),
(933, 32, 102, '2026-03-15 00:00:00', 'dispensed', -26, 'RX-20260315-145', 'Dispensed to patients', 2, '2026-03-18 10:20:06'),
(934, 33, 103, '2025-03-18 09:00:00', 'received', 750, 'PO-2025-4255', 'Stock received from supplier', 2, '2026-03-18 10:20:06'),
(935, 33, 103, '2025-03-23 00:00:00', 'dispensed', -123, 'RX-20250323-341', 'Dispensed to patients', 2, '2026-03-18 10:20:06'),
(936, 33, 103, '2025-04-04 00:00:00', 'dispensed', -120, 'RX-20250404-981', 'Dispensed to patients', 3, '2026-03-18 10:20:06'),
(937, 33, 103, '2025-04-07 00:00:00', 'dispensed', -125, 'RX-20250407-514', 'Dispensed to patients', 3, '2026-03-18 10:20:06'),
(938, 33, 103, '2025-04-21 00:00:00', 'dispensed', -128, 'RX-20250421-348', 'Dispensed to patients', 1, '2026-03-18 10:20:06'),
(939, 33, 103, '2025-04-24 00:00:00', 'dispensed', -127, 'RX-20250424-221', 'Dispensed to patients', 2, '2026-03-18 10:20:06'),
(940, 33, 104, '2025-05-18 09:00:00', 'received', 750, 'PO-2025-4568', 'Stock received from supplier', 3, '2026-03-18 10:20:06'),
(941, 33, 104, '2025-05-23 00:00:00', 'dispensed', -80, 'RX-20250523-360', 'Dispensed to patients', 1, '2026-03-18 10:20:06'),
(942, 33, 104, '2025-06-08 00:00:00', 'dispensed', -61, 'RX-20250608-241', 'Dispensed to patients', 3, '2026-03-18 10:20:06'),
(943, 33, 104, '2025-06-28 00:00:00', 'dispensed', -61, 'RX-20250628-898', 'Dispensed to patients', 3, '2026-03-18 10:20:06'),
(944, 33, 104, '2025-07-04 00:00:00', 'dispensed', -67, 'RX-20250704-922', 'Dispensed to patients', 1, '2026-03-18 10:20:06'),
(945, 33, 104, '2025-07-18 00:00:00', 'dispensed', -74, 'RX-20250718-920', 'Dispensed to patients', 2, '2026-03-18 10:20:06'),
(946, 33, 104, '2025-07-22 00:00:00', 'dispensed', -74, 'RX-20250722-733', 'Dispensed to patients', 2, '2026-03-18 10:20:06'),
(947, 33, 104, '2025-07-25 00:00:00', 'dispensed', -65, 'RX-20250725-142', 'Dispensed to patients', 2, '2026-03-18 10:20:06'),
(948, 34, 105, '2025-11-18 09:00:00', 'received', 300, 'PO-2025-8297', 'Stock received from supplier', 1, '2026-03-18 10:20:06'),
(949, 34, 105, '2025-11-24 00:00:00', 'dispensed', -15, 'RX-20251124-114', 'Dispensed to patients', 3, '2026-03-18 10:20:06'),
(950, 34, 105, '2025-11-30 00:00:00', 'dispensed', -28, 'RX-20251130-306', 'Dispensed to patients', 3, '2026-03-18 10:20:06'),
(951, 34, 105, '2025-12-09 00:00:00', 'dispensed', -23, 'RX-20251209-670', 'Dispensed to patients', 2, '2026-03-18 10:20:06'),
(952, 34, 105, '2025-12-17 00:00:00', 'dispensed', -27, 'RX-20251217-463', 'Dispensed to patients', 3, '2026-03-18 10:20:06'),
(953, 34, 105, '2025-12-25 00:00:00', 'dispensed', -27, 'RX-20251225-265', 'Dispensed to patients', 2, '2026-03-18 10:20:06'),
(954, 34, 105, '2025-12-30 00:00:00', 'dispensed', -23, 'RX-20251230-833', 'Dispensed to patients', 1, '2026-03-18 10:20:06'),
(955, 34, 105, '2026-01-15 00:00:00', 'dispensed', -22, 'RX-20260115-585', 'Dispensed to patients', 2, '2026-03-18 10:20:06'),
(956, 34, 105, '2026-01-23 00:00:00', 'dispensed', -30, 'RX-20260123-947', 'Dispensed to patients', 3, '2026-03-18 10:20:06'),
(957, 34, 105, '2026-01-30 00:00:00', 'dispensed', -29, 'RX-20260130-278', 'Dispensed to patients', 1, '2026-03-18 10:20:06'),
(958, 34, 105, '2026-02-03 00:00:00', 'dispensed', -21, 'RX-20260203-634', 'Dispensed to patients', 3, '2026-03-18 10:20:06'),
(959, 34, 105, '2026-02-13 00:00:00', 'dispensed', -19, 'RX-20260213-587', 'Dispensed to patients', 2, '2026-03-18 10:20:06'),
(960, 34, 106, '2026-02-18 09:00:00', 'received', 300, 'PO-2026-8990', 'Stock received from supplier', 1, '2026-03-18 10:20:06'),
(961, 34, 106, '2026-02-22 00:00:00', 'dispensed', -13, 'RX-20260222-822', 'Dispensed to patients', 1, '2026-03-18 10:20:06'),
(962, 34, 106, '2026-03-08 00:00:00', 'dispensed', -21, 'RX-20260308-479', 'Dispensed to patients', 2, '2026-03-18 10:20:06'),
(963, 34, 106, '2026-03-16 00:00:00', 'dispensed', -16, 'RX-20260316-816', 'Dispensed to patients', 3, '2026-03-18 10:20:06'),
(964, 34, 106, '2026-03-19 00:00:00', 'returned', 2, 'RETURNED-5650', 'Returned unused medication', 1, '2026-03-18 10:20:06'),
(965, 34, 107, '2025-09-18 09:00:00', 'received', 600, 'PO-2025-2012', 'Stock received from supplier', 1, '2026-03-18 10:20:06'),
(966, 34, 107, '2025-09-21 00:00:00', 'dispensed', -51, 'RX-20250921-737', 'Dispensed to patients', 1, '2026-03-18 10:20:06'),
(967, 34, 107, '2025-09-30 00:00:00', 'dispensed', -51, 'RX-20250930-718', 'Dispensed to patients', 1, '2026-03-18 10:20:06'),
(968, 34, 107, '2025-10-10 00:00:00', 'dispensed', -47, 'RX-20251010-270', 'Dispensed to patients', 2, '2026-03-18 10:20:06'),
(969, 34, 107, '2025-10-14 00:00:00', 'dispensed', -33, 'RX-20251014-961', 'Dispensed to patients', 2, '2026-03-18 10:20:06'),
(970, 34, 107, '2025-10-29 00:00:00', 'dispensed', -40, 'RX-20251029-793', 'Dispensed to patients', 3, '2026-03-18 10:20:06'),
(971, 34, 107, '2025-11-01 00:00:00', 'dispensed', -40, 'RX-20251101-793', 'Dispensed to patients', 2, '2026-03-18 10:20:06'),
(972, 34, 107, '2025-11-10 00:00:00', 'dispensed', -42, 'RX-20251110-515', 'Dispensed to patients', 1, '2026-03-18 10:20:06'),
(973, 34, 107, '2025-11-21 00:00:00', 'dispensed', -33, 'RX-20251121-656', 'Dispensed to patients', 2, '2026-03-18 10:20:06'),
(974, 34, 107, '2025-12-08 00:00:00', 'dispensed', -42, 'RX-20251208-578', 'Dispensed to patients', 3, '2026-03-18 10:20:06'),
(975, 34, 107, '2025-12-28 00:00:00', 'dispensed', -36, 'RX-20251228-547', 'Dispensed to patients', 2, '2026-03-18 10:20:06'),
(976, 34, 107, '2026-01-14 00:00:00', 'dispensed', -51, 'RX-20260114-247', 'Dispensed to patients', 1, '2026-03-18 10:20:06'),
(977, 34, 108, '2025-03-18 09:00:00', 'received', 300, 'PO-2025-4203', 'Stock received from supplier', 1, '2026-03-18 10:20:06'),
(978, 34, 108, '2025-03-23 00:00:00', 'dispensed', -29, 'RX-20250323-695', 'Dispensed to patients', 2, '2026-03-18 10:20:06'),
(979, 34, 108, '2025-04-11 00:00:00', 'dispensed', -32, 'RX-20250411-798', 'Dispensed to patients', 1, '2026-03-18 10:20:06'),
(980, 34, 108, '2025-04-27 00:00:00', 'dispensed', -32, 'RX-20250427-978', 'Dispensed to patients', 3, '2026-03-18 10:20:06'),
(981, 34, 108, '2025-05-11 00:00:00', 'dispensed', -19, 'RX-20250511-599', 'Dispensed to patients', 3, '2026-03-18 10:20:06'),
(982, 34, 108, '2025-05-24 00:00:00', 'dispensed', -27, 'RX-20250524-669', 'Dispensed to patients', 3, '2026-03-18 10:20:06'),
(983, 34, 108, '2025-06-06 00:00:00', 'dispensed', -18, 'RX-20250606-318', 'Dispensed to patients', 1, '2026-03-18 10:20:06'),
(984, 34, 108, '2025-06-12 00:00:00', 'dispensed', -28, 'RX-20250612-927', 'Dispensed to patients', 1, '2026-03-18 10:20:06'),
(985, 34, 108, '2025-06-19 00:00:00', 'dispensed', -24, 'RX-20250619-276', 'Dispensed to patients', 3, '2026-03-18 10:20:06'),
(986, 34, 108, '2025-06-19 00:00:00', 'returned', 5, 'RETURNED-6055', 'Returned unused medication', 2, '2026-03-18 10:20:06'),
(987, 35, 109, '2025-11-18 09:00:00', 'received', 100, 'PO-2025-5483', 'Stock received from supplier', 2, '2026-03-18 10:20:06'),
(988, 35, 109, '2025-11-22 00:00:00', 'dispensed', -6, 'RX-20251122-667', 'Dispensed to patients', 3, '2026-03-18 10:20:06'),
(989, 35, 110, '2025-10-18 09:00:00', 'received', 150, 'PO-2025-2015', 'Stock received from supplier', 2, '2026-03-18 10:20:06'),
(990, 35, 110, '2025-11-02 00:00:00', 'dispensed', -27, 'RX-20251102-743', 'Dispensed to patients', 2, '2026-03-18 10:20:06'),
(991, 35, 110, '2025-11-19 00:00:00', 'dispensed', -19, 'RX-20251119-597', 'Dispensed to patients', 3, '2026-03-18 10:20:06'),
(992, 35, 110, '2025-11-29 00:00:00', 'dispensed', -9, 'RX-20251129-150', 'Dispensed to patients', 1, '2026-03-18 10:20:06'),
(993, 35, 110, '2025-12-08 00:00:00', 'dispensed', -17, 'RX-20251208-516', 'Dispensed to patients', 3, '2026-03-18 10:20:06'),
(994, 35, 110, '2025-12-18 00:00:00', 'dispensed', -9, 'RX-20251218-877', 'Dispensed to patients', 2, '2026-03-18 10:20:06'),
(995, 35, 110, '2025-12-25 00:00:00', 'dispensed', -8, 'RX-20251225-926', 'Dispensed to patients', 3, '2026-03-18 10:20:06'),
(996, 36, 111, '2025-04-18 09:00:00', 'received', 180, 'PO-2025-2633', 'Stock received from supplier', 3, '2026-03-18 10:20:06'),
(997, 36, 111, '2025-05-04 00:00:00', 'dispensed', -17, 'RX-20250504-526', 'Dispensed to patients', 3, '2026-03-18 10:20:06'),
(998, 36, 111, '2025-05-22 00:00:00', 'dispensed', -2, 'RX-20250522-134', 'Dispensed to patients', 1, '2026-03-18 10:20:06'),
(999, 36, 111, '2025-05-29 00:00:00', 'dispensed', -22, 'RX-20250529-794', 'Dispensed to patients', 1, '2026-03-18 10:20:06'),
(1000, 36, 111, '2025-06-12 00:00:00', 'dispensed', -17, 'RX-20250612-237', 'Dispensed to patients', 2, '2026-03-18 10:20:06'),
(1001, 36, 111, '2025-06-24 00:00:00', 'dispensed', -7, 'RX-20250624-581', 'Dispensed to patients', 3, '2026-03-18 10:20:06'),
(1002, 36, 111, '2025-06-27 00:00:00', 'dispensed', -2, 'RX-20250627-173', 'Dispensed to patients', 1, '2026-03-18 10:20:06'),
(1003, 36, 111, '2025-07-15 00:00:00', 'dispensed', -6, 'RX-20250715-545', 'Dispensed to patients', 1, '2026-03-18 10:20:06'),
(1004, 36, 111, '2025-07-24 00:00:00', 'dispensed', -11, 'RX-20250724-516', 'Dispensed to patients', 3, '2026-03-18 10:20:06'),
(1005, 36, 111, '2025-07-29 00:00:00', 'dispensed', -18, 'RX-20250729-951', 'Dispensed to patients', 3, '2026-03-18 10:20:06'),
(1006, 36, 111, '2025-08-05 00:00:00', 'dispensed', -12, 'RX-20250805-238', 'Dispensed to patients', 3, '2026-03-18 10:20:06'),
(1007, 36, 111, '2025-08-21 00:00:00', 'dispensed', -21, 'RX-20250821-638', 'Dispensed to patients', 2, '2026-03-18 10:20:06'),
(1008, 36, 111, '2025-09-01 00:00:00', 'dispensed', -15, 'RX-20250901-639', 'Dispensed to patients', 3, '2026-03-18 10:20:06'),
(1009, 36, 111, '2025-09-21 00:00:00', 'dispensed', -11, 'RX-20250921-242', 'Dispensed to patients', 3, '2026-03-18 10:20:06'),
(1010, 36, 112, '2025-10-18 09:00:00', 'received', 120, 'PO-2025-1610', 'Stock received from supplier', 2, '2026-03-18 10:20:06'),
(1011, 36, 112, '2025-10-28 00:00:00', 'dispensed', -18, 'RX-20251028-340', 'Dispensed to patients', 1, '2026-03-18 10:20:06'),
(1012, 36, 112, '2025-11-09 00:00:00', 'dispensed', -23, 'RX-20251109-608', 'Dispensed to patients', 2, '2026-03-18 10:20:06'),
(1013, 36, 112, '2025-11-19 00:00:00', 'dispensed', -25, 'RX-20251119-379', 'Dispensed to patients', 3, '2026-03-18 10:20:06'),
(1014, 36, 112, '2025-12-04 00:00:00', 'dispensed', -21, 'RX-20251204-602', 'Dispensed to patients', 3, '2026-03-18 10:20:06'),
(1015, 36, 112, '2025-12-20 00:00:00', 'dispensed', -8, 'RX-20251220-422', 'Dispensed to patients', 2, '2026-03-18 10:20:06'),
(1016, 36, 112, '2025-12-27 00:00:00', 'dispensed', -20, 'RX-20251227-892', 'Dispensed to patients', 1, '2026-03-18 10:20:06'),
(1017, 37, 113, '2025-06-18 09:00:00', 'received', 240, 'PO-2025-5327', 'Stock received from supplier', 2, '2026-03-18 10:20:06'),
(1018, 37, 113, '2025-07-02 00:00:00', 'dispensed', -35, 'RX-20250702-696', 'Dispensed to patients', 2, '2026-03-18 10:20:06'),
(1019, 37, 113, '2025-07-05 00:00:00', 'dispensed', -38, 'RX-20250705-251', 'Dispensed to patients', 3, '2026-03-18 10:20:06'),
(1020, 37, 113, '2025-07-11 00:00:00', 'dispensed', -36, 'RX-20250711-928', 'Dispensed to patients', 3, '2026-03-18 10:20:06'),
(1021, 37, 113, '2025-07-15 00:00:00', 'dispensed', -34, 'RX-20250715-299', 'Dispensed to patients', 2, '2026-03-18 10:20:06'),
(1022, 37, 113, '2025-07-24 00:00:00', 'dispensed', -23, 'RX-20250724-643', 'Dispensed to patients', 3, '2026-03-18 10:20:06'),
(1023, 37, 114, '2025-07-18 09:00:00', 'received', 160, 'PO-2025-8071', 'Stock received from supplier', 3, '2026-03-18 10:20:06'),
(1024, 37, 115, '2025-04-18 09:00:00', 'received', 240, 'PO-2025-3938', 'Stock received from supplier', 3, '2026-03-18 10:20:06'),
(1025, 37, 115, '2025-04-22 00:00:00', 'dispensed', -11, 'RX-20250422-841', 'Dispensed to patients', 2, '2026-03-18 10:20:06'),
(1026, 37, 115, '2025-05-06 00:00:00', 'dispensed', -18, 'RX-20250506-261', 'Dispensed to patients', 2, '2026-03-18 10:20:06'),
(1027, 37, 115, '2025-05-13 00:00:00', 'dispensed', -24, 'RX-20250513-990', 'Dispensed to patients', 1, '2026-03-18 10:20:06'),
(1028, 37, 115, '2025-05-21 00:00:00', 'dispensed', -26, 'RX-20250521-866', 'Dispensed to patients', 1, '2026-03-18 10:20:06'),
(1029, 37, 115, '2025-06-02 00:00:00', 'dispensed', -13, 'RX-20250602-615', 'Dispensed to patients', 1, '2026-03-18 10:20:06'),
(1030, 37, 115, '2025-06-05 00:00:00', 'dispensed', -16, 'RX-20250605-687', 'Dispensed to patients', 1, '2026-03-18 10:20:06'),
(1031, 37, 115, '2025-06-17 00:00:00', 'dispensed', -12, 'RX-20250617-510', 'Dispensed to patients', 3, '2026-03-18 10:20:06'),
(1032, 37, 115, '2025-06-20 00:00:00', 'dispensed', -21, 'RX-20250620-844', 'Dispensed to patients', 2, '2026-03-18 10:20:06'),
(1033, 37, 115, '2025-06-27 00:00:00', 'dispensed', -20, 'RX-20250627-841', 'Dispensed to patients', 1, '2026-03-18 10:20:06'),
(1034, 37, 115, '2025-07-04 00:00:00', 'dispensed', -16, 'RX-20250704-749', 'Dispensed to patients', 1, '2026-03-18 10:20:06'),
(1035, 37, 115, '2025-07-15 00:00:00', 'dispensed', -11, 'RX-20250715-652', 'Dispensed to patients', 2, '2026-03-18 10:20:06'),
(1036, 37, 115, '2025-07-31 00:00:00', 'dispensed', -11, 'RX-20250731-131', 'Dispensed to patients', 3, '2026-03-18 10:20:06'),
(1037, 38, 116, '2025-06-18 09:00:00', 'received', 500, 'PO-2025-4809', 'Stock received from supplier', 3, '2026-03-18 10:20:06'),
(1038, 38, 116, '2025-07-05 00:00:00', 'dispensed', -41, 'RX-20250705-155', 'Dispensed to patients', 2, '2026-03-18 10:20:06'),
(1039, 38, 116, '2025-07-12 00:00:00', 'dispensed', -34, 'RX-20250712-153', 'Dispensed to patients', 3, '2026-03-18 10:20:06'),
(1040, 38, 116, '2025-07-28 00:00:00', 'dispensed', -34, 'RX-20250728-438', 'Dispensed to patients', 2, '2026-03-18 10:20:06'),
(1041, 38, 116, '2025-08-04 00:00:00', 'dispensed', -32, 'RX-20250804-636', 'Dispensed to patients', 1, '2026-03-18 10:20:06'),
(1042, 38, 116, '2025-08-12 00:00:00', 'dispensed', -29, 'RX-20250812-463', 'Dispensed to patients', 2, '2026-03-18 10:20:06'),
(1043, 38, 116, '2025-08-30 00:00:00', 'dispensed', -37, 'RX-20250830-244', 'Dispensed to patients', 2, '2026-03-18 10:20:06'),
(1044, 38, 116, '2025-09-04 00:00:00', 'dispensed', -42, 'RX-20250904-340', 'Dispensed to patients', 2, '2026-03-18 10:20:06'),
(1045, 38, 116, '2025-09-18 00:00:00', 'dispensed', -45, 'RX-20250918-841', 'Dispensed to patients', 2, '2026-03-18 10:20:06'),
(1046, 38, 116, '2025-10-02 00:00:00', 'dispensed', -29, 'RX-20251002-716', 'Dispensed to patients', 3, '2026-03-18 10:20:06'),
(1047, 38, 117, '2025-07-18 09:00:00', 'received', 300, 'PO-2025-5975', 'Stock received from supplier', 1, '2026-03-18 10:20:06'),
(1048, 38, 117, '2025-07-26 00:00:00', 'dispensed', -21, 'RX-20250726-556', 'Dispensed to patients', 1, '2026-03-18 10:20:06'),
(1049, 38, 117, '2025-08-04 00:00:00', 'dispensed', -24, 'RX-20250804-926', 'Dispensed to patients', 2, '2026-03-18 10:20:06'),
(1050, 38, 117, '2025-08-21 00:00:00', 'dispensed', -21, 'RX-20250821-361', 'Dispensed to patients', 3, '2026-03-18 10:20:06'),
(1051, 38, 117, '2025-08-26 00:00:00', 'dispensed', -15, 'RX-20250826-909', 'Dispensed to patients', 3, '2026-03-18 10:20:06'),
(1052, 38, 117, '2025-09-03 00:00:00', 'dispensed', -13, 'RX-20250903-305', 'Dispensed to patients', 3, '2026-03-18 10:20:06'),
(1053, 38, 117, '2025-09-16 00:00:00', 'dispensed', -13, 'RX-20250916-506', 'Dispensed to patients', 3, '2026-03-18 10:20:06'),
(1054, 38, 117, '2025-09-23 00:00:00', 'dispensed', -25, 'RX-20250923-482', 'Dispensed to patients', 2, '2026-03-18 10:20:06'),
(1055, 38, 117, '2025-09-29 00:00:00', 'dispensed', -15, 'RX-20250929-425', 'Dispensed to patients', 1, '2026-03-18 10:20:06'),
(1056, 38, 117, '2025-10-03 00:00:00', 'dispensed', -17, 'RX-20251003-757', 'Dispensed to patients', 3, '2026-03-18 10:20:06'),
(1057, 38, 117, '2025-10-14 00:00:00', 'dispensed', -5, 'RX-20251014-279', 'Dispensed to patients', 3, '2026-03-18 10:20:06'),
(1058, 38, 117, '2025-10-17 00:00:00', 'dispensed', -18, 'RX-20251017-626', 'Dispensed to patients', 1, '2026-03-18 10:20:06'),
(1059, 38, 117, '2025-10-31 00:00:00', 'dispensed', -22, 'RX-20251031-434', 'Dispensed to patients', 1, '2026-03-18 10:20:06'),
(1060, 38, 118, '2025-11-18 09:00:00', 'received', 500, 'PO-2025-2799', 'Stock received from supplier', 1, '2026-03-18 10:20:06'),
(1061, 38, 118, '2025-11-26 00:00:00', 'dispensed', -30, 'RX-20251126-840', 'Dispensed to patients', 3, '2026-03-18 10:20:06'),
(1062, 38, 118, '2025-12-06 00:00:00', 'dispensed', -38, 'RX-20251206-640', 'Dispensed to patients', 1, '2026-03-18 10:20:06'),
(1063, 38, 118, '2025-12-18 00:00:00', 'dispensed', -24, 'RX-20251218-234', 'Dispensed to patients', 1, '2026-03-18 10:20:06'),
(1064, 38, 118, '2025-12-28 00:00:00', 'dispensed', -25, 'RX-20251228-818', 'Dispensed to patients', 1, '2026-03-18 10:20:06'),
(1065, 38, 118, '2026-01-11 00:00:00', 'dispensed', -18, 'RX-20260111-876', 'Dispensed to patients', 1, '2026-03-18 10:20:06'),
(1066, 38, 118, '2026-01-21 00:00:00', 'dispensed', -22, 'RX-20260121-703', 'Dispensed to patients', 2, '2026-03-18 10:20:06'),
(1067, 38, 118, '2026-02-09 00:00:00', 'dispensed', -38, 'RX-20260209-706', 'Dispensed to patients', 3, '2026-03-18 10:20:06'),
(1068, 38, 118, '2026-02-17 00:00:00', 'dispensed', -24, 'RX-20260217-843', 'Dispensed to patients', 1, '2026-03-18 10:20:06'),
(1069, 38, 118, '2026-03-06 00:00:00', 'dispensed', -36, 'RX-20260306-368', 'Dispensed to patients', 2, '2026-03-18 10:20:06'),
(1070, 38, 118, '2026-03-14 00:00:00', 'dispensed', -29, 'RX-20260314-742', 'Dispensed to patients', 2, '2026-03-18 10:20:06'),
(1071, 38, 119, '2025-03-18 09:00:00', 'received', 200, 'PO-2025-3479', 'Stock received from supplier', 1, '2026-03-18 10:20:06'),
(1072, 38, 119, '2025-04-06 00:00:00', 'dispensed', -5, 'RX-20250406-570', 'Dispensed to patients', 1, '2026-03-18 10:20:06'),
(1073, 38, 119, '2025-04-15 00:00:00', 'dispensed', -7, 'RX-20250415-301', 'Dispensed to patients', 2, '2026-03-18 10:20:06'),
(1074, 38, 119, '2025-05-03 00:00:00', 'dispensed', -14, 'RX-20250503-951', 'Dispensed to patients', 3, '2026-03-18 10:20:06'),
(1075, 38, 119, '2025-05-07 00:00:00', 'dispensed', -6, 'RX-20250507-101', 'Dispensed to patients', 1, '2026-03-18 10:20:06'),
(1076, 38, 119, '2025-05-18 00:00:00', 'dispensed', -22, 'RX-20250518-429', 'Dispensed to patients', 3, '2026-03-18 10:20:06'),
(1077, 38, 119, '2025-05-31 00:00:00', 'dispensed', -11, 'RX-20250531-519', 'Dispensed to patients', 1, '2026-03-18 10:20:06'),
(1078, 38, 119, '2025-06-13 00:00:00', 'dispensed', -13, 'RX-20250613-247', 'Dispensed to patients', 1, '2026-03-18 10:20:06'),
(1079, 38, 119, '2025-06-28 00:00:00', 'dispensed', -9, 'RX-20250628-693', 'Dispensed to patients', 1, '2026-03-18 10:20:06'),
(1080, 38, 119, '2025-07-17 00:00:00', 'dispensed', -15, 'RX-20250717-364', 'Dispensed to patients', 2, '2026-03-18 10:20:06'),
(1081, 38, 119, '2025-07-21 00:00:00', 'dispensed', -22, 'RX-20250721-974', 'Dispensed to patients', 1, '2026-03-18 10:20:06'),
(1082, 38, 119, '2025-07-30 00:00:00', 'dispensed', -15, 'RX-20250730-969', 'Dispensed to patients', 1, '2026-03-18 10:20:06'),
(1083, 38, 119, '2025-08-12 00:00:00', 'dispensed', -12, 'RX-20250812-336', 'Dispensed to patients', 2, '2026-03-18 10:20:06'),
(1084, 38, 119, '2025-08-12 00:00:00', 'expired', -4, 'EXPIRED-1506', 'Expired items removed from stock', 2, '2026-03-18 10:20:06'),
(1085, 27, 120, '2026-03-19 09:00:00', 'received', 3, 'BATCH-001', 'Opening stock from batch entry', NULL, '2026-03-19 11:42:26');

-- --------------------------------------------------------

--
-- Table structure for table `patients`
--

CREATE TABLE `patients` (
  `id` bigint(20) UNSIGNED NOT NULL,
  `household_id` bigint(20) UNSIGNED DEFAULT NULL,
  `philhealth_no` varchar(30) DEFAULT NULL,
  `national_id` varchar(30) DEFAULT NULL,
  `first_name` varchar(80) NOT NULL,
  `middle_name` varchar(80) DEFAULT NULL,
  `last_name` varchar(80) NOT NULL,
  `suffix` varchar(10) DEFAULT NULL,
  `sex` enum('male','female') NOT NULL,
  `birth_date` date NOT NULL,
  `blood_type` varchar(5) DEFAULT NULL,
  `contact_no` varchar(30) DEFAULT NULL,
  `email` varchar(120) DEFAULT NULL,
  `address_line` varchar(255) DEFAULT NULL,
  `barangay` varchar(120) NOT NULL,
  `status` enum('active','inactive','deceased') NOT NULL DEFAULT 'active',
  `created_at` datetime NOT NULL DEFAULT current_timestamp(),
  `updated_at` datetime DEFAULT NULL ON UPDATE current_timestamp()
) ENGINE=InnoDB DEFAULT CHARSET=utf8mb4 COLLATE=utf8mb4_unicode_ci;

--
-- Dumping data for table `patients`
--

INSERT INTO `patients` (`id`, `household_id`, `philhealth_no`, `national_id`, `first_name`, `middle_name`, `last_name`, `suffix`, `sex`, `birth_date`, `blood_type`, `contact_no`, `email`, `address_line`, `barangay`, `status`, `created_at`, `updated_at`) VALUES
(1, NULL, '109788910898', NULL, 'Rodrigo', 'Hernandez', 'Santos', NULL, 'male', '1985-05-25', 'AB-', '09948983531', NULL, 'Osmena Ave. 228', 'Poblacion', 'active', '2026-03-18 10:20:02', NULL),
(2, NULL, '804989543691', NULL, 'Maria', 'Castro', 'Fernandez', NULL, 'female', '1982-05-29', 'B-', NULL, NULL, 'Mabini St. 36', 'San Isidro', 'active', '2026-03-18 10:20:02', NULL),
(3, NULL, NULL, NULL, 'Isabel', 'Valdez', 'Santiago', 'Jr.', 'female', '1992-09-26', 'B+', '09431487124', NULL, 'Aguinaldo Ave. 427', 'Poblacion', 'active', '2026-03-18 10:20:02', NULL),
(4, 66, '422583020067', NULL, 'Maria', 'Ramos', 'Flores', NULL, 'female', '1967-07-10', NULL, '09562576339', NULL, 'Magsaysay St. 413', 'Centro', 'active', '2026-03-18 10:20:02', NULL),
(5, NULL, '755121371306', NULL, 'Victoria', 'Ocampo', 'Dela Cruz', NULL, 'female', '1976-12-15', 'O+', '09255770291', NULL, 'Bonifacio Ave. 15', 'Maligaya', 'active', '2026-03-18 10:20:02', NULL),
(6, 70, NULL, NULL, 'Margarita', 'Castro', 'Torres', NULL, 'female', '1969-04-03', NULL, '09666061606', 'margarita.torres945@gmail.com', 'Del Pilar St. 436', 'Poblacion', 'active', '2026-03-18 10:20:02', NULL),
(7, 66, NULL, NULL, 'Sofia', 'Ramos', 'Rivera', NULL, 'female', '2004-03-02', 'A+', '09760833662', NULL, 'Del Pilar St. 171', 'San Isidro', 'active', '2026-03-18 10:20:02', NULL),
(8, NULL, NULL, NULL, 'Dolores', 'Domingo', 'Soriano', 'III', 'female', '2011-01-29', NULL, '09624513418', 'dolores.soriano65@gmail.com', 'Bonifacio Ave. 224', 'Alinguigan', 'active', '2026-03-18 10:20:02', NULL),
(9, NULL, NULL, NULL, 'Dolores', 'Ramos', 'Reyes', NULL, 'female', '2002-05-25', 'B+', '09583811359', 'dolores.reyes614@gmail.com', 'Luna St. 232', 'Alinguigan', 'active', '2026-03-18 10:20:02', NULL),
(10, 73, NULL, NULL, 'Jose', 'Mendoza', 'Francisco', NULL, 'male', '1997-04-23', 'O-', '09685714532', 'jose.francisco998@gmail.com', 'Aguinaldo Ave. 417', 'Centro', 'active', '2026-03-18 10:20:02', NULL),
(11, 69, NULL, NULL, 'Sofia', 'Hernandez', 'Soriano', 'II', 'female', '2012-06-29', 'AB-', '09631364586', NULL, 'Luna St. 487', 'Santa Cruz', 'active', '2026-03-18 10:20:02', NULL),
(12, 79, '400111958910', NULL, 'Teresa', 'Ramos', 'Soriano', NULL, 'female', '1948-02-19', 'B-', NULL, 'teresa.soriano494@gmail.com', 'Mabini St. 159', 'Poblacion', 'active', '2026-03-18 10:20:02', NULL),
(13, NULL, '789032444254', NULL, 'Ramon', 'Mercado', 'Gonzales', NULL, 'male', '1998-05-15', 'B+', NULL, 'ramon.gonzales102@gmail.com', 'Roxas St. 317', 'San Jose', 'active', '2026-03-18 10:20:02', NULL),
(14, 80, '979672373266', NULL, 'Eduardo', 'Mercado', 'Martinez', NULL, 'male', '1953-02-10', NULL, NULL, NULL, 'Osmena Ave. 158', 'Alinguigan', 'active', '2026-03-18 10:20:02', NULL),
(15, 71, '781456691829', NULL, 'Ana', 'Rivera', 'Aguilar', NULL, 'female', '1991-01-05', 'AB+', '09256327687', NULL, 'Luna St. 51', 'Alinguigan', 'active', '2026-03-18 10:20:02', NULL),
(16, NULL, NULL, NULL, 'Luz', 'Santiago', 'Francisco', 'II', 'female', '2000-02-08', NULL, '09319469342', 'luz.francisco331@gmail.com', 'Roxas St. 136', 'San Jose', 'active', '2026-03-18 10:20:02', NULL),
(17, 68, NULL, NULL, 'Elena', 'Castillo', 'Valdez', NULL, 'female', '1981-07-20', 'B+', NULL, NULL, 'Quezon Blvd. 91', 'Centro', 'active', '2026-03-18 10:20:02', NULL),
(18, 63, '365346760539', NULL, 'Cristina', 'Bautista', 'Castro', NULL, 'female', '1981-08-27', NULL, '09357136844', NULL, 'Osmena Ave. 31', 'Maligaya', 'active', '2026-03-18 10:20:02', NULL),
(19, NULL, '210159131098', NULL, 'Francisco', 'Rivera', 'Santos', 'Sr.', 'male', '2021-06-20', 'O-', NULL, 'francisco.santos484@gmail.com', 'Quezon Blvd. 113', 'Alinguigan', 'active', '2026-03-18 10:20:02', NULL),
(20, 63, NULL, NULL, 'Gloria', 'Valdez', 'Dela Cruz', 'III', 'female', '1987-05-01', NULL, '09552047826', 'gloria.delacruz36@gmail.com', 'Rizal St. 499', 'San Jose', 'active', '2026-03-18 10:20:02', NULL),
(21, 74, NULL, NULL, 'Teresa', 'Castillo', 'Mendoza', 'Jr.', 'female', '1963-10-03', 'A-', '09867886196', NULL, 'Quezon Blvd. 406', 'Santo Niño', 'active', '2026-03-18 10:20:02', NULL),
(22, 81, NULL, NULL, 'Pedro', 'Hernandez', 'Torres', NULL, 'male', '2021-07-30', 'AB-', NULL, NULL, 'Del Pilar St. 394', 'Centro', 'active', '2026-03-18 10:20:02', NULL),
(23, 69, NULL, NULL, 'Victoria', 'Bautista', 'Aquino', NULL, 'female', '2018-08-14', 'O-', '09492375896', NULL, 'Magsaysay St. 267', 'Poblacion', 'active', '2026-03-18 10:20:02', NULL),
(24, 77, '913702217651', NULL, 'Rafael', 'Santos', 'Castro', 'III', 'male', '1974-04-25', 'A+', NULL, NULL, 'Magsaysay St. 50', 'Centro', 'active', '2026-03-18 10:20:02', NULL),
(25, NULL, NULL, NULL, 'Fernando', 'Santos', 'Navarro', NULL, 'male', '2007-11-21', 'O+', NULL, NULL, 'Roxas St. 464', 'Centro', 'active', '2026-03-18 10:20:02', NULL),
(26, NULL, '357564473003', NULL, 'Cristina', 'Bautista', 'Soriano', NULL, 'female', '1995-12-29', 'O+', NULL, 'cristina.soriano209@gmail.com', 'Bonifacio Ave. 144', 'Santa Cruz', 'active', '2026-03-18 10:20:02', NULL),
(27, 81, NULL, NULL, 'Teresa', 'Bautista', 'Valdez', NULL, 'female', '1984-10-27', NULL, NULL, 'teresa.valdez857@gmail.com', 'Del Pilar St. 149', 'Bagong Bayan', 'active', '2026-03-18 10:20:02', NULL),
(28, NULL, '875635460155', NULL, 'Gabriel', 'Ramos', 'Ramos', NULL, 'male', '1980-05-28', NULL, NULL, NULL, 'Magsaysay St. 4', 'Maligaya', 'active', '2026-03-18 10:20:02', NULL),
(29, 78, '943846174021', NULL, 'Juan', 'Bautista', 'Ramos', NULL, 'male', '2012-07-28', 'A+', '09233358751', NULL, 'Roxas St. 448', 'Centro', 'active', '2026-03-18 10:20:02', NULL),
(30, NULL, '964723062444', NULL, 'Mario', 'Castillo', 'Villanueva', NULL, 'male', '1970-07-04', 'AB+', NULL, NULL, 'Luna St. 397', 'Riverside', 'active', '2026-03-18 10:20:02', NULL),
(31, 72, '228115814724', NULL, 'Rosa', 'Flores', 'Santiago', 'II', 'female', '2023-04-21', 'O-', '09817860046', NULL, 'Aguinaldo Ave. 424', 'Maligaya', 'active', '2026-03-18 10:20:02', NULL),
(32, NULL, NULL, NULL, 'Mario', 'Santos', 'Santos', 'Jr.', 'male', '1979-01-18', 'O+', NULL, NULL, 'Bonifacio Ave. 199', 'Maligaya', 'active', '2026-03-18 10:20:02', NULL),
(33, 71, '343634326002', NULL, 'Luz', 'Castro', 'Villanueva', NULL, 'female', '1959-08-23', 'B-', '09147878195', NULL, 'Aguinaldo Ave. 420', 'San Isidro', 'active', '2026-03-18 10:20:02', NULL),
(34, NULL, NULL, NULL, 'Beatriz', 'Rivera', 'Castro', NULL, 'female', '1988-07-28', 'A+', '09865667985', NULL, 'Rizal St. 245', 'Poblacion', 'active', '2026-03-18 10:20:02', NULL),
(35, NULL, NULL, NULL, 'Miguel', 'Castro', 'Pascual', 'III', 'male', '2024-11-01', NULL, NULL, 'miguel.pascual902@gmail.com', 'Quezon Blvd. 376', 'Santo Niño', 'active', '2026-03-18 10:20:02', NULL),
(36, 70, NULL, NULL, 'Ricardo', 'Reyes', 'Valdez', NULL, 'male', '1970-03-11', 'B-', '09947050678', NULL, 'Aguinaldo Ave. 252', 'Alinguigan', 'active', '2026-03-18 10:20:02', NULL),
(37, NULL, NULL, NULL, 'Daniel', 'Santos', 'Rivera', NULL, 'male', '1982-04-27', 'O-', NULL, 'daniel.rivera714@gmail.com', 'Luna St. 455', 'Santa Cruz', 'active', '2026-03-18 10:20:02', NULL),
(38, NULL, '896604079503', NULL, 'Gabriel', 'Flores', 'Santos', NULL, 'male', '1980-07-01', 'AB-', '09508612282', NULL, 'Luna St. 475', 'Santo Niño', 'active', '2026-03-18 10:20:02', NULL),
(39, 73, '796988651638', NULL, 'Josefa', 'Hernandez', 'Lopez', NULL, 'female', '1991-02-04', 'A+', NULL, NULL, 'Magsaysay St. 195', 'Riverside', 'active', '2026-03-18 10:20:02', NULL),
(40, NULL, '406608195671', NULL, 'Daniel', 'Valdez', 'Bautista', NULL, 'male', '2024-07-18', 'B+', '09946452850', NULL, 'Del Pilar St. 348', 'Centro', 'active', '2026-03-18 10:20:02', NULL),
(41, 74, NULL, NULL, 'Mario', 'Hernandez', 'Ramos', NULL, 'male', '2009-07-30', 'A+', '09413752150', 'mario.ramos147@gmail.com', 'Rizal St. 158', 'Bagong Bayan', 'active', '2026-03-18 10:20:02', NULL),
(42, 69, '181826669183', NULL, 'Teresa', 'Reyes', 'Mercado', 'III', 'female', '1976-10-01', 'AB-', NULL, 'teresa.mercado541@gmail.com', 'Del Pilar St. 437', 'Santo Niño', 'active', '2026-03-18 10:20:02', NULL),
(43, 79, NULL, NULL, 'Carmen', 'Cruz', 'Ramos', NULL, 'female', '2022-07-05', 'AB-', '09334906659', NULL, 'Magsaysay St. 300', 'Bagong Bayan', 'active', '2026-03-18 10:20:02', NULL),
(44, 65, '326767686074', NULL, 'Angela', 'Valdez', 'Villanueva', 'III', 'female', '1982-04-15', 'A+', '09225177536', 'angela.villanueva475@gmail.com', 'Magsaysay St. 494', 'Maligaya', 'active', '2026-03-18 10:20:02', NULL),
(45, 80, '190075975778', NULL, 'Beatriz', 'Morales', 'Soriano', 'Sr.', 'female', '1964-07-08', 'A+', '09845957576', NULL, 'Bonifacio Ave. 409', 'Bagong Bayan', 'active', '2026-03-18 10:20:02', NULL),
(46, NULL, NULL, NULL, 'Josefa', 'Pascual', 'Rivera', 'III', 'female', '1984-05-26', 'A+', '09843994339', NULL, 'Del Pilar St. 63', 'Bagong Bayan', 'active', '2026-03-18 10:20:02', NULL),
(47, 64, NULL, NULL, 'Catalina', 'Castillo', 'Valdez', NULL, 'female', '1986-10-13', 'A+', '09931926964', NULL, 'Mabini St. 432', 'Riverside', 'active', '2026-03-18 10:20:02', NULL),
(48, 67, NULL, NULL, 'Isabel', 'Hernandez', 'Aguilar', 'II', 'female', '1982-10-22', 'O-', NULL, 'isabel.aguilar92@gmail.com', 'Roxas St. 172', 'Maligaya', 'active', '2026-03-18 10:20:02', NULL),
(49, 77, '978511075304', NULL, 'Isabel', 'Torres', 'Valdez', 'Sr.', 'female', '1992-09-12', NULL, NULL, NULL, 'Luna St. 117', 'Riverside', 'active', '2026-03-18 10:20:02', NULL),
(50, 77, NULL, NULL, 'Fernando', 'Castillo', 'Castro', NULL, 'male', '1967-09-07', 'AB+', '09268567369', NULL, 'Bonifacio Ave. 20', 'Santo Niño', 'deceased', '2026-03-18 10:20:02', NULL),
(51, 70, '869827407923', NULL, 'Patricia', 'Reyes', 'Santos', 'Jr.', 'female', '1995-06-30', 'AB-', '09296891239', 'patricia.santos50@gmail.com', 'Mabini St. 153', 'Alinguigan', 'active', '2026-03-18 10:20:02', NULL),
(52, 64, '704797134486', NULL, 'Roberto', 'Bautista', 'Santos', NULL, 'male', '1988-03-14', 'AB-', NULL, 'roberto.santos232@gmail.com', 'Magsaysay St. 373', 'Centro', 'active', '2026-03-18 10:20:02', NULL),
(53, 72, '136043760282', NULL, 'Luis', 'Flores', 'Aguilar', 'III', 'male', '1968-04-04', 'O+', '09899924527', NULL, 'Osmena Ave. 372', 'Alinguigan', 'active', '2026-03-18 10:20:02', NULL),
(54, 66, '656758504216', NULL, 'Fernando', 'Cruz', 'Pascual', NULL, 'male', '2019-10-06', 'AB-', '09966941390', NULL, 'Bonifacio Ave. 446', 'Santa Cruz', 'active', '2026-03-18 10:20:02', NULL),
(55, 67, NULL, NULL, 'Pedro', 'Ramos', 'Santiago', NULL, 'male', '2008-03-14', NULL, '09983527073', NULL, 'Rizal St. 294', 'Riverside', 'active', '2026-03-18 10:20:02', NULL),
(56, 66, '772526426898', NULL, 'Mario', 'Rivera', 'Aquino', 'Jr.', 'male', '1992-04-01', 'AB-', '09681819839', NULL, 'Luna St. 108', 'Riverside', 'active', '2026-03-18 10:20:02', NULL),
(57, NULL, NULL, NULL, 'Beatriz', 'Aquino', 'Rivera', NULL, 'female', '1996-01-21', 'O-', '09755294578', NULL, 'Aguinaldo Ave. 402', 'Santo Niño', 'active', '2026-03-18 10:20:02', NULL),
(58, 67, '595428172680', NULL, 'Daniel', 'Torres', 'Aquino', NULL, 'male', '1967-09-30', 'B+', NULL, 'daniel.aquino213@gmail.com', 'Rizal St. 198', 'Santa Cruz', 'active', '2026-03-18 10:20:02', NULL),
(59, 66, NULL, NULL, 'Luz', 'Mendoza', 'Dela Cruz', 'Jr.', 'female', '1963-05-20', 'A+', '09682635234', NULL, 'Osmena Ave. 112', 'Centro', 'active', '2026-03-18 10:20:02', NULL),
(60, NULL, NULL, NULL, 'Antonio', 'Hernandez', 'Dela Cruz', 'Jr.', 'male', '1997-05-14', 'B+', '09288699711', NULL, 'Mabini St. 354', 'Maligaya', 'active', '2026-03-18 10:20:02', NULL),
(61, NULL, NULL, NULL, 'Juan', 'Valdez', 'Flores', 'II', 'male', '1984-12-17', 'A-', NULL, NULL, 'Luna St. 471', 'Poblacion', 'active', '2026-03-18 10:20:02', NULL),
(62, 80, '414551075956', NULL, 'Gloria', 'Santiago', 'Lopez', NULL, 'female', '1960-04-13', NULL, '09549050980', NULL, 'Magsaysay St. 353', 'San Jose', 'active', '2026-03-18 10:20:02', NULL),
(63, 71, NULL, NULL, 'Antonio', 'Castillo', 'Soriano', NULL, 'male', '1983-08-14', 'B+', '09476775498', NULL, 'Bonifacio Ave. 55', 'Bagong Bayan', 'active', '2026-03-18 10:20:02', NULL),
(64, NULL, '880982817477', NULL, 'Dolores', 'Reyes', 'Rivera', 'II', 'female', '1962-05-21', 'B+', '09911573532', 'dolores.rivera868@gmail.com', 'Magsaysay St. 23', 'Riverside', 'active', '2026-03-18 10:20:02', NULL),
(65, 70, '900659456182', NULL, 'Margarita', 'Reyes', 'Aquino', 'Sr.', 'female', '2017-05-21', 'A-', '09298643730', 'margarita.aquino669@gmail.com', 'Rizal St. 187', 'Bagong Bayan', 'active', '2026-03-18 10:20:02', NULL),
(66, NULL, '198213081664', NULL, 'Esperanza', 'Mendoza', 'Fernandez', 'Jr.', 'female', '2016-11-24', 'O-', NULL, NULL, 'Bonifacio Ave. 295', 'Santo Niño', 'active', '2026-03-18 10:20:02', NULL),
(67, 76, NULL, NULL, 'Margarita', 'Hernandez', 'Soriano', 'III', 'female', '2000-10-16', NULL, '09586996823', NULL, 'Magsaysay St. 216', 'Maligaya', 'active', '2026-03-18 10:20:02', NULL),
(68, 78, '974480866811', NULL, 'Patricia', 'Hernandez', 'Rivera', 'II', 'female', '1972-12-26', 'AB+', NULL, NULL, 'Luna St. 454', 'Santo Niño', 'active', '2026-03-18 10:20:02', NULL),
(69, NULL, NULL, NULL, 'Rafael', 'Mercado', 'Reyes', 'II', 'male', '2014-02-05', 'B-', '09879204367', NULL, 'Bonifacio Ave. 212', 'San Isidro', 'active', '2026-03-18 10:20:02', NULL),
(70, 71, '983836641380', NULL, 'Miguel', 'Santos', 'Soriano', NULL, 'male', '1984-10-11', 'AB+', '09236391396', NULL, 'Del Pilar St. 53', 'Bagong Bayan', 'active', '2026-03-18 10:20:02', NULL),
(71, NULL, NULL, NULL, 'Juan', 'Castillo', 'Rivera', NULL, 'male', '2017-04-21', NULL, '09496375990', NULL, 'Luna St. 391', 'Santo Niño', 'active', '2026-03-18 10:20:02', NULL),
(72, NULL, '319901980847', NULL, 'Catalina', 'Reyes', 'Castro', 'II', 'female', '1996-09-02', NULL, '09868690958', NULL, 'Mabini St. 436', 'San Isidro', 'inactive', '2026-03-18 10:20:02', NULL),
(73, NULL, NULL, NULL, 'Daniel', 'Castro', 'Villanueva', 'III', 'male', '2025-11-09', 'O+', '09904598238', NULL, 'Roxas St. 4', 'Santa Cruz', 'active', '2026-03-18 10:20:02', NULL),
(74, 82, NULL, NULL, 'Victoria', 'Torres', 'Gonzales', 'III', 'female', '1974-01-25', 'O-', '09723968439', NULL, 'Aguinaldo Ave. 213', 'Riverside', 'inactive', '2026-03-18 10:20:02', NULL),
(75, 76, NULL, NULL, 'Cristina', 'Mercado', 'Villanueva', NULL, 'female', '1972-02-15', 'AB+', NULL, NULL, 'Quezon Blvd. 308', 'Santo Niño', 'active', '2026-03-18 10:20:02', NULL),
(76, NULL, NULL, NULL, 'Carlos', 'Castillo', 'Pascual', NULL, 'male', '2011-06-06', 'B+', '09363527394', NULL, 'Roxas St. 28', 'Riverside', 'active', '2026-03-18 10:20:02', NULL),
(77, NULL, NULL, NULL, 'Dolores', 'Santos', 'Mendoza', 'Jr.', 'female', '1964-06-17', 'O+', NULL, 'dolores.mendoza809@gmail.com', 'Del Pilar St. 296', 'Santa Cruz', 'active', '2026-03-18 10:20:02', NULL),
(78, 72, NULL, NULL, 'Mario', 'Santos', 'Mercado', NULL, 'male', '1956-07-12', 'AB-', '09476734083', NULL, 'Rizal St. 35', 'Santo Niño', 'active', '2026-03-18 10:20:02', NULL),
(79, NULL, '321639094377', NULL, 'Manuel', 'Hernandez', 'Lopez', 'III', 'male', '1962-11-12', 'B+', NULL, 'manuel.lopez167@gmail.com', 'Luna St. 158', 'Bagong Bayan', 'active', '2026-03-18 10:20:02', NULL),
(80, 70, '387610923624', NULL, 'Francisco', 'Reyes', 'Aguilar', 'Jr.', 'male', '2001-11-19', 'A+', '09609649533', NULL, 'Luna St. 175', 'San Jose', 'active', '2026-03-18 10:20:02', NULL),
(81, 71, '453692868102', NULL, 'Manuel', 'Reyes', 'Aquino', NULL, 'male', '1966-06-02', NULL, '09975775263', 'manuel.aquino13@gmail.com', 'Osmena Ave. 33', 'Santa Cruz', 'active', '2026-03-18 10:20:02', NULL),
(82, 69, '279163189895', NULL, 'Juan', 'Aquino', 'Aguilar', NULL, 'male', '2022-05-04', 'B-', '09731009607', NULL, 'Luna St. 347', 'Santa Cruz', 'active', '2026-03-18 10:20:02', NULL),
(83, NULL, NULL, NULL, 'Angela', 'Pascual', 'Castro', NULL, 'female', '1998-10-25', 'B-', '09448629934', NULL, 'Rizal St. 102', 'Alinguigan', 'active', '2026-03-18 10:20:02', NULL),
(84, NULL, '766891922789', NULL, 'Victoria', 'Torres', 'Garcia', NULL, 'female', '1970-05-13', 'B+', '09711045528', 'victoria.garcia414@gmail.com', 'Del Pilar St. 99', 'Alinguigan', 'active', '2026-03-18 10:20:02', NULL),
(85, NULL, NULL, NULL, 'Victoria', 'Reyes', 'Valdez', NULL, 'female', '2002-07-16', 'B+', '09710767389', 'victoria.valdez717@gmail.com', 'Del Pilar St. 417', 'Santa Cruz', 'active', '2026-03-18 10:20:02', NULL),
(86, NULL, NULL, NULL, 'Dolores', 'Reyes', 'Lopez', NULL, 'female', '2017-10-08', 'A+', '09862459234', NULL, 'Magsaysay St. 285', 'Alinguigan', 'active', '2026-03-18 10:20:02', NULL),
(87, 63, NULL, NULL, 'Roberto', 'Ramos', 'Francisco', NULL, 'male', '2008-01-21', 'B-', NULL, 'roberto.francisco733@gmail.com', 'Quezon Blvd. 144', 'Santa Cruz', 'active', '2026-03-18 10:20:02', NULL),
(88, 73, NULL, NULL, 'Rosa', 'Castro', 'Mendoza', 'II', 'female', '2004-07-21', 'A-', '09953233690', 'rosa.mendoza693@gmail.com', 'Quezon Blvd. 448', 'San Isidro', 'active', '2026-03-18 10:20:02', NULL),
(89, NULL, '813976850821', NULL, 'Luis', 'Cruz', 'Rivera', 'Jr.', 'male', '1967-04-10', 'B+', '09105907963', 'luis.rivera5@gmail.com', 'Mabini St. 442', 'San Jose', 'active', '2026-03-18 10:20:02', NULL),
(90, NULL, '524060275768', NULL, 'Luis', 'Flores', 'Francisco', NULL, 'male', '1983-07-17', 'AB-', '09551863519', NULL, 'Del Pilar St. 411', 'Riverside', 'active', '2026-03-18 10:20:02', NULL),
(91, 79, '889911128221', NULL, 'Gabriel', 'Mercado', 'Francisco', NULL, 'male', '1957-10-28', 'O-', NULL, NULL, 'Del Pilar St. 497', 'Santo Niño', 'active', '2026-03-18 10:20:02', NULL),
(92, NULL, '637973244517', NULL, 'Ricardo', 'Flores', 'Navarro', 'Sr.', 'male', '2006-07-05', 'A+', '09474209847', 'ricardo.navarro906@gmail.com', 'Quezon Blvd. 175', 'Alinguigan', 'active', '2026-03-18 10:20:02', NULL),
(93, 78, NULL, NULL, 'Luis', 'Castro', 'Torres', NULL, 'male', '1973-04-05', 'B+', '09696158559', NULL, 'Rizal St. 365', 'Santa Cruz', 'inactive', '2026-03-18 10:20:02', NULL),
(94, 75, '391751487836', NULL, 'Antonio', 'Castro', 'Francisco', NULL, 'male', '1971-08-07', NULL, '09326631141', NULL, 'Bonifacio Ave. 412', 'Poblacion', 'active', '2026-03-18 10:20:02', NULL),
(95, 66, NULL, NULL, 'Rosa', 'Ramos', 'Castro', 'Sr.', 'female', '2000-04-30', 'O+', '09180632973', 'rosa.castro399@gmail.com', 'Bonifacio Ave. 178', 'Centro', 'active', '2026-03-18 10:20:02', NULL),
(96, NULL, '517325963354', NULL, 'Cristina', 'Castro', 'Aquino', NULL, 'female', '1975-06-17', 'AB-', NULL, 'cristina.aquino363@gmail.com', 'Rizal St. 309', 'Riverside', 'active', '2026-03-18 10:20:02', NULL),
(97, 68, '162714767816', NULL, 'Carmen', 'Santiago', 'Flores', 'II', 'female', '2024-11-17', 'B+', '09836900291', NULL, 'Osmena Ave. 401', 'San Isidro', 'active', '2026-03-18 10:20:02', NULL),
(98, NULL, '892872645324', NULL, 'Rafael', 'Rivera', 'Torres', NULL, 'male', '1965-06-29', 'AB+', '09797005123', NULL, 'Quezon Blvd. 64', 'San Isidro', 'active', '2026-03-18 10:20:02', NULL),
(99, 82, '795859974661', NULL, 'Juan', 'Santos', 'Valdez', NULL, 'male', '1956-01-13', 'AB+', '09813183954', NULL, 'Quezon Blvd. 97', 'Centro', 'active', '2026-03-18 10:20:02', NULL),
(100, NULL, NULL, NULL, 'Carmen', 'Cruz', 'Valdez', NULL, 'female', '1970-11-19', 'AB-', '09175004084', NULL, 'Luna St. 140', 'Santa Cruz', 'active', '2026-03-18 10:20:02', NULL);

-- --------------------------------------------------------

--
-- Table structure for table `patient_allergies`
--

CREATE TABLE `patient_allergies` (
  `id` bigint(20) UNSIGNED NOT NULL,
  `patient_id` bigint(20) UNSIGNED NOT NULL,
  `allergen` varchar(120) NOT NULL,
  `reaction` varchar(255) DEFAULT NULL,
  `noted_on` date DEFAULT NULL,
  `created_at` datetime NOT NULL DEFAULT current_timestamp()
) ENGINE=InnoDB DEFAULT CHARSET=utf8mb4 COLLATE=utf8mb4_unicode_ci;

--
-- Dumping data for table `patient_allergies`
--

INSERT INTO `patient_allergies` (`id`, `patient_id`, `allergen`, `reaction`, `noted_on`, `created_at`) VALUES
(1, 99, 'Soy', 'Mild to moderate reaction', '2025-04-25', '2026-03-18 10:20:02'),
(2, 98, 'Pollen', 'Mild to moderate reaction', '2025-05-12', '2026-03-18 10:20:02'),
(3, 97, 'Soy', 'Mild to moderate reaction', '2025-09-22', '2026-03-18 10:20:02'),
(4, 90, 'Aspirin', 'Mild to moderate reaction', '2025-08-28', '2026-03-18 10:20:02'),
(5, 87, 'Shellfish', 'Mild to moderate reaction', '2025-12-29', '2026-03-18 10:20:02'),
(6, 80, 'Peanuts', 'Mild to moderate reaction', '2025-06-03', '2026-03-18 10:20:02'),
(7, 67, 'Wheat', 'Mild to moderate reaction', '2026-01-11', '2026-03-18 10:20:02'),
(8, 65, 'Wheat', 'Mild to moderate reaction', '2025-09-22', '2026-03-18 10:20:02'),
(9, 59, 'Wheat', 'Mild to moderate reaction', '2025-08-22', '2026-03-18 10:20:02'),
(10, 55, 'Pollen', 'Mild to moderate reaction', '2025-10-18', '2026-03-18 10:20:02');

-- --------------------------------------------------------

--
-- Table structure for table `patient_conditions`
--

CREATE TABLE `patient_conditions` (
  `id` bigint(20) UNSIGNED NOT NULL,
  `patient_id` bigint(20) UNSIGNED NOT NULL,
  `condition_name` varchar(120) NOT NULL,
  `status` enum('active','resolved','chronic') NOT NULL DEFAULT 'active',
  `diagnosed_on` date DEFAULT NULL,
  `notes` text DEFAULT NULL,
  `created_at` datetime NOT NULL DEFAULT current_timestamp()
) ENGINE=InnoDB DEFAULT CHARSET=utf8mb4 COLLATE=utf8mb4_unicode_ci;

--
-- Dumping data for table `patient_conditions`
--

INSERT INTO `patient_conditions` (`id`, `patient_id`, `condition_name`, `status`, `diagnosed_on`, `notes`, `created_at`) VALUES
(1, 100, 'Arthritis', 'chronic', '2025-08-04', 'Under monitoring', '2026-03-18 10:20:02'),
(2, 97, 'Migraine', 'chronic', '2023-07-22', 'Under monitoring', '2026-03-18 10:20:02'),
(3, 95, 'Hypothyroidism', 'chronic', '2022-02-25', 'Under monitoring', '2026-03-18 10:20:02'),
(4, 94, 'Diabetes Type 2', 'active', '2022-02-07', 'Under monitoring', '2026-03-18 10:20:02'),
(5, 92, 'Arthritis', 'chronic', '2025-03-25', 'Under monitoring', '2026-03-18 10:20:02'),
(6, 91, 'Migraine', 'active', '2025-01-05', 'Under monitoring', '2026-03-18 10:20:02'),
(7, 90, 'Diabetes Type 2', 'chronic', '2025-06-13', 'Under monitoring', '2026-03-18 10:20:02'),
(8, 85, 'Arthritis', 'chronic', '2024-05-23', 'Under monitoring', '2026-03-18 10:20:02'),
(9, 83, 'Arthritis', 'chronic', '2024-08-02', 'Under monitoring', '2026-03-18 10:20:02'),
(10, 81, 'Hypertension', 'active', '2025-04-02', 'Under monitoring', '2026-03-18 10:20:02'),
(11, 78, 'Asthma', 'active', '2024-11-09', 'Under monitoring', '2026-03-18 10:20:02'),
(12, 77, 'Hypertension', 'chronic', '2025-04-18', 'Under monitoring', '2026-03-18 10:20:02'),
(13, 73, 'Allergic Rhinitis', 'chronic', '2025-06-22', 'Under monitoring', '2026-03-18 10:20:02'),
(14, 71, 'Arthritis', 'active', '2023-12-13', 'Under monitoring', '2026-03-18 10:20:02'),
(15, 66, 'Arthritis', 'chronic', '2021-08-18', 'Under monitoring', '2026-03-18 10:20:02'),
(16, 61, 'Arthritis', 'active', '2022-12-31', 'Under monitoring', '2026-03-18 10:20:02'),
(17, 59, 'Arthritis', 'chronic', '2021-12-19', 'Under monitoring', '2026-03-18 10:20:02'),
(18, 57, 'Migraine', 'chronic', '2022-08-08', 'Under monitoring', '2026-03-18 10:20:02'),
(19, 53, 'Hypertension', 'active', '2022-06-22', 'Under monitoring', '2026-03-18 10:20:02'),
(20, 52, 'Hypertension', 'active', '2023-12-24', 'Under monitoring', '2026-03-18 10:20:02'),
(21, 49, 'Diabetes Type 2', 'active', '2025-12-08', 'Under monitoring', '2026-03-18 10:20:02');

-- --------------------------------------------------------

--
-- Table structure for table `postnatal_visits`
--

CREATE TABLE `postnatal_visits` (
  `id` bigint(20) UNSIGNED NOT NULL,
  `pregnancy_id` bigint(20) UNSIGNED NOT NULL,
  `visit_datetime` datetime NOT NULL,
  `mother_condition` varchar(255) DEFAULT NULL,
  `baby_condition` varchar(255) DEFAULT NULL,
  `notes` text DEFAULT NULL,
  `recorded_by` int(10) UNSIGNED DEFAULT NULL,
  `created_at` datetime NOT NULL DEFAULT current_timestamp()
) ENGINE=InnoDB DEFAULT CHARSET=utf8mb4 COLLATE=utf8mb4_unicode_ci;

--
-- Dumping data for table `postnatal_visits`
--

INSERT INTO `postnatal_visits` (`id`, `pregnancy_id`, `visit_datetime`, `mother_condition`, `baby_condition`, `notes`, `recorded_by`, `created_at`) VALUES
(1, 1, '2025-09-16 00:00:00', 'Wound healing normally', 'Weight gain appropriate', 'Routine postnatal checkup', 1, '2026-03-18 10:20:05'),
(2, 1, '2025-11-03 00:00:00', 'Recovering well', 'Feeding well', 'Routine postnatal checkup', 1, '2026-03-18 10:20:05'),
(3, 4, '2025-11-23 00:00:00', 'Wound healing normally', 'No jaundice', 'Routine postnatal checkup', 3, '2026-03-18 10:20:05'),
(4, 6, '2026-01-20 00:00:00', 'Breastfeeding established', 'Development normal', 'Routine postnatal checkup', 3, '2026-03-18 10:20:05'),
(5, 6, '2026-03-09 00:00:00', 'Recovering well', 'Weight gain appropriate', 'Routine postnatal checkup', 1, '2026-03-18 10:20:05'),
(6, 9, '2025-11-19 00:00:00', 'No complications', 'No jaundice', 'Routine postnatal checkup', 1, '2026-03-18 10:20:05'),
(7, 9, '2025-12-24 00:00:00', 'Breastfeeding established', 'Feeding well', 'Routine postnatal checkup', 3, '2026-03-18 10:20:05'),
(8, 9, '2026-02-10 00:00:00', 'No complications', 'Feeding well', 'Routine postnatal checkup', 1, '2026-03-18 10:20:05');

-- --------------------------------------------------------

--
-- Table structure for table `pregnancies`
--

CREATE TABLE `pregnancies` (
  `id` bigint(20) UNSIGNED NOT NULL,
  `patient_id` bigint(20) UNSIGNED NOT NULL,
  `lmp_date` date NOT NULL,
  `edd_date` date NOT NULL,
  `gravida` int(10) UNSIGNED DEFAULT NULL,
  `para` int(10) UNSIGNED DEFAULT NULL,
  `status` enum('ongoing','delivered','terminated') NOT NULL DEFAULT 'ongoing',
  `created_at` datetime NOT NULL DEFAULT current_timestamp(),
  `updated_at` datetime DEFAULT NULL ON UPDATE current_timestamp()
) ENGINE=InnoDB DEFAULT CHARSET=utf8mb4 COLLATE=utf8mb4_unicode_ci;

--
-- Dumping data for table `pregnancies`
--

INSERT INTO `pregnancies` (`id`, `patient_id`, `lmp_date`, `edd_date`, `gravida`, `para`, `status`, `created_at`, `updated_at`) VALUES
(1, 67, '2024-10-29', '2025-08-05', 1, 1, 'delivered', '2026-03-18 10:20:05', NULL),
(2, 46, '2025-11-14', '2026-08-21', 5, 4, 'ongoing', '2026-03-18 10:20:05', NULL),
(3, 57, '2025-06-14', '2026-03-21', 2, 1, 'delivered', '2026-03-18 10:20:05', NULL),
(4, 7, '2025-01-05', '2025-10-12', 4, 1, 'delivered', '2026-03-18 10:20:05', NULL),
(5, 15, '2025-11-10', '2026-08-17', 5, 2, 'ongoing', '2026-03-18 10:20:05', NULL),
(6, 83, '2025-03-04', '2025-12-09', 1, 1, 'delivered', '2026-03-18 10:20:05', NULL),
(7, 48, '2025-04-19', '2026-01-24', 4, 1, 'terminated', '2026-03-18 10:20:05', NULL),
(8, 3, '2025-07-26', '2026-05-02', 2, 0, 'terminated', '2026-03-18 10:20:05', NULL),
(9, 95, '2025-02-05', '2025-11-12', 5, 5, 'delivered', '2026-03-18 10:20:05', NULL),
(10, 18, '2025-10-12', '2026-07-19', 5, 1, 'ongoing', '2026-03-18 10:20:05', NULL);

-- --------------------------------------------------------

--
-- Table structure for table `prenatal_visits`
--

CREATE TABLE `prenatal_visits` (
  `id` bigint(20) UNSIGNED NOT NULL,
  `pregnancy_id` bigint(20) UNSIGNED NOT NULL,
  `visit_datetime` datetime NOT NULL,
  `gestational_age_weeks` int(10) UNSIGNED DEFAULT NULL,
  `bp_systolic` int(10) UNSIGNED DEFAULT NULL,
  `bp_diastolic` int(10) UNSIGNED DEFAULT NULL,
  `weight_kg` decimal(5,2) DEFAULT NULL,
  `notes` text DEFAULT NULL,
  `recorded_by` int(10) UNSIGNED DEFAULT NULL,
  `created_at` datetime NOT NULL DEFAULT current_timestamp()
) ENGINE=InnoDB DEFAULT CHARSET=utf8mb4 COLLATE=utf8mb4_unicode_ci;

--
-- Dumping data for table `prenatal_visits`
--

INSERT INTO `prenatal_visits` (`id`, `pregnancy_id`, `visit_datetime`, `gestational_age_weeks`, `bp_systolic`, `bp_diastolic`, `weight_kg`, `notes`, `recorded_by`, `created_at`) VALUES
(1, 1, '2024-11-26 00:00:00', 4, 139, 69, 81.71, 'No complications noted', 1, '2026-03-18 10:20:05'),
(2, 1, '2024-12-24 00:00:00', 8, 125, 84, 80.12, 'Routine monitoring', 1, '2026-03-18 10:20:05'),
(3, 1, '2025-01-21 00:00:00', 12, 110, 88, 60.98, 'Normal prenatal checkup', 2, '2026-03-18 10:20:05'),
(4, 1, '2025-02-18 00:00:00', 16, 101, 61, 70.67, 'Advised on nutrition', 2, '2026-03-18 10:20:05'),
(5, 1, '2025-03-18 00:00:00', 20, 137, 84, 51.67, 'Patient counseled on delivery preparation', 2, '2026-03-18 10:20:05'),
(6, 1, '2025-04-15 00:00:00', 24, 126, 76, 66.01, 'Normal prenatal checkup', 2, '2026-03-18 10:20:05'),
(7, 1, '2025-05-13 00:00:00', 28, 107, 83, 63.07, 'Patient doing well', 3, '2026-03-18 10:20:05'),
(8, 1, '2025-06-10 00:00:00', 32, 104, 69, 48.85, 'Advised on nutrition', 3, '2026-03-18 10:20:05'),
(9, 2, '2025-12-12 00:00:00', 4, 97, 69, 78.93, 'Patient doing well', 3, '2026-03-18 10:20:05'),
(10, 2, '2026-01-09 00:00:00', 8, 111, 63, 71.23, 'Advised on nutrition', 1, '2026-03-18 10:20:05'),
(11, 2, '2026-02-06 00:00:00', 12, 113, 87, 65.56, 'Advised on nutrition', 2, '2026-03-18 10:20:05'),
(12, 2, '2026-03-06 00:00:00', 16, 107, 78, 83.39, 'Fetal heartbeat normal', 2, '2026-03-18 10:20:05'),
(13, 3, '2025-07-12 00:00:00', 4, 104, 68, 62.29, 'Patient doing well', 1, '2026-03-18 10:20:05'),
(14, 3, '2025-08-09 00:00:00', 8, 130, 69, 81.70, 'Fetal heartbeat normal', 1, '2026-03-18 10:20:05'),
(15, 3, '2025-09-06 00:00:00', 12, 112, 78, 53.69, 'Advised on nutrition', 2, '2026-03-18 10:20:05'),
(16, 3, '2025-10-04 00:00:00', 16, 128, 89, 78.08, 'Advised on nutrition', 3, '2026-03-18 10:20:05'),
(17, 3, '2025-11-01 00:00:00', 20, 108, 71, 46.61, 'Fetal heartbeat normal', 3, '2026-03-18 10:20:05'),
(18, 3, '2025-11-29 00:00:00', 24, 110, 66, 64.64, 'Routine monitoring', 2, '2026-03-18 10:20:05'),
(19, 3, '2025-12-27 00:00:00', 28, 138, 78, 75.03, 'No complications noted', 3, '2026-03-18 10:20:05'),
(20, 3, '2026-01-24 00:00:00', 32, 135, 75, 62.56, 'Advised on nutrition', 2, '2026-03-18 10:20:05'),
(21, 4, '2025-02-02 00:00:00', 4, 98, 62, 62.54, 'Advised on nutrition', 1, '2026-03-18 10:20:05'),
(22, 4, '2025-03-02 00:00:00', 8, 97, 74, 75.94, 'Advised on nutrition', 3, '2026-03-18 10:20:05'),
(23, 4, '2025-03-30 00:00:00', 12, 111, 84, 57.29, 'Fetal heartbeat normal', 2, '2026-03-18 10:20:05'),
(24, 4, '2025-04-27 00:00:00', 16, 120, 86, 52.57, 'Patient doing well', 3, '2026-03-18 10:20:05'),
(25, 4, '2025-05-25 00:00:00', 20, 136, 72, 51.77, 'Advised on nutrition', 3, '2026-03-18 10:20:05'),
(26, 4, '2025-06-22 00:00:00', 24, 119, 89, 71.52, 'Patient doing well', 1, '2026-03-18 10:20:05'),
(27, 4, '2025-07-20 00:00:00', 28, 133, 80, 47.31, 'Patient counseled on delivery preparation', 3, '2026-03-18 10:20:05'),
(28, 4, '2025-08-17 00:00:00', 32, 122, 62, 65.77, 'Patient doing well', 2, '2026-03-18 10:20:05'),
(29, 4, '2025-09-14 00:00:00', 36, 125, 82, 67.39, 'Normal prenatal checkup', 1, '2026-03-18 10:20:05'),
(30, 5, '2025-12-08 00:00:00', 4, 97, 80, 47.77, 'Patient doing well', 3, '2026-03-18 10:20:05'),
(31, 5, '2026-01-05 00:00:00', 8, 128, 80, 54.29, 'Advised on nutrition', 2, '2026-03-18 10:20:05'),
(32, 6, '2025-04-01 00:00:00', 4, 108, 73, 51.98, 'Advised on nutrition', 1, '2026-03-18 10:20:05'),
(33, 6, '2025-04-29 00:00:00', 8, 92, 89, 73.96, 'Fetal heartbeat normal', 1, '2026-03-18 10:20:05'),
(34, 6, '2025-05-27 00:00:00', 12, 122, 70, 76.46, 'Fetal heartbeat normal', 1, '2026-03-18 10:20:05'),
(35, 6, '2025-06-24 00:00:00', 16, 99, 67, 71.42, 'Fetal heartbeat normal', 3, '2026-03-18 10:20:05'),
(36, 6, '2025-07-22 00:00:00', 20, 96, 80, 65.58, 'Patient counseled on delivery preparation', 2, '2026-03-18 10:20:05'),
(37, 6, '2025-08-19 00:00:00', 24, 129, 90, 85.23, 'Fetal heartbeat normal', 1, '2026-03-18 10:20:05'),
(38, 6, '2025-09-16 00:00:00', 28, 140, 82, 67.30, 'Patient counseled on delivery preparation', 2, '2026-03-18 10:20:05'),
(39, 6, '2025-10-14 00:00:00', 32, 126, 65, 75.52, 'No complications noted', 3, '2026-03-18 10:20:05'),
(40, 6, '2025-11-11 00:00:00', 36, 105, 86, 62.05, 'Patient counseled on delivery preparation', 3, '2026-03-18 10:20:05'),
(41, 9, '2025-03-05 00:00:00', 4, 120, 86, 51.06, 'Routine monitoring', 2, '2026-03-18 10:20:05'),
(42, 9, '2025-04-02 00:00:00', 8, 122, 74, 50.07, 'Routine monitoring', 2, '2026-03-18 10:20:05'),
(43, 9, '2025-04-30 00:00:00', 12, 93, 75, 85.40, 'Patient doing well', 2, '2026-03-18 10:20:05'),
(44, 9, '2025-05-28 00:00:00', 16, 139, 85, 85.82, 'Routine monitoring', 3, '2026-03-18 10:20:05'),
(45, 9, '2025-06-25 00:00:00', 20, 133, 72, 64.58, 'Routine monitoring', 2, '2026-03-18 10:20:05'),
(46, 9, '2025-07-23 00:00:00', 24, 110, 76, 51.65, 'Normal prenatal checkup', 1, '2026-03-18 10:20:05'),
(47, 9, '2025-08-20 00:00:00', 28, 99, 67, 85.21, 'No complications noted', 3, '2026-03-18 10:20:05'),
(48, 9, '2025-09-17 00:00:00', 32, 110, 61, 83.02, 'Fetal heartbeat normal', 3, '2026-03-18 10:20:05'),
(49, 9, '2025-10-15 00:00:00', 36, 122, 66, 63.80, 'No complications noted', 2, '2026-03-18 10:20:05'),
(50, 10, '2025-11-09 00:00:00', 4, 137, 84, 73.90, 'Normal prenatal checkup', 1, '2026-03-18 10:20:05'),
(51, 10, '2025-12-07 00:00:00', 8, 113, 81, 68.75, 'No complications noted', 1, '2026-03-18 10:20:05'),
(52, 10, '2026-01-04 00:00:00', 12, 128, 67, 57.82, 'No complications noted', 2, '2026-03-18 10:20:05'),
(53, 10, '2026-02-01 00:00:00', 16, 120, 84, 75.04, 'Patient counseled on delivery preparation', 3, '2026-03-18 10:20:05');

-- --------------------------------------------------------

--
-- Table structure for table `reminders`
--

CREATE TABLE `reminders` (
  `id` bigint(20) UNSIGNED NOT NULL,
  `patient_id` bigint(20) UNSIGNED NOT NULL,
  `reminder_type` enum('immunization','prenatal','postnatal','general') NOT NULL,
  `due_date` date NOT NULL,
  `message` varchar(255) NOT NULL,
  `status` enum('pending','sent','failed','cancelled') NOT NULL DEFAULT 'pending',
  `sent_at` datetime DEFAULT NULL,
  `created_at` datetime NOT NULL DEFAULT current_timestamp()
) ENGINE=InnoDB DEFAULT CHARSET=utf8mb4 COLLATE=utf8mb4_unicode_ci;

--
-- Dumping data for table `reminders`
--

INSERT INTO `reminders` (`id`, `patient_id`, `reminder_type`, `due_date`, `message`, `status`, `sent_at`, `created_at`) VALUES
(1, 46, 'prenatal', '2026-04-03', 'Prenatal checkup scheduled for Josefa Rivera at 20 weeks gestation', 'pending', NULL, '2026-03-18 10:20:05'),
(2, 15, 'prenatal', '2026-03-30', 'Prenatal checkup scheduled for Ana Aguilar at 20 weeks gestation', 'pending', NULL, '2026-03-18 10:20:05'),
(3, 18, 'prenatal', '2026-03-29', 'Prenatal checkup scheduled for Cristina Castro at 24 weeks gestation', 'pending', NULL, '2026-03-18 10:20:05');

-- --------------------------------------------------------

--
-- Table structure for table `roles`
--

CREATE TABLE `roles` (
  `id` int(10) UNSIGNED NOT NULL,
  `name` varchar(50) NOT NULL
) ENGINE=InnoDB DEFAULT CHARSET=utf8mb4 COLLATE=utf8mb4_unicode_ci;

--
-- Dumping data for table `roles`
--

INSERT INTO `roles` (`id`, `name`) VALUES
(1, 'admin'),
(3, 'health_worker'),
(2, 'health_worker');

-- --------------------------------------------------------

--
-- Table structure for table `timeseries_daily`
--

CREATE TABLE `timeseries_daily` (
  `id` bigint(20) UNSIGNED NOT NULL,
  `series_key` varchar(120) NOT NULL,
  `series_date` date NOT NULL,
  `value` decimal(12,2) NOT NULL,
  `created_at` datetime NOT NULL DEFAULT current_timestamp()
) ENGINE=InnoDB DEFAULT CHARSET=utf8mb4 COLLATE=utf8mb4_unicode_ci;

--
-- Dumping data for table `timeseries_daily`
--

INSERT INTO `timeseries_daily` (`id`, `series_key`, `series_date`, `value`, `created_at`) VALUES
(1, 'visits_total', '2025-03-18', 1.00, '2026-03-18 10:21:10'),
(2, 'visits_total', '2025-03-30', 1.00, '2026-03-18 10:21:10'),
(3, 'visits_total', '2025-04-01', 1.00, '2026-03-18 10:21:10'),
(4, 'visits_total', '2025-04-02', 1.00, '2026-03-18 10:21:10'),
(5, 'visits_total', '2025-04-15', 1.00, '2026-03-18 10:21:10'),
(6, 'visits_total', '2025-04-20', 1.00, '2026-03-18 10:21:10'),
(7, 'visits_total', '2025-04-27', 1.00, '2026-03-18 10:21:10'),
(8, 'visits_total', '2025-04-29', 1.00, '2026-03-18 10:21:10'),
(9, 'visits_total', '2025-04-30', 1.00, '2026-03-18 10:21:10'),
(10, 'visits_total', '2025-05-13', 1.00, '2026-03-18 10:21:10'),
(11, 'visits_total', '2025-05-25', 1.00, '2026-03-18 10:21:10'),
(12, 'visits_total', '2025-05-27', 1.00, '2026-03-18 10:21:10'),
(13, 'visits_total', '2025-05-28', 1.00, '2026-03-18 10:21:10'),
(14, 'visits_total', '2025-06-10', 1.00, '2026-03-18 10:21:10'),
(15, 'visits_total', '2025-06-18', 1.00, '2026-03-18 10:21:10'),
(16, 'visits_total', '2025-06-22', 1.00, '2026-03-18 10:21:10'),
(17, 'visits_total', '2025-06-24', 1.00, '2026-03-18 10:21:10'),
(18, 'visits_total', '2025-06-25', 1.00, '2026-03-18 10:21:10'),
(19, 'visits_total', '2025-07-12', 1.00, '2026-03-18 10:21:10'),
(20, 'visits_total', '2025-07-20', 1.00, '2026-03-18 10:21:10'),
(21, 'visits_total', '2025-07-22', 1.00, '2026-03-18 10:21:10'),
(22, 'visits_total', '2025-07-23', 1.00, '2026-03-18 10:21:10'),
(23, 'visits_total', '2025-08-09', 1.00, '2026-03-18 10:21:10'),
(24, 'visits_total', '2025-08-17', 1.00, '2026-03-18 10:21:10'),
(25, 'visits_total', '2025-08-19', 1.00, '2026-03-18 10:21:10'),
(26, 'visits_total', '2025-08-20', 1.00, '2026-03-18 10:21:10'),
(27, 'visits_total', '2025-08-27', 1.00, '2026-03-18 10:21:10'),
(28, 'visits_total', '2025-09-06', 1.00, '2026-03-18 10:21:10'),
(29, 'visits_total', '2025-09-14', 1.00, '2026-03-18 10:21:10'),
(30, 'visits_total', '2025-09-16', 2.00, '2026-03-18 10:21:10'),
(31, 'visits_total', '2025-09-17', 1.00, '2026-03-18 10:21:10'),
(32, 'visits_total', '2025-10-04', 1.00, '2026-03-18 10:21:10'),
(33, 'visits_total', '2025-10-10', 1.00, '2026-03-18 10:21:10'),
(34, 'visits_total', '2025-10-14', 1.00, '2026-03-18 10:21:10'),
(35, 'visits_total', '2025-10-15', 1.00, '2026-03-18 10:21:10'),
(36, 'visits_total', '2025-10-17', 1.00, '2026-03-18 10:21:10'),
(37, 'visits_total', '2025-11-01', 1.00, '2026-03-18 10:21:10'),
(38, 'visits_total', '2025-11-03', 1.00, '2026-03-18 10:21:10'),
(39, 'visits_total', '2025-11-09', 1.00, '2026-03-18 10:21:10'),
(40, 'visits_total', '2025-11-11', 1.00, '2026-03-18 10:21:10'),
(41, 'visits_total', '2025-11-16', 1.00, '2026-03-18 10:21:10'),
(42, 'visits_total', '2025-11-17', 1.00, '2026-03-18 10:21:10'),
(43, 'visits_total', '2025-11-19', 1.00, '2026-03-18 10:21:10'),
(44, 'visits_total', '2025-11-23', 1.00, '2026-03-18 10:21:10'),
(45, 'visits_total', '2025-11-29', 1.00, '2026-03-18 10:21:10'),
(46, 'visits_total', '2025-12-07', 1.00, '2026-03-18 10:21:10'),
(47, 'visits_total', '2025-12-08', 1.00, '2026-03-18 10:21:10'),
(48, 'visits_total', '2025-12-12', 1.00, '2026-03-18 10:21:10'),
(49, 'visits_total', '2025-12-18', 10.00, '2026-03-18 10:21:10'),
(50, 'visits_total', '2025-12-19', 10.00, '2026-03-18 10:21:10'),
(51, 'visits_total', '2025-12-20', 24.00, '2026-03-18 10:21:10'),
(52, 'visits_total', '2025-12-21', 12.00, '2026-03-18 10:21:10'),
(53, 'visits_total', '2025-12-22', 14.00, '2026-03-18 10:21:10'),
(54, 'visits_total', '2025-12-23', 25.00, '2026-03-18 10:21:10'),
(55, 'visits_total', '2025-12-24', 6.00, '2026-03-18 10:21:10'),
(56, 'visits_total', '2025-12-25', 21.00, '2026-03-18 10:21:10'),
(57, 'visits_total', '2025-12-26', 19.00, '2026-03-18 10:21:10'),
(58, 'visits_total', '2025-12-27', 9.00, '2026-03-18 10:21:10'),
(59, 'visits_total', '2025-12-28', 7.00, '2026-03-18 10:21:10'),
(60, 'visits_total', '2025-12-29', 25.00, '2026-03-18 10:21:11'),
(61, 'visits_total', '2025-12-30', 10.00, '2026-03-18 10:21:11'),
(62, 'visits_total', '2025-12-31', 5.00, '2026-03-18 10:21:11'),
(63, 'visits_total', '2026-01-01', 16.00, '2026-03-18 10:21:11'),
(64, 'visits_total', '2026-01-02', 24.00, '2026-03-18 10:21:11'),
(65, 'visits_total', '2026-01-03', 22.00, '2026-03-18 10:21:11'),
(66, 'visits_total', '2026-01-04', 17.00, '2026-03-18 10:21:11'),
(67, 'visits_total', '2026-01-05', 11.00, '2026-03-18 10:21:11'),
(68, 'visits_total', '2026-01-06', 20.00, '2026-03-18 10:21:11'),
(69, 'visits_total', '2026-01-07', 17.00, '2026-03-18 10:21:11'),
(70, 'visits_total', '2026-01-08', 20.00, '2026-03-18 10:21:11'),
(71, 'visits_total', '2026-01-09', 26.00, '2026-03-18 10:21:11'),
(72, 'visits_total', '2026-01-10', 23.00, '2026-03-18 10:21:11'),
(73, 'visits_total', '2026-01-11', 25.00, '2026-03-18 10:21:11'),
(74, 'visits_total', '2026-01-12', 7.00, '2026-03-18 10:21:11'),
(75, 'visits_total', '2026-01-13', 15.00, '2026-03-18 10:21:11'),
(76, 'visits_total', '2026-01-14', 12.00, '2026-03-18 10:21:11'),
(77, 'visits_total', '2026-01-15', 23.00, '2026-03-18 10:21:11'),
(78, 'visits_total', '2026-01-16', 6.00, '2026-03-18 10:21:11'),
(79, 'visits_total', '2026-01-17', 25.00, '2026-03-18 10:21:11'),
(80, 'visits_total', '2026-01-18', 15.00, '2026-03-18 10:21:11'),
(81, 'visits_total', '2026-01-19', 25.00, '2026-03-18 10:21:11'),
(82, 'visits_total', '2026-01-20', 11.00, '2026-03-18 10:21:11'),
(83, 'visits_total', '2026-01-21', 23.00, '2026-03-18 10:21:11'),
(84, 'visits_total', '2026-01-22', 5.00, '2026-03-18 10:21:11'),
(85, 'visits_total', '2026-01-23', 10.00, '2026-03-18 10:21:11'),
(86, 'visits_total', '2026-01-24', 20.00, '2026-03-18 10:21:11'),
(87, 'visits_total', '2026-01-25', 7.00, '2026-03-18 10:21:11'),
(88, 'visits_total', '2026-01-26', 25.00, '2026-03-18 10:21:11'),
(89, 'visits_total', '2026-01-27', 16.00, '2026-03-18 10:21:11'),
(90, 'visits_total', '2026-01-28', 14.00, '2026-03-18 10:21:11'),
(91, 'visits_total', '2026-01-29', 18.00, '2026-03-18 10:21:11'),
(92, 'visits_total', '2026-01-30', 9.00, '2026-03-18 10:21:11'),
(93, 'visits_total', '2026-01-31', 11.00, '2026-03-18 10:21:11'),
(94, 'visits_total', '2026-02-01', 15.00, '2026-03-18 10:21:11'),
(95, 'visits_total', '2026-02-02', 8.00, '2026-03-18 10:21:11'),
(96, 'visits_total', '2026-02-03', 15.00, '2026-03-18 10:21:11'),
(97, 'visits_total', '2026-02-04', 17.00, '2026-03-18 10:21:11'),
(98, 'visits_total', '2026-02-05', 19.00, '2026-03-18 10:21:11'),
(99, 'visits_total', '2026-02-06', 8.00, '2026-03-18 10:21:11'),
(100, 'visits_total', '2026-02-07', 7.00, '2026-03-18 10:21:11'),
(101, 'visits_total', '2026-02-08', 9.00, '2026-03-18 10:21:11'),
(102, 'visits_total', '2026-02-09', 24.00, '2026-03-18 10:21:11'),
(103, 'visits_total', '2026-02-10', 12.00, '2026-03-18 10:21:11'),
(104, 'visits_total', '2026-02-11', 20.00, '2026-03-18 10:21:11'),
(105, 'visits_total', '2026-02-12', 21.00, '2026-03-18 10:21:11'),
(106, 'visits_total', '2026-02-13', 11.00, '2026-03-18 10:21:11'),
(107, 'visits_total', '2026-02-14', 7.00, '2026-03-18 10:21:11'),
(108, 'visits_total', '2026-02-15', 11.00, '2026-03-18 10:21:11'),
(109, 'visits_total', '2026-02-16', 21.00, '2026-03-18 10:21:11'),
(110, 'visits_total', '2026-02-17', 12.00, '2026-03-18 10:21:11'),
(111, 'visits_total', '2026-02-18', 10.00, '2026-03-18 10:21:11'),
(112, 'visits_total', '2026-02-19', 20.00, '2026-03-18 10:21:11'),
(113, 'visits_total', '2026-02-20', 7.00, '2026-03-18 10:21:11'),
(114, 'visits_total', '2026-02-21', 7.00, '2026-03-18 10:21:11'),
(115, 'visits_total', '2026-02-22', 22.00, '2026-03-18 10:21:11'),
(116, 'visits_total', '2026-02-23', 18.00, '2026-03-18 10:21:11'),
(117, 'visits_total', '2026-02-24', 18.00, '2026-03-18 10:21:11'),
(118, 'visits_total', '2026-02-25', 10.00, '2026-03-18 10:21:11'),
(119, 'visits_total', '2026-02-26', 10.00, '2026-03-18 10:21:11'),
(120, 'visits_total', '2026-02-27', 24.00, '2026-03-18 10:21:11'),
(121, 'visits_total', '2026-02-28', 17.00, '2026-03-18 10:21:11'),
(122, 'visits_total', '2026-03-01', 17.00, '2026-03-18 10:21:11'),
(123, 'visits_total', '2026-03-02', 18.00, '2026-03-18 10:21:11'),
(124, 'visits_total', '2026-03-03', 20.00, '2026-03-18 10:21:11'),
(125, 'visits_total', '2026-03-04', 6.00, '2026-03-18 10:21:11'),
(126, 'visits_total', '2026-03-05', 9.00, '2026-03-18 10:21:11'),
(127, 'visits_total', '2026-03-06', 20.00, '2026-03-18 10:21:11'),
(128, 'visits_total', '2026-03-07', 14.00, '2026-03-18 10:21:11'),
(129, 'visits_total', '2026-03-08', 10.00, '2026-03-18 10:21:11'),
(130, 'visits_total', '2026-03-09', 18.00, '2026-03-18 10:21:11'),
(131, 'visits_total', '2026-03-10', 5.00, '2026-03-18 10:21:11'),
(132, 'visits_total', '2026-03-11', 22.00, '2026-03-18 10:21:11'),
(133, 'visits_total', '2026-03-12', 9.00, '2026-03-18 10:21:11'),
(134, 'visits_total', '2026-03-13', 25.00, '2026-03-18 10:21:11'),
(135, 'visits_total', '2026-03-14', 7.00, '2026-03-18 10:21:11'),
(136, 'visits_total', '2026-03-15', 16.00, '2026-03-18 10:21:11'),
(137, 'visits_total', '2026-03-16', 16.00, '2026-03-18 10:21:11'),
(138, 'visits_total', '2026-03-17', 5.00, '2026-03-18 10:21:11'),
(139, 'medicine_total', '2025-03-23', 152.00, '2026-03-18 10:21:11'),
(140, 'medicine_total', '2025-03-24', 108.00, '2026-03-18 10:21:11'),
(141, 'medicine_total', '2025-03-25', 116.00, '2026-03-18 10:21:11'),
(142, 'medicine_total', '2025-03-30', 105.00, '2026-03-18 10:21:11'),
(143, 'medicine_total', '2025-04-02', 112.00, '2026-03-18 10:21:11'),
(144, 'medicine_total', '2025-04-04', 173.00, '2026-03-18 10:21:11'),
(145, 'medicine_total', '2025-04-05', 75.00, '2026-03-18 10:21:11'),
(146, 'medicine_total', '2025-04-06', 5.00, '2026-03-18 10:21:11'),
(147, 'medicine_total', '2025-04-07', 125.00, '2026-03-18 10:21:11'),
(148, 'medicine_total', '2025-04-11', 32.00, '2026-03-18 10:21:11'),
(149, 'medicine_total', '2025-04-12', 44.00, '2026-03-18 10:21:11'),
(150, 'medicine_total', '2025-04-13', 114.00, '2026-03-18 10:21:11'),
(151, 'medicine_total', '2025-04-14', 108.00, '2026-03-18 10:21:11'),
(152, 'medicine_total', '2025-04-15', 7.00, '2026-03-18 10:21:11'),
(153, 'medicine_total', '2025-04-18', 43.00, '2026-03-18 10:21:11'),
(154, 'medicine_total', '2025-04-21', 340.00, '2026-03-18 10:21:11'),
(155, 'medicine_total', '2025-04-22', 88.00, '2026-03-18 10:21:11'),
(156, 'medicine_total', '2025-04-24', 190.00, '2026-03-18 10:21:11'),
(157, 'medicine_total', '2025-04-25', 110.00, '2026-03-18 10:21:11'),
(158, 'medicine_total', '2025-04-26', 377.00, '2026-03-18 10:21:11'),
(159, 'medicine_total', '2025-04-27', 80.00, '2026-03-18 10:21:11'),
(160, 'medicine_total', '2025-04-29', 210.00, '2026-03-18 10:21:11'),
(161, 'medicine_total', '2025-05-01', 85.00, '2026-03-18 10:21:11'),
(162, 'medicine_total', '2025-05-02', 116.00, '2026-03-18 10:21:11'),
(163, 'medicine_total', '2025-05-03', 14.00, '2026-03-18 10:21:11'),
(164, 'medicine_total', '2025-05-04', 17.00, '2026-03-18 10:21:11'),
(165, 'medicine_total', '2025-05-05', 49.00, '2026-03-18 10:21:11'),
(166, 'medicine_total', '2025-05-06', 18.00, '2026-03-18 10:21:11'),
(167, 'medicine_total', '2025-05-07', 309.00, '2026-03-18 10:21:11'),
(168, 'medicine_total', '2025-05-09', 50.00, '2026-03-18 10:21:11'),
(169, 'medicine_total', '2025-05-10', 110.00, '2026-03-18 10:21:11'),
(170, 'medicine_total', '2025-05-11', 103.00, '2026-03-18 10:21:11'),
(171, 'medicine_total', '2025-05-12', 257.00, '2026-03-18 10:21:11'),
(172, 'medicine_total', '2025-05-13', 128.00, '2026-03-18 10:21:11'),
(173, 'medicine_total', '2025-05-14', 146.00, '2026-03-18 10:21:11'),
(174, 'medicine_total', '2025-05-16', 132.00, '2026-03-18 10:21:11'),
(175, 'medicine_total', '2025-05-18', 22.00, '2026-03-18 10:21:11'),
(176, 'medicine_total', '2025-05-21', 26.00, '2026-03-18 10:21:11'),
(177, 'medicine_total', '2025-05-22', 58.00, '2026-03-18 10:21:11'),
(178, 'medicine_total', '2025-05-23', 192.00, '2026-03-18 10:21:11'),
(179, 'medicine_total', '2025-05-24', 27.00, '2026-03-18 10:21:11'),
(180, 'medicine_total', '2025-05-25', 137.00, '2026-03-18 10:21:11'),
(181, 'medicine_total', '2025-05-26', 386.00, '2026-03-18 10:21:11'),
(182, 'medicine_total', '2025-05-27', 57.00, '2026-03-18 10:21:11'),
(183, 'medicine_total', '2025-05-28', 175.00, '2026-03-18 10:21:11'),
(184, 'medicine_total', '2025-05-29', 22.00, '2026-03-18 10:21:11'),
(185, 'medicine_total', '2025-05-31', 39.00, '2026-03-18 10:21:11'),
(186, 'medicine_total', '2025-06-01', 107.00, '2026-03-18 10:21:11'),
(187, 'medicine_total', '2025-06-02', 13.00, '2026-03-18 10:21:11'),
(188, 'medicine_total', '2025-06-03', 114.00, '2026-03-18 10:21:11'),
(189, 'medicine_total', '2025-06-04', 33.00, '2026-03-18 10:21:11'),
(190, 'medicine_total', '2025-06-05', 184.00, '2026-03-18 10:21:11'),
(191, 'medicine_total', '2025-06-06', 41.00, '2026-03-18 10:21:11'),
(192, 'medicine_total', '2025-06-08', 61.00, '2026-03-18 10:21:11'),
(193, 'medicine_total', '2025-06-10', 440.00, '2026-03-18 10:21:11'),
(194, 'medicine_total', '2025-06-11', 129.00, '2026-03-18 10:21:11'),
(195, 'medicine_total', '2025-06-12', 89.00, '2026-03-18 10:21:11'),
(196, 'medicine_total', '2025-06-13', 116.00, '2026-03-18 10:21:11'),
(197, 'medicine_total', '2025-06-14', 14.00, '2026-03-18 10:21:11'),
(198, 'medicine_total', '2025-06-16', 15.00, '2026-03-18 10:21:11'),
(199, 'medicine_total', '2025-06-17', 221.00, '2026-03-18 10:21:11'),
(200, 'medicine_total', '2025-06-18', 92.00, '2026-03-18 10:21:11'),
(201, 'medicine_total', '2025-06-19', 24.00, '2026-03-18 10:21:11'),
(202, 'medicine_total', '2025-06-20', 105.00, '2026-03-18 10:21:11'),
(203, 'medicine_total', '2025-06-21', 46.00, '2026-03-18 10:21:11'),
(204, 'medicine_total', '2025-06-22', 70.00, '2026-03-18 10:21:11'),
(205, 'medicine_total', '2025-06-23', 393.00, '2026-03-18 10:21:11'),
(206, 'medicine_total', '2025-06-24', 183.00, '2026-03-18 10:21:11'),
(207, 'medicine_total', '2025-06-25', 118.00, '2026-03-18 10:21:11'),
(208, 'medicine_total', '2025-06-26', 235.00, '2026-03-18 10:21:11'),
(209, 'medicine_total', '2025-06-27', 22.00, '2026-03-18 10:21:11'),
(210, 'medicine_total', '2025-06-28', 121.00, '2026-03-18 10:21:11'),
(211, 'medicine_total', '2025-06-30', 253.00, '2026-03-18 10:21:11'),
(212, 'medicine_total', '2025-07-01', 53.00, '2026-03-18 10:21:11'),
(213, 'medicine_total', '2025-07-02', 35.00, '2026-03-18 10:21:11'),
(214, 'medicine_total', '2025-07-03', 12.00, '2026-03-18 10:21:11'),
(215, 'medicine_total', '2025-07-04', 83.00, '2026-03-18 10:21:11'),
(216, 'medicine_total', '2025-07-05', 169.00, '2026-03-18 10:21:11'),
(217, 'medicine_total', '2025-07-06', 302.00, '2026-03-18 10:21:11'),
(218, 'medicine_total', '2025-07-07', 109.00, '2026-03-18 10:21:11'),
(219, 'medicine_total', '2025-07-08', 208.00, '2026-03-18 10:21:11'),
(220, 'medicine_total', '2025-07-09', 126.00, '2026-03-18 10:21:11'),
(221, 'medicine_total', '2025-07-10', 155.00, '2026-03-18 10:21:11'),
(222, 'medicine_total', '2025-07-11', 36.00, '2026-03-18 10:21:11'),
(223, 'medicine_total', '2025-07-12', 34.00, '2026-03-18 10:21:11'),
(224, 'medicine_total', '2025-07-15', 139.00, '2026-03-18 10:21:11'),
(225, 'medicine_total', '2025-07-16', 46.00, '2026-03-18 10:21:11'),
(226, 'medicine_total', '2025-07-17', 100.00, '2026-03-18 10:21:11'),
(227, 'medicine_total', '2025-07-18', 226.00, '2026-03-18 10:21:11'),
(228, 'medicine_total', '2025-07-19', 82.00, '2026-03-18 10:21:11'),
(229, 'medicine_total', '2025-07-20', 48.00, '2026-03-18 10:21:11'),
(230, 'medicine_total', '2025-07-21', 130.00, '2026-03-18 10:21:11'),
(231, 'medicine_total', '2025-07-22', 106.00, '2026-03-18 10:21:11'),
(232, 'medicine_total', '2025-07-23', 18.00, '2026-03-18 10:21:11'),
(233, 'medicine_total', '2025-07-24', 188.00, '2026-03-18 10:21:11'),
(234, 'medicine_total', '2025-07-25', 258.00, '2026-03-18 10:21:11'),
(235, 'medicine_total', '2025-07-26', 291.00, '2026-03-18 10:21:11'),
(236, 'medicine_total', '2025-07-27', 140.00, '2026-03-18 10:21:11'),
(237, 'medicine_total', '2025-07-28', 34.00, '2026-03-18 10:21:11'),
(238, 'medicine_total', '2025-07-29', 18.00, '2026-03-18 10:21:11'),
(239, 'medicine_total', '2025-07-30', 91.00, '2026-03-18 10:21:11'),
(240, 'medicine_total', '2025-07-31', 34.00, '2026-03-18 10:21:11'),
(241, 'medicine_total', '2025-08-01', 171.00, '2026-03-18 10:21:11'),
(242, 'medicine_total', '2025-08-02', 385.00, '2026-03-18 10:21:11'),
(243, 'medicine_total', '2025-08-03', 246.00, '2026-03-18 10:21:11'),
(244, 'medicine_total', '2025-08-04', 105.00, '2026-03-18 10:21:11'),
(245, 'medicine_total', '2025-08-05', 12.00, '2026-03-18 10:21:11'),
(246, 'medicine_total', '2025-08-06', 523.00, '2026-03-18 10:21:11'),
(247, 'medicine_total', '2025-08-07', 123.00, '2026-03-18 10:21:11'),
(248, 'medicine_total', '2025-08-08', 145.00, '2026-03-18 10:21:11'),
(249, 'medicine_total', '2025-08-09', 61.00, '2026-03-18 10:21:11'),
(250, 'medicine_total', '2025-08-11', 138.00, '2026-03-18 10:21:11'),
(251, 'medicine_total', '2025-08-12', 158.00, '2026-03-18 10:21:11'),
(252, 'medicine_total', '2025-08-13', 79.00, '2026-03-18 10:21:11'),
(253, 'medicine_total', '2025-08-14', 106.00, '2026-03-18 10:21:11'),
(254, 'medicine_total', '2025-08-15', 310.00, '2026-03-18 10:21:11'),
(255, 'medicine_total', '2025-08-16', 42.00, '2026-03-18 10:21:11'),
(256, 'medicine_total', '2025-08-17', 188.00, '2026-03-18 10:21:11'),
(257, 'medicine_total', '2025-08-18', 147.00, '2026-03-18 10:21:11'),
(258, 'medicine_total', '2025-08-19', 104.00, '2026-03-18 10:21:11'),
(259, 'medicine_total', '2025-08-20', 338.00, '2026-03-18 10:21:11'),
(260, 'medicine_total', '2025-08-21', 186.00, '2026-03-18 10:21:11'),
(261, 'medicine_total', '2025-08-22', 18.00, '2026-03-18 10:21:11'),
(262, 'medicine_total', '2025-08-23', 59.00, '2026-03-18 10:21:11'),
(263, 'medicine_total', '2025-08-24', 282.00, '2026-03-18 10:21:11'),
(264, 'medicine_total', '2025-08-25', 271.00, '2026-03-18 10:21:11'),
(265, 'medicine_total', '2025-08-26', 290.00, '2026-03-18 10:21:11'),
(266, 'medicine_total', '2025-08-27', 184.00, '2026-03-18 10:21:11'),
(267, 'medicine_total', '2025-08-28', 45.00, '2026-03-18 10:21:11'),
(268, 'medicine_total', '2025-08-29', 119.00, '2026-03-18 10:21:11'),
(269, 'medicine_total', '2025-08-30', 136.00, '2026-03-18 10:21:11'),
(270, 'medicine_total', '2025-08-31', 385.00, '2026-03-18 10:21:11'),
(271, 'medicine_total', '2025-09-01', 126.00, '2026-03-18 10:21:11'),
(272, 'medicine_total', '2025-09-02', 51.00, '2026-03-18 10:21:11'),
(273, 'medicine_total', '2025-09-03', 367.00, '2026-03-18 10:21:11'),
(274, 'medicine_total', '2025-09-04', 266.00, '2026-03-18 10:21:11'),
(275, 'medicine_total', '2025-09-05', 74.00, '2026-03-18 10:21:11'),
(276, 'medicine_total', '2025-09-06', 207.00, '2026-03-18 10:21:11'),
(277, 'medicine_total', '2025-09-07', 103.00, '2026-03-18 10:21:11'),
(278, 'medicine_total', '2025-09-08', 376.00, '2026-03-18 10:21:11'),
(279, 'medicine_total', '2025-09-09', 444.00, '2026-03-18 10:21:11'),
(280, 'medicine_total', '2025-09-10', 144.00, '2026-03-18 10:21:11'),
(281, 'medicine_total', '2025-09-11', 221.00, '2026-03-18 10:21:11'),
(282, 'medicine_total', '2025-09-12', 121.00, '2026-03-18 10:21:11'),
(283, 'medicine_total', '2025-09-13', 13.00, '2026-03-18 10:21:11'),
(284, 'medicine_total', '2025-09-14', 108.00, '2026-03-18 10:21:11'),
(285, 'medicine_total', '2025-09-15', 349.00, '2026-03-18 10:21:11'),
(286, 'medicine_total', '2025-09-16', 160.00, '2026-03-18 10:21:11'),
(287, 'medicine_total', '2025-09-17', 139.00, '2026-03-18 10:21:11'),
(288, 'medicine_total', '2025-09-18', 199.00, '2026-03-18 10:21:11'),
(289, 'medicine_total', '2025-09-19', 311.00, '2026-03-18 10:21:11'),
(290, 'medicine_total', '2025-09-20', 298.00, '2026-03-18 10:21:11'),
(291, 'medicine_total', '2025-09-21', 310.00, '2026-03-18 10:21:11'),
(292, 'medicine_total', '2025-09-22', 257.00, '2026-03-18 10:21:11'),
(293, 'medicine_total', '2025-09-23', 101.00, '2026-03-18 10:21:11'),
(294, 'medicine_total', '2025-09-24', 114.00, '2026-03-18 10:21:11'),
(295, 'medicine_total', '2025-09-25', 512.00, '2026-03-18 10:21:11'),
(296, 'medicine_total', '2025-09-26', 218.00, '2026-03-18 10:21:11'),
(297, 'medicine_total', '2025-09-27', 291.00, '2026-03-18 10:21:11'),
(298, 'medicine_total', '2025-09-28', 364.00, '2026-03-18 10:21:11'),
(299, 'medicine_total', '2025-09-29', 115.00, '2026-03-18 10:21:11'),
(300, 'medicine_total', '2025-09-30', 174.00, '2026-03-18 10:21:11'),
(301, 'medicine_total', '2025-10-01', 214.00, '2026-03-18 10:21:11'),
(302, 'medicine_total', '2025-10-02', 115.00, '2026-03-18 10:21:11'),
(303, 'medicine_total', '2025-10-03', 275.00, '2026-03-18 10:21:11'),
(304, 'medicine_total', '2025-10-04', 373.00, '2026-03-18 10:21:11'),
(305, 'medicine_total', '2025-10-05', 352.00, '2026-03-18 10:21:11'),
(306, 'medicine_total', '2025-10-06', 101.00, '2026-03-18 10:21:11'),
(307, 'medicine_total', '2025-10-07', 297.00, '2026-03-18 10:21:11'),
(308, 'medicine_total', '2025-10-08', 224.00, '2026-03-18 10:21:11'),
(309, 'medicine_total', '2025-10-09', 117.00, '2026-03-18 10:21:11'),
(310, 'medicine_total', '2025-10-10', 47.00, '2026-03-18 10:21:11'),
(311, 'medicine_total', '2025-10-11', 252.00, '2026-03-18 10:21:11'),
(312, 'medicine_total', '2025-10-12', 298.00, '2026-03-18 10:21:11'),
(313, 'medicine_total', '2025-10-13', 87.00, '2026-03-18 10:21:11'),
(314, 'medicine_total', '2025-10-14', 53.00, '2026-03-18 10:21:11'),
(315, 'medicine_total', '2025-10-15', 377.00, '2026-03-18 10:21:11'),
(316, 'medicine_total', '2025-10-16', 134.00, '2026-03-18 10:21:11'),
(317, 'medicine_total', '2025-10-17', 182.00, '2026-03-18 10:21:11'),
(318, 'medicine_total', '2025-10-18', 130.00, '2026-03-18 10:21:11'),
(319, 'medicine_total', '2025-10-19', 184.00, '2026-03-18 10:21:11'),
(320, 'medicine_total', '2025-10-20', 137.00, '2026-03-18 10:21:11'),
(321, 'medicine_total', '2025-10-21', 523.00, '2026-03-18 10:21:11'),
(322, 'medicine_total', '2025-10-22', 197.00, '2026-03-18 10:21:11'),
(323, 'medicine_total', '2025-10-23', 318.00, '2026-03-18 10:21:11'),
(324, 'medicine_total', '2025-10-24', 95.00, '2026-03-18 10:21:11'),
(325, 'medicine_total', '2025-10-25', 277.00, '2026-03-18 10:21:11'),
(326, 'medicine_total', '2025-10-26', 316.00, '2026-03-18 10:21:11'),
(327, 'medicine_total', '2025-10-27', 305.00, '2026-03-18 10:21:11'),
(328, 'medicine_total', '2025-10-28', 198.00, '2026-03-18 10:21:11'),
(329, 'medicine_total', '2025-10-29', 391.00, '2026-03-18 10:21:11'),
(330, 'medicine_total', '2025-10-30', 199.00, '2026-03-18 10:21:11'),
(331, 'medicine_total', '2025-10-31', 355.00, '2026-03-18 10:21:11'),
(332, 'medicine_total', '2025-11-01', 216.00, '2026-03-18 10:21:11'),
(333, 'medicine_total', '2025-11-02', 622.00, '2026-03-18 10:21:11'),
(334, 'medicine_total', '2025-11-03', 317.00, '2026-03-18 10:21:11'),
(335, 'medicine_total', '2025-11-04', 227.00, '2026-03-18 10:21:11'),
(336, 'medicine_total', '2025-11-05', 204.00, '2026-03-18 10:21:11'),
(337, 'medicine_total', '2025-11-06', 233.00, '2026-03-18 10:21:11'),
(338, 'medicine_total', '2025-11-07', 44.00, '2026-03-18 10:21:11'),
(339, 'medicine_total', '2025-11-08', 426.00, '2026-03-18 10:21:11'),
(340, 'medicine_total', '2025-11-09', 207.00, '2026-03-18 10:21:11'),
(341, 'medicine_total', '2025-11-10', 86.00, '2026-03-18 10:21:11'),
(342, 'medicine_total', '2025-11-11', 111.00, '2026-03-18 10:21:11'),
(343, 'medicine_total', '2025-11-12', 241.00, '2026-03-18 10:21:11'),
(344, 'medicine_total', '2025-11-13', 340.00, '2026-03-18 10:21:11'),
(345, 'medicine_total', '2025-11-14', 121.00, '2026-03-18 10:21:11'),
(346, 'medicine_total', '2025-11-15', 198.00, '2026-03-18 10:21:11'),
(347, 'medicine_total', '2025-11-16', 88.00, '2026-03-18 10:21:11'),
(348, 'medicine_total', '2025-11-17', 191.00, '2026-03-18 10:21:11'),
(349, 'medicine_total', '2025-11-18', 221.00, '2026-03-18 10:21:11'),
(350, 'medicine_total', '2025-11-19', 409.00, '2026-03-18 10:21:11'),
(351, 'medicine_total', '2025-11-20', 268.00, '2026-03-18 10:21:11'),
(352, 'medicine_total', '2025-11-21', 112.00, '2026-03-18 10:21:11'),
(353, 'medicine_total', '2025-11-22', 157.00, '2026-03-18 10:21:11'),
(354, 'medicine_total', '2025-11-24', 248.00, '2026-03-18 10:21:11'),
(355, 'medicine_total', '2025-11-25', 380.00, '2026-03-18 10:21:11'),
(356, 'medicine_total', '2025-11-26', 65.00, '2026-03-18 10:21:11'),
(357, 'medicine_total', '2025-11-27', 502.00, '2026-03-18 10:21:11'),
(358, 'medicine_total', '2025-11-29', 296.00, '2026-03-18 10:21:11'),
(359, 'medicine_total', '2025-11-30', 396.00, '2026-03-18 10:21:11'),
(360, 'medicine_total', '2025-12-01', 153.00, '2026-03-18 10:21:11'),
(361, 'medicine_total', '2025-12-02', 268.00, '2026-03-18 10:21:11'),
(362, 'medicine_total', '2025-12-03', 53.00, '2026-03-18 10:21:11'),
(363, 'medicine_total', '2025-12-04', 352.00, '2026-03-18 10:21:11'),
(364, 'medicine_total', '2025-12-05', 290.00, '2026-03-18 10:21:11'),
(365, 'medicine_total', '2025-12-06', 88.00, '2026-03-18 10:21:11'),
(366, 'medicine_total', '2025-12-07', 78.00, '2026-03-18 10:21:11'),
(367, 'medicine_total', '2025-12-08', 230.00, '2026-03-18 10:21:11'),
(368, 'medicine_total', '2025-12-09', 179.00, '2026-03-18 10:21:11'),
(369, 'medicine_total', '2025-12-10', 266.00, '2026-03-18 10:21:11'),
(370, 'medicine_total', '2025-12-11', 31.00, '2026-03-18 10:21:11'),
(371, 'medicine_total', '2025-12-12', 5.00, '2026-03-18 10:21:11'),
(372, 'medicine_total', '2025-12-13', 176.00, '2026-03-18 10:21:11'),
(373, 'medicine_total', '2025-12-14', 163.00, '2026-03-18 10:21:11'),
(374, 'medicine_total', '2025-12-15', 345.00, '2026-03-18 10:21:11'),
(375, 'medicine_total', '2025-12-16', 277.00, '2026-03-18 10:21:11'),
(376, 'medicine_total', '2025-12-17', 289.00, '2026-03-18 10:21:11'),
(377, 'medicine_total', '2025-12-18', 37.00, '2026-03-18 10:21:11'),
(378, 'medicine_total', '2025-12-19', 110.00, '2026-03-18 10:21:11'),
(379, 'medicine_total', '2025-12-20', 147.00, '2026-03-18 10:21:11'),
(380, 'medicine_total', '2025-12-21', 374.00, '2026-03-18 10:21:11'),
(381, 'medicine_total', '2025-12-22', 225.00, '2026-03-18 10:21:11'),
(382, 'medicine_total', '2025-12-23', 165.00, '2026-03-18 10:21:11'),
(383, 'medicine_total', '2025-12-24', 212.00, '2026-03-18 10:21:11'),
(384, 'medicine_total', '2025-12-25', 363.00, '2026-03-18 10:21:11'),
(385, 'medicine_total', '2025-12-26', 175.00, '2026-03-18 10:21:11'),
(386, 'medicine_total', '2025-12-27', 288.00, '2026-03-18 10:21:11'),
(387, 'medicine_total', '2025-12-28', 409.00, '2026-03-18 10:21:11'),
(388, 'medicine_total', '2025-12-29', 180.00, '2026-03-18 10:21:11'),
(389, 'medicine_total', '2025-12-30', 311.00, '2026-03-18 10:21:11'),
(390, 'medicine_total', '2025-12-31', 258.00, '2026-03-18 10:21:11'),
(391, 'medicine_total', '2026-01-01', 263.00, '2026-03-18 10:21:11'),
(392, 'medicine_total', '2026-01-02', 305.00, '2026-03-18 10:21:11'),
(393, 'medicine_total', '2026-01-03', 306.00, '2026-03-18 10:21:11'),
(394, 'medicine_total', '2026-01-04', 247.00, '2026-03-18 10:21:11'),
(395, 'medicine_total', '2026-01-05', 111.00, '2026-03-18 10:21:11'),
(396, 'medicine_total', '2026-01-06', 182.00, '2026-03-18 10:21:11'),
(397, 'medicine_total', '2026-01-07', 105.00, '2026-03-18 10:21:11'),
(398, 'medicine_total', '2026-01-08', 368.00, '2026-03-18 10:21:11'),
(399, 'medicine_total', '2026-01-09', 193.00, '2026-03-18 10:21:11'),
(400, 'medicine_total', '2026-01-10', 258.00, '2026-03-18 10:21:11'),
(401, 'medicine_total', '2026-01-11', 146.00, '2026-03-18 10:21:11'),
(402, 'medicine_total', '2026-01-12', 84.00, '2026-03-18 10:21:11'),
(403, 'medicine_total', '2026-01-13', 59.00, '2026-03-18 10:21:11'),
(404, 'medicine_total', '2026-01-14', 191.00, '2026-03-18 10:21:11'),
(405, 'medicine_total', '2026-01-15', 223.00, '2026-03-18 10:21:11'),
(406, 'medicine_total', '2026-01-16', 233.00, '2026-03-18 10:21:11'),
(407, 'medicine_total', '2026-01-17', 38.00, '2026-03-18 10:21:11'),
(408, 'medicine_total', '2026-01-18', 65.00, '2026-03-18 10:21:11'),
(409, 'medicine_total', '2026-01-19', 92.00, '2026-03-18 10:21:11'),
(410, 'medicine_total', '2026-01-20', 174.00, '2026-03-18 10:21:11'),
(411, 'medicine_total', '2026-01-21', 136.00, '2026-03-18 10:21:11'),
(412, 'medicine_total', '2026-01-22', 348.00, '2026-03-18 10:21:11'),
(413, 'medicine_total', '2026-01-23', 488.00, '2026-03-18 10:21:11'),
(414, 'medicine_total', '2026-01-24', 118.00, '2026-03-18 10:21:11'),
(415, 'medicine_total', '2026-01-25', 211.00, '2026-03-18 10:21:11'),
(416, 'medicine_total', '2026-01-26', 184.00, '2026-03-18 10:21:11'),
(417, 'medicine_total', '2026-01-27', 84.00, '2026-03-18 10:21:11'),
(418, 'medicine_total', '2026-01-28', 333.00, '2026-03-18 10:21:11'),
(419, 'medicine_total', '2026-01-29', 81.00, '2026-03-18 10:21:11'),
(420, 'medicine_total', '2026-01-30', 706.00, '2026-03-18 10:21:11'),
(421, 'medicine_total', '2026-01-31', 136.00, '2026-03-18 10:21:11'),
(422, 'medicine_total', '2026-02-01', 291.00, '2026-03-18 10:21:11'),
(423, 'medicine_total', '2026-02-02', 80.00, '2026-03-18 10:21:11'),
(424, 'medicine_total', '2026-02-03', 283.00, '2026-03-18 10:21:11'),
(425, 'medicine_total', '2026-02-04', 112.00, '2026-03-18 10:21:11'),
(426, 'medicine_total', '2026-02-05', 149.00, '2026-03-18 10:21:11'),
(427, 'medicine_total', '2026-02-06', 362.00, '2026-03-18 10:21:11'),
(428, 'medicine_total', '2026-02-07', 25.00, '2026-03-18 10:21:11'),
(429, 'medicine_total', '2026-02-08', 384.00, '2026-03-18 10:21:11'),
(430, 'medicine_total', '2026-02-09', 510.00, '2026-03-18 10:21:11'),
(431, 'medicine_total', '2026-02-10', 181.00, '2026-03-18 10:21:11'),
(432, 'medicine_total', '2026-02-11', 43.00, '2026-03-18 10:21:11'),
(433, 'medicine_total', '2026-02-12', 149.00, '2026-03-18 10:21:11'),
(434, 'medicine_total', '2026-02-13', 19.00, '2026-03-18 10:21:11'),
(435, 'medicine_total', '2026-02-14', 466.00, '2026-03-18 10:21:11'),
(436, 'medicine_total', '2026-02-15', 208.00, '2026-03-18 10:21:11'),
(437, 'medicine_total', '2026-02-16', 89.00, '2026-03-18 10:21:11'),
(438, 'medicine_total', '2026-02-17', 261.00, '2026-03-18 10:21:11'),
(439, 'medicine_total', '2026-02-18', 135.00, '2026-03-18 10:21:11'),
(440, 'medicine_total', '2026-02-19', 76.00, '2026-03-18 10:21:11'),
(441, 'medicine_total', '2026-02-20', 346.00, '2026-03-18 10:21:11'),
(442, 'medicine_total', '2026-02-21', 417.00, '2026-03-18 10:21:11'),
(443, 'medicine_total', '2026-02-22', 442.00, '2026-03-18 10:21:11'),
(444, 'medicine_total', '2026-02-23', 165.00, '2026-03-18 10:21:11'),
(445, 'medicine_total', '2026-02-24', 125.00, '2026-03-18 10:21:11'),
(446, 'medicine_total', '2026-02-25', 153.00, '2026-03-18 10:21:11'),
(447, 'medicine_total', '2026-02-26', 195.00, '2026-03-18 10:21:11'),
(448, 'medicine_total', '2026-02-27', 131.00, '2026-03-18 10:21:11'),
(449, 'medicine_total', '2026-02-28', 123.00, '2026-03-18 10:21:11'),
(450, 'medicine_total', '2026-03-01', 359.00, '2026-03-18 10:21:11'),
(451, 'medicine_total', '2026-03-02', 93.00, '2026-03-18 10:21:11'),
(452, 'medicine_total', '2026-03-03', 81.00, '2026-03-18 10:21:11'),
(453, 'medicine_total', '2026-03-04', 96.00, '2026-03-18 10:21:11'),
(454, 'medicine_total', '2026-03-05', 68.00, '2026-03-18 10:21:11'),
(455, 'medicine_total', '2026-03-06', 322.00, '2026-03-18 10:21:11'),
(456, 'medicine_total', '2026-03-07', 41.00, '2026-03-18 10:21:11'),
(457, 'medicine_total', '2026-03-08', 267.00, '2026-03-18 10:21:11'),
(458, 'medicine_total', '2026-03-09', 288.00, '2026-03-18 10:21:11'),
(459, 'medicine_total', '2026-03-10', 393.00, '2026-03-18 10:21:11'),
(460, 'medicine_total', '2026-03-11', 91.00, '2026-03-18 10:21:11'),
(461, 'medicine_total', '2026-03-12', 99.00, '2026-03-18 10:21:11'),
(462, 'medicine_total', '2026-03-13', 182.00, '2026-03-18 10:21:11'),
(463, 'medicine_total', '2026-03-14', 201.00, '2026-03-18 10:21:11'),
(464, 'medicine_total', '2026-03-15', 281.00, '2026-03-18 10:21:11'),
(465, 'medicine_total', '2026-03-16', 341.00, '2026-03-18 10:21:11'),
(466, 'medicine_total', '2026-03-17', 151.00, '2026-03-18 10:21:11'),
(467, 'medicine_total', '2026-03-18', 121.00, '2026-03-18 10:21:11');

-- --------------------------------------------------------

--
-- Table structure for table `users`
--

CREATE TABLE `users` (
  `id` int(10) UNSIGNED NOT NULL,
  `role_id` int(10) UNSIGNED NOT NULL,
  `username` varchar(50) NOT NULL,
  `password_hash` varchar(255) NOT NULL,
  `full_name` varchar(120) NOT NULL,
  `email` varchar(120) DEFAULT NULL,
  `phone` varchar(30) DEFAULT NULL,
  `status` enum('active','inactive') NOT NULL DEFAULT 'active',
  `created_at` datetime NOT NULL DEFAULT current_timestamp(),
  `updated_at` datetime DEFAULT NULL ON UPDATE current_timestamp()
) ENGINE=InnoDB DEFAULT CHARSET=utf8mb4 COLLATE=utf8mb4_unicode_ci;

--
-- Dumping data for table `users`
--

INSERT INTO `users` (`id`, `role_id`, `username`, `password_hash`, `full_name`, `email`, `phone`, `status`, `created_at`, `updated_at`) VALUES
(1, 1, 'admin', '$2y$10$0mvIR7AT0u9y4q.FMLpg8.tJ77mPD7zrZCdAuTjl78r2g4UYteO22', 'System Admin', NULL, NULL, 'active', '2026-03-18 10:08:37', NULL),
(2, 2, 'bhw', '$2y$10$5jqcR2FrgaMsuOPxeWkofeIZdrzsKFSufD5InCtLJGQ2Hi.oQR/ua', 'Barangay Health Worker', NULL, NULL, 'active', '2026-03-18 10:08:37', NULL),
(3, 3, 'bhw', '$2y$10$5jqcR2FrgaMsuOPxeWkofeIZdrzsKFSufD5InCtLJGQ2Hi.oQR/ua', 'Barangay Health Worker', NULL, NULL, 'active', '2026-03-18 10:08:37', NULL),
(4, 3, 'Elmar', '$2y$10$yE721LEyDxfh4NtJr.H8k.tvKE3tLIo6BIc/E0QsH6w4yW.oYhgkO', 'Elmar Cayaba', 'elmarcayaba39@gmail.com', NULL, 'active', '2026-03-18 10:34:30', NULL);

-- --------------------------------------------------------

--
-- Table structure for table `vaccines`
--

CREATE TABLE `vaccines` (
  `id` int(10) UNSIGNED NOT NULL,
  `name` varchar(120) NOT NULL,
  `code` varchar(40) NOT NULL,
  `recommended_min_age_months` int(10) UNSIGNED DEFAULT NULL,
  `recommended_max_age_months` int(10) UNSIGNED DEFAULT NULL,
  `doses_required` int(10) UNSIGNED DEFAULT NULL,
  `created_at` datetime NOT NULL DEFAULT current_timestamp()
) ENGINE=InnoDB DEFAULT CHARSET=utf8mb4 COLLATE=utf8mb4_unicode_ci;

--
-- Dumping data for table `vaccines`
--

INSERT INTO `vaccines` (`id`, `name`, `code`, `recommended_min_age_months`, `recommended_max_age_months`, `doses_required`, `created_at`) VALUES
(1, 'BCG', 'BCG', 0, 1, 1, '2026-03-18 10:08:37'),
(2, 'Hepatitis B', 'HEPB', 0, 1, 1, '2026-03-18 10:08:37'),
(3, 'Pentavalent', 'PENTA', 2, 6, 3, '2026-03-18 10:08:37'),
(4, 'Oral Polio Vaccine', 'OPV', 2, 6, 3, '2026-03-18 10:08:37'),
(5, 'Measles, Mumps, Rubella', 'MMR', 9, 24, 2, '2026-03-18 10:08:37');

-- --------------------------------------------------------

--
-- Table structure for table `visits`
--

CREATE TABLE `visits` (
  `id` bigint(20) UNSIGNED NOT NULL,
  `patient_id` bigint(20) UNSIGNED NOT NULL,
  `visit_datetime` datetime NOT NULL,
  `visit_type` enum('general','immunization','maternal','other') NOT NULL DEFAULT 'general',
  `reason` varchar(255) DEFAULT NULL,
  `notes` text DEFAULT NULL,
  `recorded_by` int(10) UNSIGNED DEFAULT NULL,
  `created_at` datetime NOT NULL DEFAULT current_timestamp()
) ENGINE=InnoDB DEFAULT CHARSET=utf8mb4 COLLATE=utf8mb4_unicode_ci;

--
-- Dumping data for table `visits`
--

INSERT INTO `visits` (`id`, `patient_id`, `visit_datetime`, `visit_type`, `reason`, `notes`, `recorded_by`, `created_at`) VALUES
(1, 12, '2025-12-18 14:38:00', 'general', 'General consultation', 'General consultation visit', 1, '2026-03-18 10:20:03'),
(2, 42, '2025-12-18 14:27:00', 'general', 'Hypertension monitoring', 'General consultation visit', 1, '2026-03-18 10:20:03'),
(3, 30, '2025-12-18 10:26:00', 'general', 'Hypertension monitoring', 'General consultation visit', 2, '2026-03-18 10:20:03'),
(4, 46, '2025-12-18 14:45:00', 'general', 'General consultation', 'General consultation visit', 1, '2026-03-18 10:20:03'),
(5, 11, '2025-12-18 11:11:00', 'general', 'Medication refill', 'General consultation visit', 1, '2026-03-18 10:20:03'),
(6, 2, '2025-12-18 09:00:00', 'general', 'Fever and cough', 'General consultation visit', 1, '2026-03-18 10:20:03'),
(7, 30, '2025-12-18 14:01:00', 'general', 'Follow-up visit', 'General consultation visit', 3, '2026-03-18 10:20:03'),
(8, 35, '2025-12-18 08:08:00', 'general', 'General consultation', 'General consultation visit', 3, '2026-03-18 10:20:03'),
(9, 18, '2025-12-18 14:30:00', 'general', 'Wound care', 'General consultation visit', 1, '2026-03-18 10:20:03'),
(10, 20, '2025-12-18 14:02:00', 'general', 'Health certificate', 'General consultation visit', 3, '2026-03-18 10:20:03'),
(11, 21, '2025-12-19 14:37:00', 'general', 'Follow-up visit', 'General consultation visit', 1, '2026-03-18 10:20:03'),
(12, 27, '2025-12-19 16:44:00', 'general', 'Health certificate', 'General consultation visit', 1, '2026-03-18 10:20:03'),
(13, 18, '2025-12-19 15:09:00', 'general', 'Follow-up visit', 'General consultation visit', 3, '2026-03-18 10:20:03'),
(14, 40, '2025-12-19 10:57:00', 'general', 'Medication refill', 'General consultation visit', 3, '2026-03-18 10:20:03'),
(15, 14, '2025-12-19 12:06:00', 'general', 'General consultation', 'General consultation visit', 2, '2026-03-18 10:20:03'),
(16, 8, '2025-12-19 15:55:00', 'general', 'Hypertension monitoring', 'General consultation visit', 2, '2026-03-18 10:20:03'),
(17, 51, '2025-12-19 08:05:00', 'general', 'Wound care', 'General consultation visit', 3, '2026-03-18 10:20:03'),
(18, 39, '2025-12-19 15:45:00', 'general', 'Diabetes checkup', 'General consultation visit', 3, '2026-03-18 10:20:03'),
(19, 40, '2025-12-19 11:23:00', 'general', 'Health checkup', 'General consultation visit', 3, '2026-03-18 10:20:03'),
(20, 15, '2025-12-19 09:41:00', 'general', 'General consultation', 'General consultation visit', 1, '2026-03-18 10:20:03'),
(21, 9, '2025-12-20 14:24:00', 'general', 'Health checkup', 'General consultation visit', 2, '2026-03-18 10:20:03'),
(22, 47, '2025-12-20 16:16:00', 'general', 'Hypertension monitoring', 'General consultation visit', 2, '2026-03-18 10:20:03'),
(23, 2, '2025-12-20 16:03:00', 'general', 'Wound care', 'General consultation visit', 2, '2026-03-18 10:20:03'),
(24, 2, '2025-12-20 11:21:00', 'general', 'General consultation', 'General consultation visit', 3, '2026-03-18 10:20:03'),
(25, 4, '2025-12-20 14:54:00', 'general', 'Health certificate', 'General consultation visit', 3, '2026-03-18 10:20:03'),
(26, 45, '2025-12-20 09:41:00', 'general', 'Fever and cough', 'General consultation visit', 2, '2026-03-18 10:20:03'),
(27, 45, '2025-12-20 11:47:00', 'general', 'Fever and cough', 'General consultation visit', 3, '2026-03-18 10:20:03'),
(28, 51, '2025-12-20 13:23:00', 'general', 'Fever and cough', 'General consultation visit', 3, '2026-03-18 10:20:03'),
(29, 36, '2025-12-20 08:23:00', 'general', 'Health certificate', 'General consultation visit', 2, '2026-03-18 10:20:03'),
(30, 15, '2025-12-20 11:34:00', 'general', 'Follow-up visit', 'General consultation visit', 2, '2026-03-18 10:20:03'),
(31, 19, '2025-12-20 09:38:00', 'general', 'Follow-up visit', 'General consultation visit', 1, '2026-03-18 10:20:03'),
(32, 33, '2025-12-20 13:24:00', 'general', 'Diabetes checkup', 'General consultation visit', 2, '2026-03-18 10:20:03'),
(33, 42, '2025-12-20 13:12:00', 'general', 'General consultation', 'General consultation visit', 2, '2026-03-18 10:20:03'),
(34, 10, '2025-12-20 08:05:00', 'general', 'Wound care', 'General consultation visit', 1, '2026-03-18 10:20:03'),
(35, 44, '2025-12-20 15:28:00', 'general', 'Hypertension monitoring', 'General consultation visit', 2, '2026-03-18 10:20:03'),
(36, 23, '2025-12-20 16:06:00', 'general', 'Fever and cough', 'General consultation visit', 1, '2026-03-18 10:20:03'),
(37, 32, '2025-12-20 09:55:00', 'general', 'Blood pressure check', 'General consultation visit', 1, '2026-03-18 10:20:03'),
(38, 33, '2025-12-20 16:18:00', 'general', 'Health certificate', 'General consultation visit', 2, '2026-03-18 10:20:03'),
(39, 42, '2025-12-20 15:26:00', 'general', 'General consultation', 'General consultation visit', 2, '2026-03-18 10:20:03'),
(40, 48, '2025-12-20 16:17:00', 'general', 'Follow-up visit', 'General consultation visit', 2, '2026-03-18 10:20:03'),
(41, 2, '2025-12-20 10:47:00', 'general', 'General consultation', 'General consultation visit', 1, '2026-03-18 10:20:03'),
(42, 43, '2025-12-20 13:45:00', 'general', 'Diabetes checkup', 'General consultation visit', 3, '2026-03-18 10:20:03'),
(43, 28, '2025-12-20 14:58:00', 'general', 'Diabetes checkup', 'General consultation visit', 1, '2026-03-18 10:20:03'),
(44, 36, '2025-12-20 12:17:00', 'general', 'Health checkup', 'General consultation visit', 2, '2026-03-18 10:20:03'),
(45, 31, '2025-12-21 11:09:00', 'general', 'Follow-up visit', 'General consultation visit', 1, '2026-03-18 10:20:03'),
(46, 33, '2025-12-21 14:24:00', 'general', 'Hypertension monitoring', 'General consultation visit', 3, '2026-03-18 10:20:03'),
(47, 39, '2025-12-21 10:44:00', 'general', 'Medication refill', 'General consultation visit', 1, '2026-03-18 10:20:03'),
(48, 36, '2025-12-21 16:14:00', 'general', 'Hypertension monitoring', 'General consultation visit', 1, '2026-03-18 10:20:03'),
(49, 24, '2025-12-21 08:26:00', 'general', 'General consultation', 'General consultation visit', 3, '2026-03-18 10:20:03'),
(50, 6, '2025-12-21 15:20:00', 'general', 'General consultation', 'General consultation visit', 2, '2026-03-18 10:20:03'),
(51, 33, '2025-12-21 11:57:00', 'general', 'Health checkup', 'General consultation visit', 2, '2026-03-18 10:20:03'),
(52, 38, '2025-12-21 10:12:00', 'general', 'Follow-up visit', 'General consultation visit', 2, '2026-03-18 10:20:03'),
(53, 22, '2025-12-21 10:27:00', 'general', 'Health checkup', 'General consultation visit', 1, '2026-03-18 10:20:03'),
(54, 36, '2025-12-21 09:44:00', 'general', 'Health checkup', 'General consultation visit', 1, '2026-03-18 10:20:03'),
(55, 6, '2025-12-21 13:46:00', 'general', 'General consultation', 'General consultation visit', 1, '2026-03-18 10:20:03'),
(56, 10, '2025-12-21 09:23:00', 'general', 'Fever and cough', 'General consultation visit', 3, '2026-03-18 10:20:03'),
(57, 46, '2025-12-22 08:41:00', 'general', 'Diabetes checkup', 'General consultation visit', 3, '2026-03-18 10:20:03'),
(58, 51, '2025-12-22 14:27:00', 'general', 'Health checkup', 'General consultation visit', 2, '2026-03-18 10:20:03'),
(59, 21, '2025-12-22 16:22:00', 'general', 'Wound care', 'General consultation visit', 3, '2026-03-18 10:20:03'),
(60, 30, '2025-12-22 08:01:00', 'general', 'Diabetes checkup', 'General consultation visit', 1, '2026-03-18 10:20:03'),
(61, 7, '2025-12-22 15:56:00', 'general', 'Wound care', 'General consultation visit', 2, '2026-03-18 10:20:03'),
(62, 10, '2025-12-22 09:45:00', 'general', 'Diabetes checkup', 'General consultation visit', 3, '2026-03-18 10:20:03'),
(63, 9, '2025-12-22 15:54:00', 'general', 'Medication refill', 'General consultation visit', 1, '2026-03-18 10:20:03'),
(64, 27, '2025-12-22 14:18:00', 'general', 'Health certificate', 'General consultation visit', 2, '2026-03-18 10:20:03'),
(65, 23, '2025-12-22 15:32:00', 'general', 'Fever and cough', 'General consultation visit', 1, '2026-03-18 10:20:03'),
(66, 41, '2025-12-22 10:00:00', 'general', 'Wound care', 'General consultation visit', 1, '2026-03-18 10:20:03'),
(67, 9, '2025-12-22 11:54:00', 'general', 'Diabetes checkup', 'General consultation visit', 3, '2026-03-18 10:20:03'),
(68, 18, '2025-12-22 14:13:00', 'general', 'Hypertension monitoring', 'General consultation visit', 2, '2026-03-18 10:20:03'),
(69, 21, '2025-12-22 08:43:00', 'general', 'Health certificate', 'General consultation visit', 1, '2026-03-18 10:20:03'),
(70, 23, '2025-12-22 15:50:00', 'general', 'Health certificate', 'General consultation visit', 2, '2026-03-18 10:20:03'),
(71, 8, '2025-12-23 11:32:00', 'general', 'Hypertension monitoring', 'General consultation visit', 1, '2026-03-18 10:20:03'),
(72, 23, '2025-12-23 15:15:00', 'general', 'Diabetes checkup', 'General consultation visit', 3, '2026-03-18 10:20:03'),
(73, 15, '2025-12-23 11:49:00', 'general', 'General consultation', 'General consultation visit', 1, '2026-03-18 10:20:03'),
(74, 19, '2025-12-23 14:53:00', 'general', 'Wound care', 'General consultation visit', 1, '2026-03-18 10:20:03'),
(75, 24, '2025-12-23 11:36:00', 'general', 'Hypertension monitoring', 'General consultation visit', 1, '2026-03-18 10:20:03'),
(76, 28, '2025-12-23 11:57:00', 'general', 'Blood pressure check', 'General consultation visit', 1, '2026-03-18 10:20:03'),
(77, 12, '2025-12-23 11:54:00', 'general', 'Health checkup', 'General consultation visit', 2, '2026-03-18 10:20:03'),
(78, 3, '2025-12-23 16:45:00', 'general', 'Medication refill', 'General consultation visit', 1, '2026-03-18 10:20:03'),
(79, 20, '2025-12-23 09:31:00', 'general', 'Health certificate', 'General consultation visit', 2, '2026-03-18 10:20:03'),
(80, 32, '2025-12-23 13:04:00', 'general', 'Health certificate', 'General consultation visit', 3, '2026-03-18 10:20:03'),
(81, 45, '2025-12-23 10:12:00', 'general', 'Fever and cough', 'General consultation visit', 1, '2026-03-18 10:20:03'),
(82, 48, '2025-12-23 14:51:00', 'general', 'Health checkup', 'General consultation visit', 2, '2026-03-18 10:20:03'),
(83, 19, '2025-12-23 16:55:00', 'general', 'Wound care', 'General consultation visit', 2, '2026-03-18 10:20:03'),
(84, 16, '2025-12-23 15:54:00', 'general', 'Diabetes checkup', 'General consultation visit', 1, '2026-03-18 10:20:03'),
(85, 19, '2025-12-23 09:26:00', 'general', 'Health checkup', 'General consultation visit', 2, '2026-03-18 10:20:03'),
(86, 15, '2025-12-23 09:05:00', 'general', 'Fever and cough', 'General consultation visit', 3, '2026-03-18 10:20:03'),
(87, 48, '2025-12-23 13:12:00', 'general', 'Health certificate', 'General consultation visit', 2, '2026-03-18 10:20:03'),
(88, 45, '2025-12-23 09:07:00', 'general', 'Hypertension monitoring', 'General consultation visit', 1, '2026-03-18 10:20:03'),
(89, 42, '2025-12-23 16:34:00', 'general', 'Diabetes checkup', 'General consultation visit', 2, '2026-03-18 10:20:03'),
(90, 21, '2025-12-23 08:13:00', 'general', 'Health checkup', 'General consultation visit', 3, '2026-03-18 10:20:03'),
(91, 2, '2025-12-23 16:43:00', 'general', 'Blood pressure check', 'General consultation visit', 2, '2026-03-18 10:20:03'),
(92, 35, '2025-12-23 12:28:00', 'general', 'Hypertension monitoring', 'General consultation visit', 3, '2026-03-18 10:20:03'),
(93, 49, '2025-12-23 15:31:00', 'general', 'Diabetes checkup', 'General consultation visit', 2, '2026-03-18 10:20:03'),
(94, 33, '2025-12-23 12:58:00', 'general', 'General consultation', 'General consultation visit', 1, '2026-03-18 10:20:03'),
(95, 2, '2025-12-23 10:42:00', 'general', 'Hypertension monitoring', 'General consultation visit', 2, '2026-03-18 10:20:03'),
(96, 3, '2025-12-24 09:36:00', 'general', 'Diabetes checkup', 'General consultation visit', 2, '2026-03-18 10:20:03'),
(97, 10, '2025-12-24 08:35:00', 'general', 'Wound care', 'General consultation visit', 1, '2026-03-18 10:20:03'),
(98, 48, '2025-12-24 13:46:00', 'general', 'Follow-up visit', 'General consultation visit', 3, '2026-03-18 10:20:03'),
(99, 4, '2025-12-24 12:25:00', 'general', 'Fever and cough', 'General consultation visit', 3, '2026-03-18 10:20:03'),
(100, 7, '2025-12-24 13:07:00', 'general', 'Follow-up visit', 'General consultation visit', 3, '2026-03-18 10:20:03'),
(101, 4, '2025-12-25 16:59:00', 'general', 'Health checkup', 'General consultation visit', 1, '2026-03-18 10:20:03'),
(102, 49, '2025-12-25 15:16:00', 'general', 'Medication refill', 'General consultation visit', 2, '2026-03-18 10:20:03'),
(103, 14, '2025-12-25 15:30:00', 'general', 'Hypertension monitoring', 'General consultation visit', 1, '2026-03-18 10:20:03'),
(104, 44, '2025-12-25 08:00:00', 'general', 'Blood pressure check', 'General consultation visit', 3, '2026-03-18 10:20:03'),
(105, 22, '2025-12-25 10:55:00', 'general', 'Diabetes checkup', 'General consultation visit', 3, '2026-03-18 10:20:03'),
(106, 19, '2025-12-25 11:21:00', 'general', 'Wound care', 'General consultation visit', 1, '2026-03-18 10:20:03'),
(107, 15, '2025-12-25 16:23:00', 'general', 'Health checkup', 'General consultation visit', 2, '2026-03-18 10:20:03'),
(108, 20, '2025-12-25 08:21:00', 'general', 'Health checkup', 'General consultation visit', 3, '2026-03-18 10:20:03'),
(109, 47, '2025-12-25 16:19:00', 'general', 'Health certificate', 'General consultation visit', 3, '2026-03-18 10:20:03'),
(110, 29, '2025-12-25 11:33:00', 'general', 'Blood pressure check', 'General consultation visit', 1, '2026-03-18 10:20:03'),
(111, 46, '2025-12-25 11:32:00', 'general', 'Blood pressure check', 'General consultation visit', 3, '2026-03-18 10:20:03'),
(112, 29, '2025-12-25 16:04:00', 'general', 'Hypertension monitoring', 'General consultation visit', 3, '2026-03-18 10:20:03'),
(113, 30, '2025-12-25 13:33:00', 'general', 'Blood pressure check', 'General consultation visit', 3, '2026-03-18 10:20:03'),
(114, 29, '2025-12-25 13:06:00', 'general', 'Hypertension monitoring', 'General consultation visit', 1, '2026-03-18 10:20:03'),
(115, 42, '2025-12-25 09:22:00', 'general', 'Diabetes checkup', 'General consultation visit', 2, '2026-03-18 10:20:03'),
(116, 6, '2025-12-25 14:36:00', 'general', 'Medication refill', 'General consultation visit', 1, '2026-03-18 10:20:03'),
(117, 21, '2025-12-25 13:01:00', 'general', 'Health checkup', 'General consultation visit', 2, '2026-03-18 10:20:03'),
(118, 15, '2025-12-25 16:41:00', 'general', 'Fever and cough', 'General consultation visit', 3, '2026-03-18 10:20:03'),
(119, 32, '2025-12-25 10:26:00', 'general', 'Diabetes checkup', 'General consultation visit', 2, '2026-03-18 10:20:03'),
(120, 49, '2025-12-25 14:58:00', 'general', 'Fever and cough', 'General consultation visit', 1, '2026-03-18 10:20:03'),
(121, 24, '2025-12-25 08:53:00', 'general', 'Blood pressure check', 'General consultation visit', 1, '2026-03-18 10:20:03'),
(122, 17, '2025-12-26 15:41:00', 'general', 'Blood pressure check', 'General consultation visit', 1, '2026-03-18 10:20:03'),
(123, 25, '2025-12-26 11:38:00', 'general', 'Diabetes checkup', 'General consultation visit', 3, '2026-03-18 10:20:03'),
(124, 34, '2025-12-26 14:32:00', 'general', 'General consultation', 'General consultation visit', 1, '2026-03-18 10:20:03'),
(125, 11, '2025-12-26 15:37:00', 'general', 'Health checkup', 'General consultation visit', 3, '2026-03-18 10:20:03'),
(126, 42, '2025-12-26 11:22:00', 'general', 'Medication refill', 'General consultation visit', 1, '2026-03-18 10:20:03'),
(127, 40, '2025-12-26 12:07:00', 'general', 'Follow-up visit', 'General consultation visit', 2, '2026-03-18 10:20:03'),
(128, 28, '2025-12-26 15:49:00', 'general', 'Medication refill', 'General consultation visit', 2, '2026-03-18 10:20:03'),
(129, 14, '2025-12-26 12:14:00', 'general', 'Follow-up visit', 'General consultation visit', 2, '2026-03-18 10:20:03'),
(130, 12, '2025-12-26 10:59:00', 'general', 'Fever and cough', 'General consultation visit', 2, '2026-03-18 10:20:03'),
(131, 47, '2025-12-26 15:37:00', 'general', 'Health certificate', 'General consultation visit', 2, '2026-03-18 10:20:03'),
(132, 37, '2025-12-26 11:06:00', 'general', 'Hypertension monitoring', 'General consultation visit', 3, '2026-03-18 10:20:03'),
(133, 46, '2025-12-26 16:16:00', 'general', 'Health certificate', 'General consultation visit', 1, '2026-03-18 10:20:03'),
(134, 12, '2025-12-26 15:00:00', 'general', 'Health certificate', 'General consultation visit', 2, '2026-03-18 10:20:03'),
(135, 18, '2025-12-26 12:07:00', 'general', 'Medication refill', 'General consultation visit', 1, '2026-03-18 10:20:03'),
(136, 7, '2025-12-26 08:41:00', 'general', 'Health checkup', 'General consultation visit', 2, '2026-03-18 10:20:03'),
(137, 20, '2025-12-26 10:16:00', 'general', 'Health checkup', 'General consultation visit', 1, '2026-03-18 10:20:03'),
(138, 40, '2025-12-26 09:55:00', 'general', 'Medication refill', 'General consultation visit', 3, '2026-03-18 10:20:03'),
(139, 27, '2025-12-26 09:50:00', 'general', 'Health certificate', 'General consultation visit', 3, '2026-03-18 10:20:03'),
(140, 49, '2025-12-26 10:36:00', 'general', 'Health certificate', 'General consultation visit', 1, '2026-03-18 10:20:03'),
(141, 22, '2025-12-27 13:47:00', 'general', 'Diabetes checkup', 'General consultation visit', 3, '2026-03-18 10:20:03'),
(142, 37, '2025-12-27 16:21:00', 'general', 'Diabetes checkup', 'General consultation visit', 3, '2026-03-18 10:20:03'),
(143, 44, '2025-12-27 14:49:00', 'general', 'Health certificate', 'General consultation visit', 1, '2026-03-18 10:20:03'),
(144, 43, '2025-12-27 14:58:00', 'general', 'Follow-up visit', 'General consultation visit', 2, '2026-03-18 10:20:03'),
(145, 39, '2025-12-27 16:00:00', 'general', 'Health checkup', 'General consultation visit', 3, '2026-03-18 10:20:03'),
(146, 21, '2025-12-27 14:01:00', 'general', 'Wound care', 'General consultation visit', 2, '2026-03-18 10:20:03'),
(147, 27, '2025-12-27 10:43:00', 'general', 'Hypertension monitoring', 'General consultation visit', 3, '2026-03-18 10:20:03'),
(148, 19, '2025-12-27 08:26:00', 'general', 'Health checkup', 'General consultation visit', 2, '2026-03-18 10:20:03'),
(149, 9, '2025-12-28 13:51:00', 'general', 'Follow-up visit', 'General consultation visit', 3, '2026-03-18 10:20:03'),
(150, 2, '2025-12-28 09:29:00', 'general', 'Blood pressure check', 'General consultation visit', 2, '2026-03-18 10:20:03'),
(151, 26, '2025-12-28 16:52:00', 'general', 'Wound care', 'General consultation visit', 3, '2026-03-18 10:20:03'),
(152, 30, '2025-12-28 12:14:00', 'general', 'Blood pressure check', 'General consultation visit', 3, '2026-03-18 10:20:03'),
(153, 22, '2025-12-28 11:35:00', 'general', 'Hypertension monitoring', 'General consultation visit', 3, '2026-03-18 10:20:03'),
(154, 31, '2025-12-28 11:18:00', 'general', 'Health checkup', 'General consultation visit', 3, '2026-03-18 10:20:03'),
(155, 40, '2025-12-28 12:37:00', 'general', 'Health certificate', 'General consultation visit', 3, '2026-03-18 10:20:03'),
(156, 35, '2025-12-29 11:39:00', 'general', 'Blood pressure check', 'General consultation visit', 1, '2026-03-18 10:20:03'),
(157, 1, '2025-12-29 08:45:00', 'general', 'General consultation', 'General consultation visit', 3, '2026-03-18 10:20:03'),
(158, 46, '2025-12-29 15:34:00', 'general', 'Health certificate', 'General consultation visit', 1, '2026-03-18 10:20:03'),
(159, 31, '2025-12-29 11:23:00', 'general', 'General consultation', 'General consultation visit', 3, '2026-03-18 10:20:03'),
(160, 44, '2025-12-29 12:37:00', 'general', 'Medication refill', 'General consultation visit', 2, '2026-03-18 10:20:03'),
(161, 49, '2025-12-29 14:12:00', 'general', 'Medication refill', 'General consultation visit', 1, '2026-03-18 10:20:03'),
(162, 6, '2025-12-29 10:50:00', 'general', 'Health certificate', 'General consultation visit', 3, '2026-03-18 10:20:03'),
(163, 3, '2025-12-29 08:09:00', 'general', 'Follow-up visit', 'General consultation visit', 2, '2026-03-18 10:20:03'),
(164, 41, '2025-12-29 10:56:00', 'general', 'Medication refill', 'General consultation visit', 2, '2026-03-18 10:20:03'),
(165, 33, '2025-12-29 09:06:00', 'general', 'Diabetes checkup', 'General consultation visit', 3, '2026-03-18 10:20:03'),
(166, 3, '2025-12-29 08:17:00', 'general', 'Hypertension monitoring', 'General consultation visit', 3, '2026-03-18 10:20:03'),
(167, 16, '2025-12-29 13:25:00', 'general', 'Blood pressure check', 'General consultation visit', 1, '2026-03-18 10:20:03'),
(168, 26, '2025-12-29 08:23:00', 'general', 'General consultation', 'General consultation visit', 2, '2026-03-18 10:20:03'),
(169, 47, '2025-12-29 16:32:00', 'general', 'Diabetes checkup', 'General consultation visit', 3, '2026-03-18 10:20:03'),
(170, 22, '2025-12-29 14:59:00', 'general', 'Diabetes checkup', 'General consultation visit', 3, '2026-03-18 10:20:03'),
(171, 25, '2025-12-29 10:41:00', 'general', 'Follow-up visit', 'General consultation visit', 2, '2026-03-18 10:20:03'),
(172, 24, '2025-12-29 11:56:00', 'general', 'Health certificate', 'General consultation visit', 3, '2026-03-18 10:20:03'),
(173, 19, '2025-12-29 14:23:00', 'general', 'Diabetes checkup', 'General consultation visit', 1, '2026-03-18 10:20:03'),
(174, 13, '2025-12-29 10:26:00', 'general', 'Health checkup', 'General consultation visit', 1, '2026-03-18 10:20:03'),
(175, 36, '2025-12-29 09:09:00', 'general', 'Medication refill', 'General consultation visit', 1, '2026-03-18 10:20:03'),
(176, 10, '2025-12-29 10:35:00', 'general', 'Follow-up visit', 'General consultation visit', 1, '2026-03-18 10:20:03'),
(177, 45, '2025-12-29 14:56:00', 'general', 'Fever and cough', 'General consultation visit', 2, '2026-03-18 10:20:03'),
(178, 43, '2025-12-29 11:07:00', 'general', 'Fever and cough', 'General consultation visit', 2, '2026-03-18 10:20:03'),
(179, 43, '2025-12-29 16:58:00', 'general', 'Diabetes checkup', 'General consultation visit', 1, '2026-03-18 10:20:03'),
(180, 45, '2025-12-29 13:54:00', 'general', 'Wound care', 'General consultation visit', 2, '2026-03-18 10:20:03'),
(181, 22, '2025-12-30 10:10:00', 'general', 'Health checkup', 'General consultation visit', 1, '2026-03-18 10:20:03'),
(182, 17, '2025-12-30 12:02:00', 'general', 'Medication refill', 'General consultation visit', 2, '2026-03-18 10:20:03'),
(183, 4, '2025-12-30 10:31:00', 'general', 'General consultation', 'General consultation visit', 3, '2026-03-18 10:20:03'),
(184, 39, '2025-12-30 09:45:00', 'general', 'Medication refill', 'General consultation visit', 3, '2026-03-18 10:20:03'),
(185, 34, '2025-12-30 08:16:00', 'general', 'Health checkup', 'General consultation visit', 3, '2026-03-18 10:20:03'),
(186, 37, '2025-12-30 11:55:00', 'general', 'Medication refill', 'General consultation visit', 1, '2026-03-18 10:20:03'),
(187, 46, '2025-12-30 12:49:00', 'general', 'Wound care', 'General consultation visit', 1, '2026-03-18 10:20:03'),
(188, 11, '2025-12-30 08:15:00', 'general', 'Health certificate', 'General consultation visit', 2, '2026-03-18 10:20:03'),
(189, 42, '2025-12-30 08:37:00', 'general', 'Follow-up visit', 'General consultation visit', 1, '2026-03-18 10:20:03'),
(190, 1, '2025-12-30 08:41:00', 'general', 'Wound care', 'General consultation visit', 1, '2026-03-18 10:20:03'),
(191, 47, '2025-12-31 16:01:00', 'general', 'Wound care', 'General consultation visit', 3, '2026-03-18 10:20:03'),
(192, 44, '2025-12-31 10:00:00', 'general', 'Medication refill', 'General consultation visit', 1, '2026-03-18 10:20:03'),
(193, 26, '2025-12-31 11:55:00', 'general', 'Medication refill', 'General consultation visit', 1, '2026-03-18 10:20:03'),
(194, 31, '2025-12-31 15:31:00', 'general', 'Wound care', 'General consultation visit', 1, '2026-03-18 10:20:03'),
(195, 41, '2025-12-31 09:01:00', 'general', 'Hypertension monitoring', 'General consultation visit', 2, '2026-03-18 10:20:03'),
(196, 18, '2026-01-01 11:05:00', 'general', 'General consultation', 'General consultation visit', 1, '2026-03-18 10:20:03'),
(197, 32, '2026-01-01 11:23:00', 'general', 'Health checkup', 'General consultation visit', 1, '2026-03-18 10:20:03'),
(198, 26, '2026-01-01 08:02:00', 'general', 'General consultation', 'General consultation visit', 3, '2026-03-18 10:20:03'),
(199, 1, '2026-01-01 16:38:00', 'general', 'General consultation', 'General consultation visit', 2, '2026-03-18 10:20:03'),
(200, 20, '2026-01-01 12:54:00', 'general', 'Health checkup', 'General consultation visit', 2, '2026-03-18 10:20:03'),
(201, 29, '2026-01-01 13:05:00', 'general', 'Wound care', 'General consultation visit', 1, '2026-03-18 10:20:03'),
(202, 19, '2026-01-01 10:53:00', 'general', 'Medication refill', 'General consultation visit', 1, '2026-03-18 10:20:03'),
(203, 18, '2026-01-01 10:09:00', 'general', 'Follow-up visit', 'General consultation visit', 1, '2026-03-18 10:20:03'),
(204, 34, '2026-01-01 14:18:00', 'general', 'General consultation', 'General consultation visit', 3, '2026-03-18 10:20:03'),
(205, 49, '2026-01-01 11:43:00', 'general', 'Wound care', 'General consultation visit', 3, '2026-03-18 10:20:03'),
(206, 39, '2026-01-01 11:07:00', 'general', 'Health checkup', 'General consultation visit', 3, '2026-03-18 10:20:03'),
(207, 16, '2026-01-01 15:13:00', 'general', 'Hypertension monitoring', 'General consultation visit', 3, '2026-03-18 10:20:03'),
(208, 15, '2026-01-01 10:56:00', 'general', 'Wound care', 'General consultation visit', 2, '2026-03-18 10:20:03'),
(209, 44, '2026-01-01 15:32:00', 'general', 'General consultation', 'General consultation visit', 1, '2026-03-18 10:20:03'),
(210, 12, '2026-01-01 13:45:00', 'general', 'Hypertension monitoring', 'General consultation visit', 3, '2026-03-18 10:20:03'),
(211, 35, '2026-01-01 13:14:00', 'general', 'Diabetes checkup', 'General consultation visit', 3, '2026-03-18 10:20:03'),
(212, 7, '2026-01-02 11:09:00', 'general', 'General consultation', 'General consultation visit', 3, '2026-03-18 10:20:03'),
(213, 47, '2026-01-02 16:34:00', 'general', 'Diabetes checkup', 'General consultation visit', 3, '2026-03-18 10:20:03'),
(214, 17, '2026-01-02 09:24:00', 'general', 'Hypertension monitoring', 'General consultation visit', 1, '2026-03-18 10:20:03'),
(215, 16, '2026-01-02 14:45:00', 'general', 'Wound care', 'General consultation visit', 2, '2026-03-18 10:20:03'),
(216, 22, '2026-01-02 10:47:00', 'general', 'Wound care', 'General consultation visit', 3, '2026-03-18 10:20:03'),
(217, 18, '2026-01-02 10:11:00', 'general', 'Health certificate', 'General consultation visit', 2, '2026-03-18 10:20:03'),
(218, 22, '2026-01-02 09:17:00', 'general', 'Wound care', 'General consultation visit', 1, '2026-03-18 10:20:03'),
(219, 8, '2026-01-02 08:16:00', 'general', 'Diabetes checkup', 'General consultation visit', 2, '2026-03-18 10:20:03'),
(220, 27, '2026-01-02 09:51:00', 'general', 'Wound care', 'General consultation visit', 1, '2026-03-18 10:20:03'),
(221, 25, '2026-01-02 14:04:00', 'general', 'Hypertension monitoring', 'General consultation visit', 3, '2026-03-18 10:20:03'),
(222, 22, '2026-01-02 12:44:00', 'general', 'Follow-up visit', 'General consultation visit', 1, '2026-03-18 10:20:03'),
(223, 24, '2026-01-02 09:07:00', 'general', 'Health checkup', 'General consultation visit', 2, '2026-03-18 10:20:03'),
(224, 8, '2026-01-02 11:06:00', 'general', 'Health checkup', 'General consultation visit', 2, '2026-03-18 10:20:03'),
(225, 29, '2026-01-02 14:22:00', 'general', 'Health checkup', 'General consultation visit', 2, '2026-03-18 10:20:03'),
(226, 1, '2026-01-02 13:12:00', 'general', 'Fever and cough', 'General consultation visit', 3, '2026-03-18 10:20:03'),
(227, 27, '2026-01-02 09:43:00', 'general', 'Health certificate', 'General consultation visit', 3, '2026-03-18 10:20:03'),
(228, 19, '2026-01-02 15:29:00', 'general', 'General consultation', 'General consultation visit', 1, '2026-03-18 10:20:03'),
(229, 6, '2026-01-02 11:37:00', 'general', 'Hypertension monitoring', 'General consultation visit', 2, '2026-03-18 10:20:03'),
(230, 44, '2026-01-02 12:14:00', 'general', 'Medication refill', 'General consultation visit', 1, '2026-03-18 10:20:03'),
(231, 51, '2026-01-02 09:47:00', 'general', 'Blood pressure check', 'General consultation visit', 3, '2026-03-18 10:20:03'),
(232, 6, '2026-01-02 08:57:00', 'general', 'Health checkup', 'General consultation visit', 2, '2026-03-18 10:20:03'),
(233, 47, '2026-01-02 12:11:00', 'general', 'Fever and cough', 'General consultation visit', 3, '2026-03-18 10:20:03'),
(234, 29, '2026-01-02 16:44:00', 'general', 'Blood pressure check', 'General consultation visit', 2, '2026-03-18 10:20:03'),
(235, 23, '2026-01-02 14:03:00', 'general', 'Medication refill', 'General consultation visit', 3, '2026-03-18 10:20:03'),
(236, 19, '2026-01-03 14:31:00', 'general', 'General consultation', 'General consultation visit', 1, '2026-03-18 10:20:03'),
(237, 29, '2026-01-03 14:17:00', 'general', 'Blood pressure check', 'General consultation visit', 3, '2026-03-18 10:20:03'),
(238, 7, '2026-01-03 15:05:00', 'general', 'Health certificate', 'General consultation visit', 3, '2026-03-18 10:20:03'),
(239, 29, '2026-01-03 12:55:00', 'general', 'Hypertension monitoring', 'General consultation visit', 3, '2026-03-18 10:20:03'),
(240, 45, '2026-01-03 14:56:00', 'general', 'Health checkup', 'General consultation visit', 3, '2026-03-18 10:20:03'),
(241, 15, '2026-01-03 14:00:00', 'general', 'Diabetes checkup', 'General consultation visit', 2, '2026-03-18 10:20:03'),
(242, 5, '2026-01-03 10:35:00', 'general', 'Fever and cough', 'General consultation visit', 3, '2026-03-18 10:20:03'),
(243, 30, '2026-01-03 14:08:00', 'general', 'Fever and cough', 'General consultation visit', 3, '2026-03-18 10:20:03'),
(244, 29, '2026-01-03 16:29:00', 'general', 'Fever and cough', 'General consultation visit', 1, '2026-03-18 10:20:03'),
(245, 27, '2026-01-03 09:39:00', 'general', 'Follow-up visit', 'General consultation visit', 1, '2026-03-18 10:20:03'),
(246, 35, '2026-01-03 10:52:00', 'general', 'Blood pressure check', 'General consultation visit', 3, '2026-03-18 10:20:03'),
(247, 43, '2026-01-03 08:02:00', 'general', 'Hypertension monitoring', 'General consultation visit', 3, '2026-03-18 10:20:03'),
(248, 26, '2026-01-03 08:10:00', 'general', 'General consultation', 'General consultation visit', 1, '2026-03-18 10:20:03'),
(249, 44, '2026-01-03 09:17:00', 'general', 'Follow-up visit', 'General consultation visit', 3, '2026-03-18 10:20:03'),
(250, 10, '2026-01-03 11:27:00', 'general', 'Fever and cough', 'General consultation visit', 3, '2026-03-18 10:20:03'),
(251, 8, '2026-01-03 10:43:00', 'general', 'Follow-up visit', 'General consultation visit', 1, '2026-03-18 10:20:03'),
(252, 45, '2026-01-03 08:23:00', 'general', 'Wound care', 'General consultation visit', 1, '2026-03-18 10:20:03'),
(253, 31, '2026-01-03 14:10:00', 'general', 'Medication refill', 'General consultation visit', 1, '2026-03-18 10:20:03'),
(254, 14, '2026-01-03 09:32:00', 'general', 'Follow-up visit', 'General consultation visit', 2, '2026-03-18 10:20:03'),
(255, 21, '2026-01-03 08:19:00', 'general', 'Health certificate', 'General consultation visit', 2, '2026-03-18 10:20:03'),
(256, 25, '2026-01-03 15:38:00', 'general', 'Hypertension monitoring', 'General consultation visit', 3, '2026-03-18 10:20:03'),
(257, 32, '2026-01-03 09:01:00', 'general', 'Blood pressure check', 'General consultation visit', 3, '2026-03-18 10:20:03'),
(258, 42, '2026-01-04 11:13:00', 'general', 'Hypertension monitoring', 'General consultation visit', 2, '2026-03-18 10:20:03'),
(259, 46, '2026-01-04 14:58:00', 'general', 'Diabetes checkup', 'General consultation visit', 1, '2026-03-18 10:20:03'),
(260, 1, '2026-01-04 12:12:00', 'general', 'Medication refill', 'General consultation visit', 1, '2026-03-18 10:20:03'),
(261, 9, '2026-01-04 11:11:00', 'general', 'Wound care', 'General consultation visit', 1, '2026-03-18 10:20:03'),
(262, 24, '2026-01-04 08:05:00', 'general', 'Diabetes checkup', 'General consultation visit', 1, '2026-03-18 10:20:03'),
(263, 39, '2026-01-04 08:36:00', 'general', 'Fever and cough', 'General consultation visit', 2, '2026-03-18 10:20:03'),
(264, 5, '2026-01-04 08:20:00', 'general', 'Fever and cough', 'General consultation visit', 1, '2026-03-18 10:20:03'),
(265, 38, '2026-01-04 13:19:00', 'general', 'Health checkup', 'General consultation visit', 1, '2026-03-18 10:20:03'),
(266, 6, '2026-01-04 15:57:00', 'general', 'General consultation', 'General consultation visit', 1, '2026-03-18 10:20:03'),
(267, 10, '2026-01-04 15:49:00', 'general', 'Blood pressure check', 'General consultation visit', 1, '2026-03-18 10:20:03'),
(268, 25, '2026-01-04 11:20:00', 'general', 'Health certificate', 'General consultation visit', 3, '2026-03-18 10:20:03'),
(269, 42, '2026-01-04 09:22:00', 'general', 'Health checkup', 'General consultation visit', 1, '2026-03-18 10:20:03'),
(270, 10, '2026-01-04 14:39:00', 'general', 'Health certificate', 'General consultation visit', 3, '2026-03-18 10:20:03'),
(271, 12, '2026-01-04 11:30:00', 'general', 'Health checkup', 'General consultation visit', 3, '2026-03-18 10:20:03'),
(272, 4, '2026-01-04 10:38:00', 'general', 'Fever and cough', 'General consultation visit', 1, '2026-03-18 10:20:03'),
(273, 21, '2026-01-04 11:53:00', 'general', 'Follow-up visit', 'General consultation visit', 3, '2026-03-18 10:20:03'),
(274, 33, '2026-01-05 14:17:00', 'general', 'Medication refill', 'General consultation visit', 1, '2026-03-18 10:20:03'),
(275, 21, '2026-01-05 08:28:00', 'general', 'Health certificate', 'General consultation visit', 3, '2026-03-18 10:20:03'),
(276, 8, '2026-01-05 12:20:00', 'general', 'Diabetes checkup', 'General consultation visit', 2, '2026-03-18 10:20:03'),
(277, 31, '2026-01-05 12:41:00', 'general', 'Hypertension monitoring', 'General consultation visit', 2, '2026-03-18 10:20:03'),
(278, 42, '2026-01-05 14:55:00', 'general', 'Diabetes checkup', 'General consultation visit', 2, '2026-03-18 10:20:03'),
(279, 39, '2026-01-05 11:34:00', 'general', 'General consultation', 'General consultation visit', 3, '2026-03-18 10:20:03'),
(280, 49, '2026-01-05 15:52:00', 'general', 'Fever and cough', 'General consultation visit', 1, '2026-03-18 10:20:03'),
(281, 23, '2026-01-05 11:25:00', 'general', 'Health checkup', 'General consultation visit', 3, '2026-03-18 10:20:03'),
(282, 46, '2026-01-05 09:46:00', 'general', 'Diabetes checkup', 'General consultation visit', 2, '2026-03-18 10:20:03'),
(283, 24, '2026-01-05 14:57:00', 'general', 'Blood pressure check', 'General consultation visit', 3, '2026-03-18 10:20:03'),
(284, 27, '2026-01-06 16:19:00', 'general', 'General consultation', 'General consultation visit', 3, '2026-03-18 10:20:03'),
(285, 23, '2026-01-06 16:58:00', 'general', 'Blood pressure check', 'General consultation visit', 1, '2026-03-18 10:20:03'),
(286, 24, '2026-01-06 14:59:00', 'general', 'Health certificate', 'General consultation visit', 2, '2026-03-18 10:20:03'),
(287, 3, '2026-01-06 09:47:00', 'general', 'Wound care', 'General consultation visit', 2, '2026-03-18 10:20:03'),
(288, 6, '2026-01-06 14:55:00', 'general', 'Hypertension monitoring', 'General consultation visit', 2, '2026-03-18 10:20:03'),
(289, 15, '2026-01-06 16:06:00', 'general', 'Blood pressure check', 'General consultation visit', 3, '2026-03-18 10:20:03'),
(290, 17, '2026-01-06 08:38:00', 'general', 'Follow-up visit', 'General consultation visit', 1, '2026-03-18 10:20:03'),
(291, 31, '2026-01-06 14:27:00', 'general', 'Health certificate', 'General consultation visit', 2, '2026-03-18 10:20:03'),
(292, 51, '2026-01-06 09:34:00', 'general', 'Medication refill', 'General consultation visit', 2, '2026-03-18 10:20:03'),
(293, 13, '2026-01-06 12:09:00', 'general', 'Follow-up visit', 'General consultation visit', 3, '2026-03-18 10:20:03'),
(294, 9, '2026-01-06 11:27:00', 'general', 'Wound care', 'General consultation visit', 3, '2026-03-18 10:20:03'),
(295, 4, '2026-01-06 08:52:00', 'general', 'Diabetes checkup', 'General consultation visit', 1, '2026-03-18 10:20:03'),
(296, 38, '2026-01-06 09:41:00', 'general', 'Blood pressure check', 'General consultation visit', 2, '2026-03-18 10:20:03'),
(297, 13, '2026-01-06 16:40:00', 'general', 'Fever and cough', 'General consultation visit', 1, '2026-03-18 10:20:03'),
(298, 22, '2026-01-06 08:43:00', 'general', 'Diabetes checkup', 'General consultation visit', 2, '2026-03-18 10:20:03'),
(299, 6, '2026-01-06 16:55:00', 'general', 'Health certificate', 'General consultation visit', 2, '2026-03-18 10:20:03'),
(300, 46, '2026-01-06 11:11:00', 'general', 'Fever and cough', 'General consultation visit', 2, '2026-03-18 10:20:03'),
(301, 15, '2026-01-06 13:44:00', 'general', 'Medication refill', 'General consultation visit', 2, '2026-03-18 10:20:03'),
(302, 29, '2026-01-06 09:00:00', 'general', 'Wound care', 'General consultation visit', 2, '2026-03-18 10:20:03'),
(303, 10, '2026-01-06 16:04:00', 'general', 'Health certificate', 'General consultation visit', 1, '2026-03-18 10:20:03'),
(304, 9, '2026-01-07 14:30:00', 'general', 'Blood pressure check', 'General consultation visit', 1, '2026-03-18 10:20:03'),
(305, 19, '2026-01-07 09:16:00', 'general', 'General consultation', 'General consultation visit', 1, '2026-03-18 10:20:03'),
(306, 20, '2026-01-07 14:42:00', 'general', 'Diabetes checkup', 'General consultation visit', 2, '2026-03-18 10:20:03'),
(307, 5, '2026-01-07 10:22:00', 'general', 'General consultation', 'General consultation visit', 1, '2026-03-18 10:20:03'),
(308, 47, '2026-01-07 08:57:00', 'general', 'Fever and cough', 'General consultation visit', 2, '2026-03-18 10:20:03'),
(309, 21, '2026-01-07 11:32:00', 'general', 'Follow-up visit', 'General consultation visit', 1, '2026-03-18 10:20:03'),
(310, 33, '2026-01-07 09:04:00', 'general', 'Fever and cough', 'General consultation visit', 3, '2026-03-18 10:20:03'),
(311, 1, '2026-01-07 12:51:00', 'general', 'Fever and cough', 'General consultation visit', 3, '2026-03-18 10:20:03'),
(312, 8, '2026-01-07 12:23:00', 'general', 'Fever and cough', 'General consultation visit', 3, '2026-03-18 10:20:03'),
(313, 13, '2026-01-07 09:59:00', 'general', 'General consultation', 'General consultation visit', 2, '2026-03-18 10:20:03'),
(314, 8, '2026-01-07 11:11:00', 'general', 'Diabetes checkup', 'General consultation visit', 2, '2026-03-18 10:20:03'),
(315, 20, '2026-01-07 08:14:00', 'general', 'Wound care', 'General consultation visit', 2, '2026-03-18 10:20:03'),
(316, 42, '2026-01-07 12:22:00', 'general', 'Health checkup', 'General consultation visit', 2, '2026-03-18 10:20:03'),
(317, 16, '2026-01-07 16:15:00', 'general', 'Hypertension monitoring', 'General consultation visit', 1, '2026-03-18 10:20:03'),
(318, 12, '2026-01-07 10:03:00', 'general', 'Health certificate', 'General consultation visit', 2, '2026-03-18 10:20:03'),
(319, 37, '2026-01-07 10:41:00', 'general', 'Blood pressure check', 'General consultation visit', 1, '2026-03-18 10:20:03'),
(320, 40, '2026-01-07 08:12:00', 'general', 'Blood pressure check', 'General consultation visit', 2, '2026-03-18 10:20:03'),
(321, 15, '2026-01-08 14:09:00', 'general', 'Medication refill', 'General consultation visit', 2, '2026-03-18 10:20:03'),
(322, 18, '2026-01-08 12:30:00', 'general', 'Diabetes checkup', 'General consultation visit', 1, '2026-03-18 10:20:03'),
(323, 24, '2026-01-08 13:55:00', 'general', 'Medication refill', 'General consultation visit', 1, '2026-03-18 10:20:03'),
(324, 21, '2026-01-08 16:46:00', 'general', 'Wound care', 'General consultation visit', 2, '2026-03-18 10:20:03'),
(325, 32, '2026-01-08 14:12:00', 'general', 'Wound care', 'General consultation visit', 2, '2026-03-18 10:20:03'),
(326, 1, '2026-01-08 10:31:00', 'general', 'Diabetes checkup', 'General consultation visit', 3, '2026-03-18 10:20:03'),
(327, 21, '2026-01-08 12:23:00', 'general', 'Diabetes checkup', 'General consultation visit', 1, '2026-03-18 10:20:03'),
(328, 34, '2026-01-08 14:32:00', 'general', 'Blood pressure check', 'General consultation visit', 2, '2026-03-18 10:20:03'),
(329, 18, '2026-01-08 08:06:00', 'general', 'Medication refill', 'General consultation visit', 2, '2026-03-18 10:20:03'),
(330, 44, '2026-01-08 12:18:00', 'general', 'Health checkup', 'General consultation visit', 1, '2026-03-18 10:20:03'),
(331, 38, '2026-01-08 09:07:00', 'general', 'Health checkup', 'General consultation visit', 3, '2026-03-18 10:20:03'),
(332, 7, '2026-01-08 09:28:00', 'general', 'General consultation', 'General consultation visit', 2, '2026-03-18 10:20:03'),
(333, 2, '2026-01-08 11:20:00', 'general', 'Hypertension monitoring', 'General consultation visit', 3, '2026-03-18 10:20:03'),
(334, 48, '2026-01-08 14:16:00', 'general', 'Hypertension monitoring', 'General consultation visit', 1, '2026-03-18 10:20:03'),
(335, 1, '2026-01-08 10:25:00', 'general', 'Follow-up visit', 'General consultation visit', 2, '2026-03-18 10:20:03'),
(336, 42, '2026-01-08 08:58:00', 'general', 'Follow-up visit', 'General consultation visit', 1, '2026-03-18 10:20:03'),
(337, 31, '2026-01-08 16:11:00', 'general', 'Health certificate', 'General consultation visit', 2, '2026-03-18 10:20:03'),
(338, 45, '2026-01-08 09:18:00', 'general', 'Wound care', 'General consultation visit', 1, '2026-03-18 10:20:03'),
(339, 51, '2026-01-08 16:11:00', 'general', 'Health checkup', 'General consultation visit', 2, '2026-03-18 10:20:03'),
(340, 1, '2026-01-08 11:40:00', 'general', 'Health checkup', 'General consultation visit', 1, '2026-03-18 10:20:03'),
(341, 49, '2026-01-09 16:12:00', 'general', 'Medication refill', 'General consultation visit', 1, '2026-03-18 10:20:03'),
(342, 10, '2026-01-09 16:13:00', 'general', 'Fever and cough', 'General consultation visit', 1, '2026-03-18 10:20:03'),
(343, 39, '2026-01-09 11:05:00', 'general', 'Wound care', 'General consultation visit', 1, '2026-03-18 10:20:03'),
(344, 11, '2026-01-09 12:30:00', 'general', 'Diabetes checkup', 'General consultation visit', 3, '2026-03-18 10:20:03'),
(345, 43, '2026-01-09 11:41:00', 'general', 'Wound care', 'General consultation visit', 2, '2026-03-18 10:20:03'),
(346, 49, '2026-01-09 12:30:00', 'general', 'Hypertension monitoring', 'General consultation visit', 1, '2026-03-18 10:20:03'),
(347, 35, '2026-01-09 10:26:00', 'general', 'Fever and cough', 'General consultation visit', 2, '2026-03-18 10:20:03'),
(348, 42, '2026-01-09 15:07:00', 'general', 'Fever and cough', 'General consultation visit', 2, '2026-03-18 10:20:03'),
(349, 32, '2026-01-09 16:47:00', 'general', 'Follow-up visit', 'General consultation visit', 1, '2026-03-18 10:20:03'),
(350, 34, '2026-01-09 15:34:00', 'general', 'Health certificate', 'General consultation visit', 1, '2026-03-18 10:20:03'),
(351, 29, '2026-01-09 09:31:00', 'general', 'Follow-up visit', 'General consultation visit', 3, '2026-03-18 10:20:03'),
(352, 7, '2026-01-09 14:27:00', 'general', 'Blood pressure check', 'General consultation visit', 1, '2026-03-18 10:20:03'),
(353, 3, '2026-01-09 14:19:00', 'general', 'Diabetes checkup', 'General consultation visit', 3, '2026-03-18 10:20:03'),
(354, 46, '2026-01-09 08:01:00', 'general', 'Diabetes checkup', 'General consultation visit', 2, '2026-03-18 10:20:03'),
(355, 18, '2026-01-09 09:26:00', 'general', 'Health certificate', 'General consultation visit', 2, '2026-03-18 10:20:03'),
(356, 22, '2026-01-09 09:48:00', 'general', 'Fever and cough', 'General consultation visit', 1, '2026-03-18 10:20:03'),
(357, 9, '2026-01-09 08:35:00', 'general', 'Hypertension monitoring', 'General consultation visit', 3, '2026-03-18 10:20:03'),
(358, 15, '2026-01-09 08:28:00', 'general', 'Diabetes checkup', 'General consultation visit', 2, '2026-03-18 10:20:03'),
(359, 17, '2026-01-09 09:38:00', 'general', 'Health certificate', 'General consultation visit', 2, '2026-03-18 10:20:03'),
(360, 47, '2026-01-09 09:06:00', 'general', 'Wound care', 'General consultation visit', 1, '2026-03-18 10:20:03'),
(361, 22, '2026-01-09 11:37:00', 'general', 'Wound care', 'General consultation visit', 1, '2026-03-18 10:20:03'),
(362, 20, '2026-01-09 14:24:00', 'general', 'Wound care', 'General consultation visit', 1, '2026-03-18 10:20:03'),
(363, 38, '2026-01-09 10:37:00', 'general', 'Blood pressure check', 'General consultation visit', 2, '2026-03-18 10:20:03'),
(364, 30, '2026-01-09 13:18:00', 'general', 'Blood pressure check', 'General consultation visit', 2, '2026-03-18 10:20:03'),
(365, 18, '2026-01-09 09:39:00', 'general', 'Medication refill', 'General consultation visit', 1, '2026-03-18 10:20:03'),
(366, 43, '2026-01-10 12:40:00', 'general', 'Hypertension monitoring', 'General consultation visit', 3, '2026-03-18 10:20:03'),
(367, 21, '2026-01-10 11:10:00', 'general', 'General consultation', 'General consultation visit', 3, '2026-03-18 10:20:03'),
(368, 46, '2026-01-10 14:58:00', 'general', 'Blood pressure check', 'General consultation visit', 1, '2026-03-18 10:20:03'),
(369, 20, '2026-01-10 16:40:00', 'general', 'Health certificate', 'General consultation visit', 2, '2026-03-18 10:20:03'),
(370, 23, '2026-01-10 11:01:00', 'general', 'Blood pressure check', 'General consultation visit', 2, '2026-03-18 10:20:03'),
(371, 48, '2026-01-10 12:16:00', 'general', 'Medication refill', 'General consultation visit', 2, '2026-03-18 10:20:03'),
(372, 5, '2026-01-10 12:13:00', 'general', 'Fever and cough', 'General consultation visit', 2, '2026-03-18 10:20:03'),
(373, 21, '2026-01-10 09:25:00', 'general', 'Follow-up visit', 'General consultation visit', 3, '2026-03-18 10:20:03'),
(374, 17, '2026-01-10 11:39:00', 'general', 'Diabetes checkup', 'General consultation visit', 1, '2026-03-18 10:20:03'),
(375, 35, '2026-01-10 14:16:00', 'general', 'Blood pressure check', 'General consultation visit', 3, '2026-03-18 10:20:03'),
(376, 42, '2026-01-10 13:57:00', 'general', 'Health checkup', 'General consultation visit', 2, '2026-03-18 10:20:03'),
(377, 47, '2026-01-10 08:43:00', 'general', 'Fever and cough', 'General consultation visit', 3, '2026-03-18 10:20:03'),
(378, 22, '2026-01-10 10:24:00', 'general', 'Health certificate', 'General consultation visit', 3, '2026-03-18 10:20:03'),
(379, 39, '2026-01-10 14:08:00', 'general', 'General consultation', 'General consultation visit', 2, '2026-03-18 10:20:03'),
(380, 34, '2026-01-10 09:30:00', 'general', 'Wound care', 'General consultation visit', 2, '2026-03-18 10:20:03'),
(381, 10, '2026-01-10 14:03:00', 'general', 'Follow-up visit', 'General consultation visit', 2, '2026-03-18 10:20:03'),
(382, 30, '2026-01-10 12:58:00', 'general', 'Follow-up visit', 'General consultation visit', 1, '2026-03-18 10:20:03'),
(383, 41, '2026-01-10 11:52:00', 'general', 'Health certificate', 'General consultation visit', 2, '2026-03-18 10:20:03'),
(384, 24, '2026-01-10 08:03:00', 'general', 'Health checkup', 'General consultation visit', 1, '2026-03-18 10:20:03'),
(385, 22, '2026-01-10 14:37:00', 'general', 'Wound care', 'General consultation visit', 2, '2026-03-18 10:20:03'),
(386, 36, '2026-01-10 10:35:00', 'general', 'Hypertension monitoring', 'General consultation visit', 1, '2026-03-18 10:20:03'),
(387, 16, '2026-01-10 13:53:00', 'general', 'Health certificate', 'General consultation visit', 2, '2026-03-18 10:20:03'),
(388, 30, '2026-01-10 08:09:00', 'general', 'Fever and cough', 'General consultation visit', 1, '2026-03-18 10:20:03'),
(389, 46, '2026-01-11 10:27:00', 'general', 'General consultation', 'General consultation visit', 1, '2026-03-18 10:20:03'),
(390, 2, '2026-01-11 15:36:00', 'general', 'Health checkup', 'General consultation visit', 2, '2026-03-18 10:20:03'),
(391, 45, '2026-01-11 14:07:00', 'general', 'Health checkup', 'General consultation visit', 3, '2026-03-18 10:20:03'),
(392, 31, '2026-01-11 14:39:00', 'general', 'Wound care', 'General consultation visit', 1, '2026-03-18 10:20:03'),
(393, 8, '2026-01-11 16:07:00', 'general', 'Blood pressure check', 'General consultation visit', 2, '2026-03-18 10:20:03'),
(394, 30, '2026-01-11 15:27:00', 'general', 'General consultation', 'General consultation visit', 1, '2026-03-18 10:20:03'),
(395, 20, '2026-01-11 15:34:00', 'general', 'Diabetes checkup', 'General consultation visit', 1, '2026-03-18 10:20:03'),
(396, 42, '2026-01-11 13:56:00', 'general', 'Follow-up visit', 'General consultation visit', 2, '2026-03-18 10:20:03'),
(397, 6, '2026-01-11 08:13:00', 'general', 'Health checkup', 'General consultation visit', 2, '2026-03-18 10:20:03'),
(398, 33, '2026-01-11 15:11:00', 'general', 'General consultation', 'General consultation visit', 1, '2026-03-18 10:20:03'),
(399, 20, '2026-01-11 11:39:00', 'general', 'Wound care', 'General consultation visit', 2, '2026-03-18 10:20:03'),
(400, 36, '2026-01-11 13:33:00', 'general', 'Diabetes checkup', 'General consultation visit', 2, '2026-03-18 10:20:03'),
(401, 8, '2026-01-11 16:43:00', 'general', 'Wound care', 'General consultation visit', 3, '2026-03-18 10:20:03'),
(402, 13, '2026-01-11 08:15:00', 'general', 'Follow-up visit', 'General consultation visit', 2, '2026-03-18 10:20:03'),
(403, 29, '2026-01-11 12:36:00', 'general', 'Hypertension monitoring', 'General consultation visit', 3, '2026-03-18 10:20:03'),
(404, 23, '2026-01-11 09:25:00', 'general', 'Follow-up visit', 'General consultation visit', 3, '2026-03-18 10:20:03'),
(405, 41, '2026-01-11 12:38:00', 'general', 'Health checkup', 'General consultation visit', 1, '2026-03-18 10:20:03'),
(406, 51, '2026-01-11 14:48:00', 'general', 'General consultation', 'General consultation visit', 1, '2026-03-18 10:20:03'),
(407, 6, '2026-01-11 14:52:00', 'general', 'Medication refill', 'General consultation visit', 3, '2026-03-18 10:20:03'),
(408, 27, '2026-01-11 12:03:00', 'general', 'Blood pressure check', 'General consultation visit', 2, '2026-03-18 10:20:03'),
(409, 23, '2026-01-11 13:38:00', 'general', 'Health certificate', 'General consultation visit', 2, '2026-03-18 10:20:03'),
(410, 47, '2026-01-11 10:42:00', 'general', 'Health certificate', 'General consultation visit', 2, '2026-03-18 10:20:03'),
(411, 23, '2026-01-11 16:52:00', 'general', 'Fever and cough', 'General consultation visit', 2, '2026-03-18 10:20:03'),
(412, 27, '2026-01-11 12:12:00', 'general', 'Health checkup', 'General consultation visit', 1, '2026-03-18 10:20:03'),
(413, 35, '2026-01-11 11:57:00', 'general', 'Follow-up visit', 'General consultation visit', 1, '2026-03-18 10:20:03'),
(414, 33, '2026-01-12 13:21:00', 'general', 'Blood pressure check', 'General consultation visit', 1, '2026-03-18 10:20:03'),
(415, 23, '2026-01-12 12:07:00', 'general', 'Health checkup', 'General consultation visit', 1, '2026-03-18 10:20:03'),
(416, 9, '2026-01-12 16:36:00', 'general', 'Fever and cough', 'General consultation visit', 3, '2026-03-18 10:20:03'),
(417, 47, '2026-01-12 09:05:00', 'general', 'Wound care', 'General consultation visit', 2, '2026-03-18 10:20:03'),
(418, 8, '2026-01-12 11:10:00', 'general', 'Diabetes checkup', 'General consultation visit', 1, '2026-03-18 10:20:03');
INSERT INTO `visits` (`id`, `patient_id`, `visit_datetime`, `visit_type`, `reason`, `notes`, `recorded_by`, `created_at`) VALUES
(419, 37, '2026-01-12 10:16:00', 'general', 'Follow-up visit', 'General consultation visit', 1, '2026-03-18 10:20:03'),
(420, 18, '2026-01-12 09:36:00', 'general', 'Health checkup', 'General consultation visit', 2, '2026-03-18 10:20:03'),
(421, 3, '2026-01-13 08:47:00', 'general', 'Diabetes checkup', 'General consultation visit', 2, '2026-03-18 10:20:03'),
(422, 1, '2026-01-13 14:17:00', 'general', 'Health certificate', 'General consultation visit', 3, '2026-03-18 10:20:03'),
(423, 33, '2026-01-13 08:13:00', 'general', 'Health checkup', 'General consultation visit', 3, '2026-03-18 10:20:03'),
(424, 32, '2026-01-13 12:56:00', 'general', 'Medication refill', 'General consultation visit', 3, '2026-03-18 10:20:03'),
(425, 21, '2026-01-13 12:31:00', 'general', 'Health checkup', 'General consultation visit', 2, '2026-03-18 10:20:03'),
(426, 37, '2026-01-13 09:02:00', 'general', 'Hypertension monitoring', 'General consultation visit', 1, '2026-03-18 10:20:03'),
(427, 34, '2026-01-13 15:37:00', 'general', 'Health certificate', 'General consultation visit', 1, '2026-03-18 10:20:03'),
(428, 6, '2026-01-13 13:08:00', 'general', 'Wound care', 'General consultation visit', 1, '2026-03-18 10:20:03'),
(429, 30, '2026-01-13 11:00:00', 'general', 'Medication refill', 'General consultation visit', 2, '2026-03-18 10:20:03'),
(430, 34, '2026-01-13 11:58:00', 'general', 'Hypertension monitoring', 'General consultation visit', 1, '2026-03-18 10:20:03'),
(431, 22, '2026-01-13 10:24:00', 'general', 'Fever and cough', 'General consultation visit', 2, '2026-03-18 10:20:03'),
(432, 4, '2026-01-13 15:11:00', 'general', 'Blood pressure check', 'General consultation visit', 3, '2026-03-18 10:20:03'),
(433, 42, '2026-01-13 11:08:00', 'general', 'Medication refill', 'General consultation visit', 1, '2026-03-18 10:20:03'),
(434, 48, '2026-01-13 10:40:00', 'general', 'Health certificate', 'General consultation visit', 1, '2026-03-18 10:20:03'),
(435, 25, '2026-01-14 12:24:00', 'general', 'Health checkup', 'General consultation visit', 2, '2026-03-18 10:20:03'),
(436, 45, '2026-01-14 14:10:00', 'general', 'Hypertension monitoring', 'General consultation visit', 3, '2026-03-18 10:20:03'),
(437, 2, '2026-01-14 12:53:00', 'general', 'Health certificate', 'General consultation visit', 1, '2026-03-18 10:20:03'),
(438, 1, '2026-01-14 09:47:00', 'general', 'Diabetes checkup', 'General consultation visit', 1, '2026-03-18 10:20:03'),
(439, 21, '2026-01-14 15:02:00', 'general', 'Fever and cough', 'General consultation visit', 3, '2026-03-18 10:20:03'),
(440, 27, '2026-01-14 14:28:00', 'general', 'Wound care', 'General consultation visit', 3, '2026-03-18 10:20:03'),
(441, 45, '2026-01-14 11:08:00', 'general', 'Medication refill', 'General consultation visit', 3, '2026-03-18 10:20:03'),
(442, 12, '2026-01-14 10:14:00', 'general', 'Follow-up visit', 'General consultation visit', 2, '2026-03-18 10:20:03'),
(443, 45, '2026-01-14 15:06:00', 'general', 'Hypertension monitoring', 'General consultation visit', 1, '2026-03-18 10:20:03'),
(444, 25, '2026-01-14 13:55:00', 'general', 'Health certificate', 'General consultation visit', 3, '2026-03-18 10:20:03'),
(445, 28, '2026-01-14 10:22:00', 'general', 'Wound care', 'General consultation visit', 3, '2026-03-18 10:20:03'),
(446, 33, '2026-01-14 14:01:00', 'general', 'Follow-up visit', 'General consultation visit', 1, '2026-03-18 10:20:03'),
(447, 49, '2026-01-15 09:38:00', 'general', 'Health checkup', 'General consultation visit', 2, '2026-03-18 10:20:03'),
(448, 31, '2026-01-15 13:56:00', 'general', 'Health checkup', 'General consultation visit', 2, '2026-03-18 10:20:03'),
(449, 29, '2026-01-15 10:59:00', 'general', 'Hypertension monitoring', 'General consultation visit', 1, '2026-03-18 10:20:03'),
(450, 27, '2026-01-15 08:55:00', 'general', 'Medication refill', 'General consultation visit', 1, '2026-03-18 10:20:03'),
(451, 4, '2026-01-15 13:47:00', 'general', 'Diabetes checkup', 'General consultation visit', 3, '2026-03-18 10:20:03'),
(452, 25, '2026-01-15 12:34:00', 'general', 'Fever and cough', 'General consultation visit', 3, '2026-03-18 10:20:03'),
(453, 47, '2026-01-15 12:15:00', 'general', 'General consultation', 'General consultation visit', 2, '2026-03-18 10:20:03'),
(454, 37, '2026-01-15 14:10:00', 'general', 'Wound care', 'General consultation visit', 2, '2026-03-18 10:20:03'),
(455, 31, '2026-01-15 12:28:00', 'general', 'Health certificate', 'General consultation visit', 2, '2026-03-18 10:20:03'),
(456, 36, '2026-01-15 16:00:00', 'general', 'Health checkup', 'General consultation visit', 3, '2026-03-18 10:20:03'),
(457, 38, '2026-01-15 15:34:00', 'general', 'Follow-up visit', 'General consultation visit', 2, '2026-03-18 10:20:03'),
(458, 48, '2026-01-15 11:45:00', 'general', 'General consultation', 'General consultation visit', 3, '2026-03-18 10:20:03'),
(459, 6, '2026-01-15 09:10:00', 'general', 'General consultation', 'General consultation visit', 3, '2026-03-18 10:20:03'),
(460, 24, '2026-01-15 13:31:00', 'general', 'Wound care', 'General consultation visit', 2, '2026-03-18 10:20:03'),
(461, 11, '2026-01-15 08:32:00', 'general', 'Hypertension monitoring', 'General consultation visit', 3, '2026-03-18 10:20:03'),
(462, 31, '2026-01-15 13:26:00', 'general', 'Hypertension monitoring', 'General consultation visit', 3, '2026-03-18 10:20:03'),
(463, 36, '2026-01-15 13:30:00', 'general', 'General consultation', 'General consultation visit', 2, '2026-03-18 10:20:03'),
(464, 2, '2026-01-15 08:38:00', 'general', 'Hypertension monitoring', 'General consultation visit', 2, '2026-03-18 10:20:03'),
(465, 37, '2026-01-15 09:07:00', 'general', 'Hypertension monitoring', 'General consultation visit', 3, '2026-03-18 10:20:03'),
(466, 23, '2026-01-15 10:16:00', 'general', 'Diabetes checkup', 'General consultation visit', 1, '2026-03-18 10:20:03'),
(467, 47, '2026-01-15 13:02:00', 'general', 'Medication refill', 'General consultation visit', 1, '2026-03-18 10:20:03'),
(468, 36, '2026-01-15 11:12:00', 'general', 'Health checkup', 'General consultation visit', 3, '2026-03-18 10:20:03'),
(469, 44, '2026-01-15 16:45:00', 'general', 'Wound care', 'General consultation visit', 3, '2026-03-18 10:20:03'),
(470, 16, '2026-01-16 16:32:00', 'general', 'Follow-up visit', 'General consultation visit', 3, '2026-03-18 10:20:03'),
(471, 10, '2026-01-16 15:28:00', 'general', 'Follow-up visit', 'General consultation visit', 1, '2026-03-18 10:20:03'),
(472, 25, '2026-01-16 14:31:00', 'general', 'Hypertension monitoring', 'General consultation visit', 3, '2026-03-18 10:20:03'),
(473, 25, '2026-01-16 12:23:00', 'general', 'Blood pressure check', 'General consultation visit', 3, '2026-03-18 10:20:03'),
(474, 21, '2026-01-16 08:46:00', 'general', 'Medication refill', 'General consultation visit', 3, '2026-03-18 10:20:03'),
(475, 6, '2026-01-17 09:55:00', 'general', 'Fever and cough', 'General consultation visit', 1, '2026-03-18 10:20:03'),
(476, 11, '2026-01-17 10:11:00', 'general', 'Hypertension monitoring', 'General consultation visit', 3, '2026-03-18 10:20:03'),
(477, 49, '2026-01-17 15:40:00', 'general', 'Medication refill', 'General consultation visit', 2, '2026-03-18 10:20:03'),
(478, 37, '2026-01-17 08:23:00', 'general', 'Medication refill', 'General consultation visit', 3, '2026-03-18 10:20:03'),
(479, 19, '2026-01-17 12:57:00', 'general', 'Wound care', 'General consultation visit', 3, '2026-03-18 10:20:03'),
(480, 28, '2026-01-17 14:33:00', 'general', 'Diabetes checkup', 'General consultation visit', 1, '2026-03-18 10:20:03'),
(481, 48, '2026-01-17 14:39:00', 'general', 'Fever and cough', 'General consultation visit', 2, '2026-03-18 10:20:03'),
(482, 16, '2026-01-17 08:39:00', 'general', 'Diabetes checkup', 'General consultation visit', 2, '2026-03-18 10:20:03'),
(483, 35, '2026-01-17 11:18:00', 'general', 'Fever and cough', 'General consultation visit', 3, '2026-03-18 10:20:03'),
(484, 16, '2026-01-17 11:54:00', 'general', 'Wound care', 'General consultation visit', 3, '2026-03-18 10:20:03'),
(485, 15, '2026-01-17 15:36:00', 'general', 'Health certificate', 'General consultation visit', 2, '2026-03-18 10:20:03'),
(486, 2, '2026-01-17 10:18:00', 'general', 'Health checkup', 'General consultation visit', 2, '2026-03-18 10:20:03'),
(487, 7, '2026-01-17 15:35:00', 'general', 'Hypertension monitoring', 'General consultation visit', 1, '2026-03-18 10:20:03'),
(488, 42, '2026-01-17 09:22:00', 'general', 'Fever and cough', 'General consultation visit', 3, '2026-03-18 10:20:03'),
(489, 18, '2026-01-17 11:40:00', 'general', 'Health certificate', 'General consultation visit', 2, '2026-03-18 10:20:03'),
(490, 48, '2026-01-17 15:30:00', 'general', 'Fever and cough', 'General consultation visit', 3, '2026-03-18 10:20:03'),
(491, 28, '2026-01-17 09:28:00', 'general', 'Follow-up visit', 'General consultation visit', 1, '2026-03-18 10:20:03'),
(492, 3, '2026-01-17 15:45:00', 'general', 'General consultation', 'General consultation visit', 3, '2026-03-18 10:20:03'),
(493, 8, '2026-01-17 09:00:00', 'general', 'Diabetes checkup', 'General consultation visit', 3, '2026-03-18 10:20:03'),
(494, 51, '2026-01-17 11:27:00', 'general', 'Follow-up visit', 'General consultation visit', 1, '2026-03-18 10:20:03'),
(495, 12, '2026-01-17 10:44:00', 'general', 'Health checkup', 'General consultation visit', 1, '2026-03-18 10:20:03'),
(496, 38, '2026-01-17 09:17:00', 'general', 'Follow-up visit', 'General consultation visit', 2, '2026-03-18 10:20:03'),
(497, 11, '2026-01-17 16:06:00', 'general', 'Diabetes checkup', 'General consultation visit', 1, '2026-03-18 10:20:03'),
(498, 15, '2026-01-17 13:15:00', 'general', 'Follow-up visit', 'General consultation visit', 1, '2026-03-18 10:20:03'),
(499, 26, '2026-01-17 15:53:00', 'general', 'Blood pressure check', 'General consultation visit', 2, '2026-03-18 10:20:03'),
(500, 16, '2026-01-18 11:27:00', 'general', 'Fever and cough', 'General consultation visit', 3, '2026-03-18 10:20:03'),
(501, 36, '2026-01-18 10:49:00', 'general', 'Medication refill', 'General consultation visit', 2, '2026-03-18 10:20:03'),
(502, 17, '2026-01-18 14:37:00', 'general', 'Medication refill', 'General consultation visit', 1, '2026-03-18 10:20:03'),
(503, 11, '2026-01-18 16:32:00', 'general', 'Health certificate', 'General consultation visit', 1, '2026-03-18 10:20:03'),
(504, 23, '2026-01-18 09:43:00', 'general', 'Medication refill', 'General consultation visit', 2, '2026-03-18 10:20:03'),
(505, 23, '2026-01-18 10:48:00', 'general', 'Medication refill', 'General consultation visit', 1, '2026-03-18 10:20:03'),
(506, 29, '2026-01-18 14:50:00', 'general', 'Follow-up visit', 'General consultation visit', 3, '2026-03-18 10:20:03'),
(507, 4, '2026-01-18 10:41:00', 'general', 'Hypertension monitoring', 'General consultation visit', 1, '2026-03-18 10:20:03'),
(508, 31, '2026-01-18 12:12:00', 'general', 'Diabetes checkup', 'General consultation visit', 1, '2026-03-18 10:20:03'),
(509, 26, '2026-01-18 16:03:00', 'general', 'Health checkup', 'General consultation visit', 3, '2026-03-18 10:20:03'),
(510, 44, '2026-01-18 15:38:00', 'general', 'Blood pressure check', 'General consultation visit', 3, '2026-03-18 10:20:03'),
(511, 3, '2026-01-18 15:54:00', 'general', 'Health certificate', 'General consultation visit', 2, '2026-03-18 10:20:03'),
(512, 33, '2026-01-18 12:04:00', 'general', 'Health checkup', 'General consultation visit', 1, '2026-03-18 10:20:03'),
(513, 9, '2026-01-18 13:49:00', 'general', 'Health certificate', 'General consultation visit', 2, '2026-03-18 10:20:03'),
(514, 7, '2026-01-18 09:24:00', 'general', 'Diabetes checkup', 'General consultation visit', 3, '2026-03-18 10:20:03'),
(515, 16, '2026-01-19 15:31:00', 'general', 'Follow-up visit', 'General consultation visit', 3, '2026-03-18 10:20:03'),
(516, 7, '2026-01-19 12:04:00', 'general', 'Wound care', 'General consultation visit', 1, '2026-03-18 10:20:03'),
(517, 6, '2026-01-19 12:16:00', 'general', 'Health checkup', 'General consultation visit', 2, '2026-03-18 10:20:03'),
(518, 33, '2026-01-19 12:12:00', 'general', 'Diabetes checkup', 'General consultation visit', 3, '2026-03-18 10:20:03'),
(519, 42, '2026-01-19 11:31:00', 'general', 'Medication refill', 'General consultation visit', 1, '2026-03-18 10:20:03'),
(520, 4, '2026-01-19 11:57:00', 'general', 'Wound care', 'General consultation visit', 2, '2026-03-18 10:20:03'),
(521, 25, '2026-01-19 08:28:00', 'general', 'Fever and cough', 'General consultation visit', 3, '2026-03-18 10:20:03'),
(522, 30, '2026-01-19 09:49:00', 'general', 'Fever and cough', 'General consultation visit', 2, '2026-03-18 10:20:03'),
(523, 45, '2026-01-19 11:01:00', 'general', 'Medication refill', 'General consultation visit', 3, '2026-03-18 10:20:03'),
(524, 43, '2026-01-19 15:26:00', 'general', 'Health checkup', 'General consultation visit', 1, '2026-03-18 10:20:03'),
(525, 29, '2026-01-19 15:52:00', 'general', 'Hypertension monitoring', 'General consultation visit', 1, '2026-03-18 10:20:03'),
(526, 15, '2026-01-19 12:05:00', 'general', 'Hypertension monitoring', 'General consultation visit', 2, '2026-03-18 10:20:03'),
(527, 21, '2026-01-19 09:11:00', 'general', 'Follow-up visit', 'General consultation visit', 2, '2026-03-18 10:20:03'),
(528, 46, '2026-01-19 14:33:00', 'general', 'Wound care', 'General consultation visit', 1, '2026-03-18 10:20:03'),
(529, 33, '2026-01-19 13:39:00', 'general', 'Health checkup', 'General consultation visit', 3, '2026-03-18 10:20:03'),
(530, 5, '2026-01-19 10:02:00', 'general', 'Blood pressure check', 'General consultation visit', 3, '2026-03-18 10:20:03'),
(531, 30, '2026-01-19 16:31:00', 'general', 'Health certificate', 'General consultation visit', 1, '2026-03-18 10:20:03'),
(532, 10, '2026-01-19 13:06:00', 'general', 'Fever and cough', 'General consultation visit', 1, '2026-03-18 10:20:03'),
(533, 47, '2026-01-19 12:19:00', 'general', 'General consultation', 'General consultation visit', 2, '2026-03-18 10:20:03'),
(534, 18, '2026-01-19 11:11:00', 'general', 'Wound care', 'General consultation visit', 2, '2026-03-18 10:20:03'),
(535, 47, '2026-01-19 12:22:00', 'general', 'Fever and cough', 'General consultation visit', 3, '2026-03-18 10:20:03'),
(536, 35, '2026-01-19 14:27:00', 'general', 'Wound care', 'General consultation visit', 2, '2026-03-18 10:20:03'),
(537, 48, '2026-01-19 10:43:00', 'general', 'Follow-up visit', 'General consultation visit', 3, '2026-03-18 10:20:03'),
(538, 10, '2026-01-19 11:09:00', 'general', 'Health checkup', 'General consultation visit', 1, '2026-03-18 10:20:03'),
(539, 24, '2026-01-19 08:55:00', 'general', 'Health checkup', 'General consultation visit', 3, '2026-03-18 10:20:03'),
(540, 17, '2026-01-20 15:00:00', 'general', 'Follow-up visit', 'General consultation visit', 3, '2026-03-18 10:20:03'),
(541, 45, '2026-01-20 08:15:00', 'general', 'Follow-up visit', 'General consultation visit', 3, '2026-03-18 10:20:03'),
(542, 45, '2026-01-20 10:41:00', 'general', 'Health checkup', 'General consultation visit', 3, '2026-03-18 10:20:03'),
(543, 11, '2026-01-20 16:33:00', 'general', 'Wound care', 'General consultation visit', 3, '2026-03-18 10:20:03'),
(544, 2, '2026-01-20 15:06:00', 'general', 'Diabetes checkup', 'General consultation visit', 1, '2026-03-18 10:20:03'),
(545, 41, '2026-01-20 15:00:00', 'general', 'Medication refill', 'General consultation visit', 1, '2026-03-18 10:20:03'),
(546, 7, '2026-01-20 09:25:00', 'general', 'Hypertension monitoring', 'General consultation visit', 2, '2026-03-18 10:20:03'),
(547, 8, '2026-01-20 12:38:00', 'general', 'Follow-up visit', 'General consultation visit', 3, '2026-03-18 10:20:03'),
(548, 31, '2026-01-20 08:30:00', 'general', 'Wound care', 'General consultation visit', 3, '2026-03-18 10:20:03'),
(549, 2, '2026-01-20 14:38:00', 'general', 'Diabetes checkup', 'General consultation visit', 2, '2026-03-18 10:20:03'),
(550, 43, '2026-01-21 11:02:00', 'general', 'Hypertension monitoring', 'General consultation visit', 1, '2026-03-18 10:20:03'),
(551, 40, '2026-01-21 08:14:00', 'general', 'Diabetes checkup', 'General consultation visit', 1, '2026-03-18 10:20:03'),
(552, 24, '2026-01-21 14:17:00', 'general', 'Fever and cough', 'General consultation visit', 2, '2026-03-18 10:20:03'),
(553, 3, '2026-01-21 16:44:00', 'general', 'Hypertension monitoring', 'General consultation visit', 2, '2026-03-18 10:20:03'),
(554, 17, '2026-01-21 14:14:00', 'general', 'Health checkup', 'General consultation visit', 3, '2026-03-18 10:20:03'),
(555, 46, '2026-01-21 10:13:00', 'general', 'Diabetes checkup', 'General consultation visit', 3, '2026-03-18 10:20:03'),
(556, 32, '2026-01-21 15:39:00', 'general', 'Hypertension monitoring', 'General consultation visit', 2, '2026-03-18 10:20:03'),
(557, 37, '2026-01-21 13:33:00', 'general', 'Health certificate', 'General consultation visit', 2, '2026-03-18 10:20:03'),
(558, 2, '2026-01-21 11:48:00', 'general', 'Fever and cough', 'General consultation visit', 1, '2026-03-18 10:20:03'),
(559, 3, '2026-01-21 11:15:00', 'general', 'Medication refill', 'General consultation visit', 3, '2026-03-18 10:20:03'),
(560, 24, '2026-01-21 13:58:00', 'general', 'Wound care', 'General consultation visit', 2, '2026-03-18 10:20:03'),
(561, 5, '2026-01-21 11:54:00', 'general', 'Diabetes checkup', 'General consultation visit', 3, '2026-03-18 10:20:03'),
(562, 40, '2026-01-21 15:24:00', 'general', 'Fever and cough', 'General consultation visit', 3, '2026-03-18 10:20:03'),
(563, 7, '2026-01-21 09:39:00', 'general', 'Follow-up visit', 'General consultation visit', 3, '2026-03-18 10:20:03'),
(564, 47, '2026-01-21 09:04:00', 'general', 'Medication refill', 'General consultation visit', 3, '2026-03-18 10:20:03'),
(565, 3, '2026-01-21 09:22:00', 'general', 'Hypertension monitoring', 'General consultation visit', 2, '2026-03-18 10:20:03'),
(566, 27, '2026-01-21 10:59:00', 'general', 'Follow-up visit', 'General consultation visit', 1, '2026-03-18 10:20:03'),
(567, 2, '2026-01-21 09:59:00', 'general', 'Diabetes checkup', 'General consultation visit', 1, '2026-03-18 10:20:03'),
(568, 22, '2026-01-21 09:25:00', 'general', 'Hypertension monitoring', 'General consultation visit', 1, '2026-03-18 10:20:03'),
(569, 16, '2026-01-21 15:53:00', 'general', 'Blood pressure check', 'General consultation visit', 2, '2026-03-18 10:20:03'),
(570, 38, '2026-01-21 12:40:00', 'general', 'Health certificate', 'General consultation visit', 1, '2026-03-18 10:20:03'),
(571, 38, '2026-01-21 10:24:00', 'general', 'Wound care', 'General consultation visit', 1, '2026-03-18 10:20:03'),
(572, 48, '2026-01-21 15:46:00', 'general', 'Fever and cough', 'General consultation visit', 1, '2026-03-18 10:20:03'),
(573, 10, '2026-01-22 14:43:00', 'general', 'Hypertension monitoring', 'General consultation visit', 2, '2026-03-18 10:20:03'),
(574, 35, '2026-01-22 14:59:00', 'general', 'Health certificate', 'General consultation visit', 2, '2026-03-18 10:20:03'),
(575, 38, '2026-01-22 09:55:00', 'general', 'Follow-up visit', 'General consultation visit', 2, '2026-03-18 10:20:03'),
(576, 14, '2026-01-22 10:13:00', 'general', 'Blood pressure check', 'General consultation visit', 3, '2026-03-18 10:20:03'),
(577, 3, '2026-01-22 16:51:00', 'general', 'Follow-up visit', 'General consultation visit', 2, '2026-03-18 10:20:03'),
(578, 26, '2026-01-23 08:33:00', 'general', 'Follow-up visit', 'General consultation visit', 3, '2026-03-18 10:20:03'),
(579, 32, '2026-01-23 13:39:00', 'general', 'Health certificate', 'General consultation visit', 2, '2026-03-18 10:20:03'),
(580, 2, '2026-01-23 08:26:00', 'general', 'Blood pressure check', 'General consultation visit', 3, '2026-03-18 10:20:03'),
(581, 25, '2026-01-23 12:37:00', 'general', 'General consultation', 'General consultation visit', 3, '2026-03-18 10:20:03'),
(582, 11, '2026-01-23 14:54:00', 'general', 'Medication refill', 'General consultation visit', 2, '2026-03-18 10:20:03'),
(583, 28, '2026-01-23 14:05:00', 'general', 'Hypertension monitoring', 'General consultation visit', 1, '2026-03-18 10:20:03'),
(584, 40, '2026-01-23 13:59:00', 'general', 'Hypertension monitoring', 'General consultation visit', 3, '2026-03-18 10:20:03'),
(585, 16, '2026-01-23 14:05:00', 'general', 'Hypertension monitoring', 'General consultation visit', 3, '2026-03-18 10:20:03'),
(586, 14, '2026-01-23 08:21:00', 'general', 'Hypertension monitoring', 'General consultation visit', 3, '2026-03-18 10:20:03'),
(587, 19, '2026-01-23 13:41:00', 'general', 'Health checkup', 'General consultation visit', 2, '2026-03-18 10:20:03'),
(588, 43, '2026-01-24 16:35:00', 'general', 'Wound care', 'General consultation visit', 3, '2026-03-18 10:20:03'),
(589, 28, '2026-01-24 13:20:00', 'general', 'Diabetes checkup', 'General consultation visit', 3, '2026-03-18 10:20:03'),
(590, 48, '2026-01-24 09:02:00', 'general', 'Medication refill', 'General consultation visit', 3, '2026-03-18 10:20:03'),
(591, 23, '2026-01-24 14:25:00', 'general', 'Health checkup', 'General consultation visit', 2, '2026-03-18 10:20:03'),
(592, 13, '2026-01-24 10:05:00', 'general', 'Wound care', 'General consultation visit', 1, '2026-03-18 10:20:03'),
(593, 20, '2026-01-24 15:50:00', 'general', 'Hypertension monitoring', 'General consultation visit', 3, '2026-03-18 10:20:03'),
(594, 35, '2026-01-24 16:19:00', 'general', 'Follow-up visit', 'General consultation visit', 1, '2026-03-18 10:20:03'),
(595, 40, '2026-01-24 14:42:00', 'general', 'Hypertension monitoring', 'General consultation visit', 2, '2026-03-18 10:20:03'),
(596, 18, '2026-01-24 13:32:00', 'general', 'Hypertension monitoring', 'General consultation visit', 1, '2026-03-18 10:20:03'),
(597, 21, '2026-01-24 16:10:00', 'general', 'Fever and cough', 'General consultation visit', 2, '2026-03-18 10:20:03'),
(598, 13, '2026-01-24 10:53:00', 'general', 'General consultation', 'General consultation visit', 3, '2026-03-18 10:20:03'),
(599, 4, '2026-01-24 12:02:00', 'general', 'Fever and cough', 'General consultation visit', 3, '2026-03-18 10:20:03'),
(600, 13, '2026-01-24 11:13:00', 'general', 'Fever and cough', 'General consultation visit', 3, '2026-03-18 10:20:03'),
(601, 14, '2026-01-24 14:32:00', 'general', 'Fever and cough', 'General consultation visit', 1, '2026-03-18 10:20:03'),
(602, 11, '2026-01-24 15:48:00', 'general', 'Follow-up visit', 'General consultation visit', 1, '2026-03-18 10:20:03'),
(603, 10, '2026-01-24 12:59:00', 'general', 'Diabetes checkup', 'General consultation visit', 1, '2026-03-18 10:20:03'),
(604, 40, '2026-01-24 12:41:00', 'general', 'Wound care', 'General consultation visit', 3, '2026-03-18 10:20:03'),
(605, 38, '2026-01-24 12:26:00', 'general', 'Fever and cough', 'General consultation visit', 1, '2026-03-18 10:20:03'),
(606, 40, '2026-01-24 14:13:00', 'general', 'Health checkup', 'General consultation visit', 2, '2026-03-18 10:20:03'),
(607, 40, '2026-01-25 16:33:00', 'general', 'Medication refill', 'General consultation visit', 2, '2026-03-18 10:20:03'),
(608, 33, '2026-01-25 10:04:00', 'general', 'Follow-up visit', 'General consultation visit', 3, '2026-03-18 10:20:03'),
(609, 39, '2026-01-25 09:00:00', 'general', 'Follow-up visit', 'General consultation visit', 2, '2026-03-18 10:20:03'),
(610, 46, '2026-01-25 13:46:00', 'general', 'Follow-up visit', 'General consultation visit', 2, '2026-03-18 10:20:03'),
(611, 48, '2026-01-25 16:31:00', 'general', 'Health checkup', 'General consultation visit', 2, '2026-03-18 10:20:03'),
(612, 27, '2026-01-25 16:51:00', 'general', 'Blood pressure check', 'General consultation visit', 3, '2026-03-18 10:20:03'),
(613, 5, '2026-01-25 15:31:00', 'general', 'Diabetes checkup', 'General consultation visit', 3, '2026-03-18 10:20:03'),
(614, 10, '2026-01-26 08:37:00', 'general', 'Wound care', 'General consultation visit', 3, '2026-03-18 10:20:03'),
(615, 46, '2026-01-26 10:55:00', 'general', 'Blood pressure check', 'General consultation visit', 2, '2026-03-18 10:20:03'),
(616, 12, '2026-01-26 12:04:00', 'general', 'Diabetes checkup', 'General consultation visit', 1, '2026-03-18 10:20:03'),
(617, 3, '2026-01-26 10:41:00', 'general', 'Health checkup', 'General consultation visit', 2, '2026-03-18 10:20:03'),
(618, 10, '2026-01-26 09:51:00', 'general', 'Fever and cough', 'General consultation visit', 2, '2026-03-18 10:20:03'),
(619, 6, '2026-01-26 11:54:00', 'general', 'General consultation', 'General consultation visit', 2, '2026-03-18 10:20:03'),
(620, 38, '2026-01-26 16:13:00', 'general', 'Blood pressure check', 'General consultation visit', 3, '2026-03-18 10:20:03'),
(621, 35, '2026-01-26 11:43:00', 'general', 'Fever and cough', 'General consultation visit', 3, '2026-03-18 10:20:03'),
(622, 47, '2026-01-26 14:49:00', 'general', 'Diabetes checkup', 'General consultation visit', 1, '2026-03-18 10:20:03'),
(623, 14, '2026-01-26 14:41:00', 'general', 'Wound care', 'General consultation visit', 2, '2026-03-18 10:20:03'),
(624, 51, '2026-01-26 09:18:00', 'general', 'Diabetes checkup', 'General consultation visit', 3, '2026-03-18 10:20:03'),
(625, 29, '2026-01-26 12:40:00', 'general', 'Follow-up visit', 'General consultation visit', 1, '2026-03-18 10:20:03'),
(626, 21, '2026-01-26 16:44:00', 'general', 'Hypertension monitoring', 'General consultation visit', 2, '2026-03-18 10:20:03'),
(627, 39, '2026-01-26 15:00:00', 'general', 'Health checkup', 'General consultation visit', 3, '2026-03-18 10:20:03'),
(628, 26, '2026-01-26 11:56:00', 'general', 'Medication refill', 'General consultation visit', 3, '2026-03-18 10:20:03'),
(629, 16, '2026-01-26 11:39:00', 'general', 'Health checkup', 'General consultation visit', 3, '2026-03-18 10:20:03'),
(630, 18, '2026-01-26 08:46:00', 'general', 'Diabetes checkup', 'General consultation visit', 1, '2026-03-18 10:20:03'),
(631, 13, '2026-01-26 11:28:00', 'general', 'Follow-up visit', 'General consultation visit', 1, '2026-03-18 10:20:03'),
(632, 21, '2026-01-26 14:39:00', 'general', 'Diabetes checkup', 'General consultation visit', 3, '2026-03-18 10:20:03'),
(633, 21, '2026-01-26 11:12:00', 'general', 'Hypertension monitoring', 'General consultation visit', 3, '2026-03-18 10:20:03'),
(634, 42, '2026-01-26 11:58:00', 'general', 'Health certificate', 'General consultation visit', 3, '2026-03-18 10:20:03'),
(635, 5, '2026-01-26 11:33:00', 'general', 'Medication refill', 'General consultation visit', 2, '2026-03-18 10:20:03'),
(636, 29, '2026-01-26 14:00:00', 'general', 'Diabetes checkup', 'General consultation visit', 3, '2026-03-18 10:20:03'),
(637, 5, '2026-01-26 16:45:00', 'general', 'Health checkup', 'General consultation visit', 2, '2026-03-18 10:20:03'),
(638, 1, '2026-01-26 16:26:00', 'general', 'Blood pressure check', 'General consultation visit', 3, '2026-03-18 10:20:03'),
(639, 4, '2026-01-27 14:09:00', 'general', 'Fever and cough', 'General consultation visit', 3, '2026-03-18 10:20:03'),
(640, 30, '2026-01-27 11:00:00', 'general', 'Health checkup', 'General consultation visit', 1, '2026-03-18 10:20:03'),
(641, 49, '2026-01-27 14:41:00', 'general', 'Diabetes checkup', 'General consultation visit', 3, '2026-03-18 10:20:03'),
(642, 42, '2026-01-27 16:05:00', 'general', 'Medication refill', 'General consultation visit', 3, '2026-03-18 10:20:03'),
(643, 31, '2026-01-27 10:49:00', 'general', 'Diabetes checkup', 'General consultation visit', 3, '2026-03-18 10:20:03'),
(644, 11, '2026-01-27 08:19:00', 'general', 'Hypertension monitoring', 'General consultation visit', 3, '2026-03-18 10:20:03'),
(645, 43, '2026-01-27 11:42:00', 'general', 'Blood pressure check', 'General consultation visit', 3, '2026-03-18 10:20:03'),
(646, 26, '2026-01-27 11:29:00', 'general', 'Wound care', 'General consultation visit', 3, '2026-03-18 10:20:03'),
(647, 9, '2026-01-27 15:04:00', 'general', 'Hypertension monitoring', 'General consultation visit', 3, '2026-03-18 10:20:03'),
(648, 14, '2026-01-27 12:08:00', 'general', 'Fever and cough', 'General consultation visit', 2, '2026-03-18 10:20:03'),
(649, 25, '2026-01-27 09:03:00', 'general', 'Wound care', 'General consultation visit', 1, '2026-03-18 10:20:03'),
(650, 31, '2026-01-27 16:47:00', 'general', 'Wound care', 'General consultation visit', 3, '2026-03-18 10:20:03'),
(651, 39, '2026-01-27 09:06:00', 'general', 'Health certificate', 'General consultation visit', 3, '2026-03-18 10:20:03'),
(652, 29, '2026-01-27 12:05:00', 'general', 'Hypertension monitoring', 'General consultation visit', 3, '2026-03-18 10:20:03'),
(653, 41, '2026-01-27 08:10:00', 'general', 'Hypertension monitoring', 'General consultation visit', 2, '2026-03-18 10:20:03'),
(654, 16, '2026-01-27 12:22:00', 'general', 'Wound care', 'General consultation visit', 2, '2026-03-18 10:20:03'),
(655, 28, '2026-01-28 14:50:00', 'general', 'Fever and cough', 'General consultation visit', 1, '2026-03-18 10:20:03'),
(656, 24, '2026-01-28 15:55:00', 'general', 'Wound care', 'General consultation visit', 3, '2026-03-18 10:20:03'),
(657, 6, '2026-01-28 14:11:00', 'general', 'Blood pressure check', 'General consultation visit', 1, '2026-03-18 10:20:03'),
(658, 38, '2026-01-28 10:24:00', 'general', 'Wound care', 'General consultation visit', 1, '2026-03-18 10:20:03'),
(659, 15, '2026-01-28 14:55:00', 'general', 'Medication refill', 'General consultation visit', 1, '2026-03-18 10:20:03'),
(660, 1, '2026-01-28 11:17:00', 'general', 'Hypertension monitoring', 'General consultation visit', 1, '2026-03-18 10:20:03'),
(661, 41, '2026-01-28 13:41:00', 'general', 'General consultation', 'General consultation visit', 1, '2026-03-18 10:20:03'),
(662, 11, '2026-01-28 14:49:00', 'general', 'Health checkup', 'General consultation visit', 2, '2026-03-18 10:20:03'),
(663, 42, '2026-01-28 16:51:00', 'general', 'Fever and cough', 'General consultation visit', 3, '2026-03-18 10:20:03'),
(664, 42, '2026-01-28 08:57:00', 'general', 'Health checkup', 'General consultation visit', 2, '2026-03-18 10:20:03'),
(665, 28, '2026-01-28 13:20:00', 'general', 'Blood pressure check', 'General consultation visit', 3, '2026-03-18 10:20:03'),
(666, 48, '2026-01-28 13:39:00', 'general', 'Blood pressure check', 'General consultation visit', 1, '2026-03-18 10:20:03'),
(667, 5, '2026-01-28 15:39:00', 'general', 'Health checkup', 'General consultation visit', 3, '2026-03-18 10:20:03'),
(668, 39, '2026-01-28 13:12:00', 'general', 'Health checkup', 'General consultation visit', 3, '2026-03-18 10:20:03'),
(669, 36, '2026-01-29 13:40:00', 'general', 'Medication refill', 'General consultation visit', 3, '2026-03-18 10:20:03'),
(670, 30, '2026-01-29 14:42:00', 'general', 'Health certificate', 'General consultation visit', 1, '2026-03-18 10:20:03'),
(671, 46, '2026-01-29 16:58:00', 'general', 'Health checkup', 'General consultation visit', 1, '2026-03-18 10:20:03'),
(672, 16, '2026-01-29 10:38:00', 'general', 'Health certificate', 'General consultation visit', 1, '2026-03-18 10:20:03'),
(673, 13, '2026-01-29 10:13:00', 'general', 'General consultation', 'General consultation visit', 1, '2026-03-18 10:20:03'),
(674, 23, '2026-01-29 15:54:00', 'general', 'Diabetes checkup', 'General consultation visit', 1, '2026-03-18 10:20:03'),
(675, 4, '2026-01-29 10:04:00', 'general', 'Health checkup', 'General consultation visit', 1, '2026-03-18 10:20:03'),
(676, 15, '2026-01-29 08:50:00', 'general', 'Medication refill', 'General consultation visit', 3, '2026-03-18 10:20:03'),
(677, 13, '2026-01-29 12:53:00', 'general', 'Diabetes checkup', 'General consultation visit', 3, '2026-03-18 10:20:03'),
(678, 18, '2026-01-29 14:51:00', 'general', 'Fever and cough', 'General consultation visit', 2, '2026-03-18 10:20:03'),
(679, 4, '2026-01-29 15:59:00', 'general', 'Medication refill', 'General consultation visit', 1, '2026-03-18 10:20:03'),
(680, 46, '2026-01-29 11:11:00', 'general', 'Blood pressure check', 'General consultation visit', 1, '2026-03-18 10:20:03'),
(681, 41, '2026-01-29 09:18:00', 'general', 'Diabetes checkup', 'General consultation visit', 2, '2026-03-18 10:20:03'),
(682, 11, '2026-01-29 09:06:00', 'general', 'Blood pressure check', 'General consultation visit', 3, '2026-03-18 10:20:03'),
(683, 49, '2026-01-29 09:59:00', 'general', 'Medication refill', 'General consultation visit', 2, '2026-03-18 10:20:03'),
(684, 31, '2026-01-29 16:03:00', 'general', 'Health certificate', 'General consultation visit', 1, '2026-03-18 10:20:03'),
(685, 18, '2026-01-29 15:12:00', 'general', 'Follow-up visit', 'General consultation visit', 1, '2026-03-18 10:20:03'),
(686, 9, '2026-01-29 12:24:00', 'general', 'Health certificate', 'General consultation visit', 1, '2026-03-18 10:20:03'),
(687, 37, '2026-01-30 12:54:00', 'general', 'Health checkup', 'General consultation visit', 2, '2026-03-18 10:20:03'),
(688, 31, '2026-01-30 12:20:00', 'general', 'Follow-up visit', 'General consultation visit', 3, '2026-03-18 10:20:03'),
(689, 42, '2026-01-30 15:57:00', 'general', 'Diabetes checkup', 'General consultation visit', 1, '2026-03-18 10:20:03'),
(690, 41, '2026-01-30 14:54:00', 'general', 'Medication refill', 'General consultation visit', 2, '2026-03-18 10:20:03'),
(691, 9, '2026-01-30 10:40:00', 'general', 'Fever and cough', 'General consultation visit', 1, '2026-03-18 10:20:03'),
(692, 33, '2026-01-30 14:40:00', 'general', 'Fever and cough', 'General consultation visit', 2, '2026-03-18 10:20:03'),
(693, 9, '2026-01-30 12:53:00', 'general', 'Health certificate', 'General consultation visit', 1, '2026-03-18 10:20:03'),
(694, 5, '2026-01-30 08:01:00', 'general', 'General consultation', 'General consultation visit', 3, '2026-03-18 10:20:03'),
(695, 45, '2026-01-30 09:08:00', 'general', 'Hypertension monitoring', 'General consultation visit', 3, '2026-03-18 10:20:03'),
(696, 12, '2026-01-31 14:31:00', 'general', 'Blood pressure check', 'General consultation visit', 1, '2026-03-18 10:20:03'),
(697, 25, '2026-01-31 10:23:00', 'general', 'Diabetes checkup', 'General consultation visit', 2, '2026-03-18 10:20:03'),
(698, 6, '2026-01-31 16:04:00', 'general', 'Health checkup', 'General consultation visit', 1, '2026-03-18 10:20:03'),
(699, 48, '2026-01-31 08:41:00', 'general', 'Health checkup', 'General consultation visit', 1, '2026-03-18 10:20:03'),
(700, 30, '2026-01-31 14:31:00', 'general', 'Wound care', 'General consultation visit', 3, '2026-03-18 10:20:03'),
(701, 30, '2026-01-31 16:32:00', 'general', 'Blood pressure check', 'General consultation visit', 2, '2026-03-18 10:20:03'),
(702, 21, '2026-01-31 12:43:00', 'general', 'General consultation', 'General consultation visit', 1, '2026-03-18 10:20:03'),
(703, 19, '2026-01-31 08:05:00', 'general', 'General consultation', 'General consultation visit', 2, '2026-03-18 10:20:03'),
(704, 42, '2026-01-31 08:08:00', 'general', 'Fever and cough', 'General consultation visit', 3, '2026-03-18 10:20:03'),
(705, 51, '2026-01-31 15:00:00', 'general', 'Fever and cough', 'General consultation visit', 2, '2026-03-18 10:20:03'),
(706, 9, '2026-01-31 09:01:00', 'general', 'Hypertension monitoring', 'General consultation visit', 2, '2026-03-18 10:20:03'),
(707, 8, '2026-02-01 16:01:00', 'general', 'General consultation', 'General consultation visit', 2, '2026-03-18 10:20:03'),
(708, 26, '2026-02-01 13:48:00', 'general', 'Health certificate', 'General consultation visit', 3, '2026-03-18 10:20:03'),
(709, 33, '2026-02-01 14:33:00', 'general', 'Hypertension monitoring', 'General consultation visit', 3, '2026-03-18 10:20:03'),
(710, 43, '2026-02-01 11:41:00', 'general', 'Health certificate', 'General consultation visit', 2, '2026-03-18 10:20:03'),
(711, 32, '2026-02-01 16:14:00', 'general', 'Diabetes checkup', 'General consultation visit', 3, '2026-03-18 10:20:03'),
(712, 47, '2026-02-01 08:53:00', 'general', 'Blood pressure check', 'General consultation visit', 3, '2026-03-18 10:20:03'),
(713, 4, '2026-02-01 11:15:00', 'general', 'Health certificate', 'General consultation visit', 1, '2026-03-18 10:20:03'),
(714, 30, '2026-02-01 11:58:00', 'general', 'Health checkup', 'General consultation visit', 2, '2026-03-18 10:20:03'),
(715, 47, '2026-02-01 09:10:00', 'general', 'Medication refill', 'General consultation visit', 3, '2026-03-18 10:20:03'),
(716, 42, '2026-02-01 14:27:00', 'general', 'Hypertension monitoring', 'General consultation visit', 2, '2026-03-18 10:20:03'),
(717, 39, '2026-02-01 11:49:00', 'general', 'Medication refill', 'General consultation visit', 3, '2026-03-18 10:20:03'),
(718, 44, '2026-02-01 09:19:00', 'general', 'Follow-up visit', 'General consultation visit', 1, '2026-03-18 10:20:03'),
(719, 36, '2026-02-01 11:34:00', 'general', 'Fever and cough', 'General consultation visit', 2, '2026-03-18 10:20:03'),
(720, 16, '2026-02-01 11:29:00', 'general', 'Blood pressure check', 'General consultation visit', 2, '2026-03-18 10:20:03'),
(721, 3, '2026-02-02 12:17:00', 'general', 'Follow-up visit', 'General consultation visit', 2, '2026-03-18 10:20:03'),
(722, 4, '2026-02-02 16:02:00', 'general', 'Hypertension monitoring', 'General consultation visit', 3, '2026-03-18 10:20:03'),
(723, 38, '2026-02-02 10:00:00', 'general', 'Wound care', 'General consultation visit', 1, '2026-03-18 10:20:03'),
(724, 2, '2026-02-02 11:05:00', 'general', 'Hypertension monitoring', 'General consultation visit', 2, '2026-03-18 10:20:03'),
(725, 9, '2026-02-02 14:00:00', 'general', 'General consultation', 'General consultation visit', 3, '2026-03-18 10:20:03'),
(726, 12, '2026-02-02 08:46:00', 'general', 'General consultation', 'General consultation visit', 1, '2026-03-18 10:20:03'),
(727, 29, '2026-02-02 14:57:00', 'general', 'Hypertension monitoring', 'General consultation visit', 1, '2026-03-18 10:20:03'),
(728, 49, '2026-02-02 13:26:00', 'general', 'Health certificate', 'General consultation visit', 1, '2026-03-18 10:20:03'),
(729, 13, '2026-02-03 11:44:00', 'general', 'Hypertension monitoring', 'General consultation visit', 2, '2026-03-18 10:20:03'),
(730, 44, '2026-02-03 11:54:00', 'general', 'Health certificate', 'General consultation visit', 2, '2026-03-18 10:20:03'),
(731, 51, '2026-02-03 15:41:00', 'general', 'Wound care', 'General consultation visit', 1, '2026-03-18 10:20:03'),
(732, 38, '2026-02-03 14:55:00', 'general', 'Medication refill', 'General consultation visit', 2, '2026-03-18 10:20:03'),
(733, 13, '2026-02-03 08:37:00', 'general', 'Medication refill', 'General consultation visit', 3, '2026-03-18 10:20:03'),
(734, 35, '2026-02-03 14:20:00', 'general', 'Wound care', 'General consultation visit', 2, '2026-03-18 10:20:03'),
(735, 44, '2026-02-03 13:48:00', 'general', 'Hypertension monitoring', 'General consultation visit', 2, '2026-03-18 10:20:03'),
(736, 21, '2026-02-03 10:19:00', 'general', 'Wound care', 'General consultation visit', 2, '2026-03-18 10:20:03'),
(737, 38, '2026-02-03 16:04:00', 'general', 'Wound care', 'General consultation visit', 3, '2026-03-18 10:20:03'),
(738, 48, '2026-02-03 15:29:00', 'general', 'General consultation', 'General consultation visit', 1, '2026-03-18 10:20:03'),
(739, 9, '2026-02-03 12:00:00', 'general', 'Health checkup', 'General consultation visit', 2, '2026-03-18 10:20:03'),
(740, 39, '2026-02-03 11:00:00', 'general', 'Hypertension monitoring', 'General consultation visit', 2, '2026-03-18 10:20:03'),
(741, 29, '2026-02-03 13:05:00', 'general', 'Follow-up visit', 'General consultation visit', 1, '2026-03-18 10:20:03'),
(742, 48, '2026-02-03 13:51:00', 'general', 'Medication refill', 'General consultation visit', 1, '2026-03-18 10:20:03'),
(743, 35, '2026-02-03 16:08:00', 'general', 'Diabetes checkup', 'General consultation visit', 1, '2026-03-18 10:20:03'),
(744, 1, '2026-02-04 16:36:00', 'general', 'Diabetes checkup', 'General consultation visit', 2, '2026-03-18 10:20:03'),
(745, 45, '2026-02-04 08:13:00', 'general', 'Medication refill', 'General consultation visit', 1, '2026-03-18 10:20:03'),
(746, 30, '2026-02-04 16:28:00', 'general', 'Wound care', 'General consultation visit', 3, '2026-03-18 10:20:03'),
(747, 34, '2026-02-04 13:02:00', 'general', 'Hypertension monitoring', 'General consultation visit', 3, '2026-03-18 10:20:03'),
(748, 35, '2026-02-04 15:07:00', 'general', 'Fever and cough', 'General consultation visit', 2, '2026-03-18 10:20:03'),
(749, 23, '2026-02-04 10:50:00', 'general', 'Blood pressure check', 'General consultation visit', 1, '2026-03-18 10:20:03'),
(750, 23, '2026-02-04 11:39:00', 'general', 'Health certificate', 'General consultation visit', 2, '2026-03-18 10:20:03'),
(751, 30, '2026-02-04 10:33:00', 'general', 'Wound care', 'General consultation visit', 1, '2026-03-18 10:20:03'),
(752, 41, '2026-02-04 15:05:00', 'general', 'Health certificate', 'General consultation visit', 3, '2026-03-18 10:20:03'),
(753, 34, '2026-02-04 12:07:00', 'general', 'Health checkup', 'General consultation visit', 3, '2026-03-18 10:20:03'),
(754, 43, '2026-02-04 10:52:00', 'general', 'Blood pressure check', 'General consultation visit', 2, '2026-03-18 10:20:03'),
(755, 48, '2026-02-04 10:15:00', 'general', 'Diabetes checkup', 'General consultation visit', 1, '2026-03-18 10:20:03'),
(756, 10, '2026-02-04 16:05:00', 'general', 'Medication refill', 'General consultation visit', 2, '2026-03-18 10:20:03'),
(757, 4, '2026-02-04 13:54:00', 'general', 'Wound care', 'General consultation visit', 2, '2026-03-18 10:20:03'),
(758, 16, '2026-02-04 09:16:00', 'general', 'Follow-up visit', 'General consultation visit', 3, '2026-03-18 10:20:03'),
(759, 33, '2026-02-04 09:30:00', 'general', 'Health certificate', 'General consultation visit', 2, '2026-03-18 10:20:03'),
(760, 37, '2026-02-04 15:51:00', 'general', 'Health checkup', 'General consultation visit', 3, '2026-03-18 10:20:03'),
(761, 5, '2026-02-05 12:05:00', 'general', 'Blood pressure check', 'General consultation visit', 2, '2026-03-18 10:20:03'),
(762, 32, '2026-02-05 09:44:00', 'general', 'Fever and cough', 'General consultation visit', 3, '2026-03-18 10:20:03'),
(763, 32, '2026-02-05 14:32:00', 'general', 'Follow-up visit', 'General consultation visit', 3, '2026-03-18 10:20:03'),
(764, 5, '2026-02-05 14:06:00', 'general', 'Blood pressure check', 'General consultation visit', 1, '2026-03-18 10:20:03'),
(765, 49, '2026-02-05 11:33:00', 'general', 'Health certificate', 'General consultation visit', 1, '2026-03-18 10:20:03'),
(766, 7, '2026-02-05 12:43:00', 'general', 'Fever and cough', 'General consultation visit', 1, '2026-03-18 10:20:03'),
(767, 26, '2026-02-05 10:02:00', 'general', 'Hypertension monitoring', 'General consultation visit', 2, '2026-03-18 10:20:03'),
(768, 36, '2026-02-05 11:13:00', 'general', 'Fever and cough', 'General consultation visit', 3, '2026-03-18 10:20:03'),
(769, 17, '2026-02-05 14:08:00', 'general', 'Diabetes checkup', 'General consultation visit', 1, '2026-03-18 10:20:03'),
(770, 48, '2026-02-05 16:55:00', 'general', 'Blood pressure check', 'General consultation visit', 2, '2026-03-18 10:20:03'),
(771, 22, '2026-02-05 15:07:00', 'general', 'Health certificate', 'General consultation visit', 3, '2026-03-18 10:20:03'),
(772, 16, '2026-02-05 10:14:00', 'general', 'Hypertension monitoring', 'General consultation visit', 2, '2026-03-18 10:20:03'),
(773, 22, '2026-02-05 16:25:00', 'general', 'Hypertension monitoring', 'General consultation visit', 1, '2026-03-18 10:20:03'),
(774, 16, '2026-02-05 12:07:00', 'general', 'Health checkup', 'General consultation visit', 3, '2026-03-18 10:20:03'),
(775, 31, '2026-02-05 11:49:00', 'general', 'Health certificate', 'General consultation visit', 1, '2026-03-18 10:20:03'),
(776, 21, '2026-02-05 15:54:00', 'general', 'Health certificate', 'General consultation visit', 3, '2026-03-18 10:20:03'),
(777, 41, '2026-02-05 15:49:00', 'general', 'Diabetes checkup', 'General consultation visit', 3, '2026-03-18 10:20:03'),
(778, 16, '2026-02-05 09:40:00', 'general', 'Health checkup', 'General consultation visit', 3, '2026-03-18 10:20:03'),
(779, 12, '2026-02-05 16:59:00', 'general', 'Health certificate', 'General consultation visit', 3, '2026-03-18 10:20:03'),
(780, 26, '2026-02-06 10:38:00', 'general', 'Diabetes checkup', 'General consultation visit', 3, '2026-03-18 10:20:03'),
(781, 33, '2026-02-06 09:47:00', 'general', 'Blood pressure check', 'General consultation visit', 3, '2026-03-18 10:20:03'),
(782, 43, '2026-02-06 13:17:00', 'general', 'Diabetes checkup', 'General consultation visit', 3, '2026-03-18 10:20:03'),
(783, 29, '2026-02-06 15:10:00', 'general', 'Health certificate', 'General consultation visit', 1, '2026-03-18 10:20:03'),
(784, 22, '2026-02-06 09:00:00', 'general', 'Diabetes checkup', 'General consultation visit', 1, '2026-03-18 10:20:03'),
(785, 18, '2026-02-06 08:08:00', 'general', 'Blood pressure check', 'General consultation visit', 1, '2026-03-18 10:20:03'),
(786, 51, '2026-02-06 11:13:00', 'general', 'Diabetes checkup', 'General consultation visit', 3, '2026-03-18 10:20:03'),
(787, 13, '2026-02-07 14:50:00', 'general', 'General consultation', 'General consultation visit', 1, '2026-03-18 10:20:03'),
(788, 14, '2026-02-07 10:39:00', 'general', 'Follow-up visit', 'General consultation visit', 2, '2026-03-18 10:20:03'),
(789, 37, '2026-02-07 11:03:00', 'general', 'Medication refill', 'General consultation visit', 2, '2026-03-18 10:20:03'),
(790, 30, '2026-02-07 16:43:00', 'general', 'General consultation', 'General consultation visit', 1, '2026-03-18 10:20:03'),
(791, 12, '2026-02-07 12:35:00', 'general', 'Fever and cough', 'General consultation visit', 3, '2026-03-18 10:20:03'),
(792, 33, '2026-02-07 14:41:00', 'general', 'Fever and cough', 'General consultation visit', 1, '2026-03-18 10:20:03'),
(793, 3, '2026-02-07 11:02:00', 'general', 'Medication refill', 'General consultation visit', 3, '2026-03-18 10:20:03'),
(794, 2, '2026-02-08 12:55:00', 'general', 'General consultation', 'General consultation visit', 1, '2026-03-18 10:20:03'),
(795, 2, '2026-02-08 11:08:00', 'general', 'Blood pressure check', 'General consultation visit', 3, '2026-03-18 10:20:03'),
(796, 35, '2026-02-08 12:30:00', 'general', 'Health certificate', 'General consultation visit', 2, '2026-03-18 10:20:03'),
(797, 40, '2026-02-08 16:28:00', 'general', 'Blood pressure check', 'General consultation visit', 2, '2026-03-18 10:20:03'),
(798, 41, '2026-02-08 16:14:00', 'general', 'General consultation', 'General consultation visit', 2, '2026-03-18 10:20:03'),
(799, 51, '2026-02-08 10:08:00', 'general', 'Blood pressure check', 'General consultation visit', 2, '2026-03-18 10:20:03'),
(800, 11, '2026-02-08 16:36:00', 'general', 'Fever and cough', 'General consultation visit', 1, '2026-03-18 10:20:03'),
(801, 7, '2026-02-08 08:55:00', 'general', 'Health certificate', 'General consultation visit', 3, '2026-03-18 10:20:03'),
(802, 19, '2026-02-08 14:19:00', 'general', 'Health certificate', 'General consultation visit', 3, '2026-03-18 10:20:03'),
(803, 9, '2026-02-09 15:47:00', 'general', 'Follow-up visit', 'General consultation visit', 2, '2026-03-18 10:20:03'),
(804, 43, '2026-02-09 16:37:00', 'general', 'Blood pressure check', 'General consultation visit', 3, '2026-03-18 10:20:03'),
(805, 39, '2026-02-09 16:54:00', 'general', 'Diabetes checkup', 'General consultation visit', 3, '2026-03-18 10:20:03'),
(806, 14, '2026-02-09 15:03:00', 'general', 'Follow-up visit', 'General consultation visit', 1, '2026-03-18 10:20:03'),
(807, 15, '2026-02-09 09:18:00', 'general', 'Wound care', 'General consultation visit', 1, '2026-03-18 10:20:03'),
(808, 5, '2026-02-09 11:19:00', 'general', 'Hypertension monitoring', 'General consultation visit', 2, '2026-03-18 10:20:03'),
(809, 34, '2026-02-09 08:19:00', 'general', 'Health checkup', 'General consultation visit', 1, '2026-03-18 10:20:03'),
(810, 28, '2026-02-09 08:44:00', 'general', 'Diabetes checkup', 'General consultation visit', 1, '2026-03-18 10:20:03'),
(811, 38, '2026-02-09 10:33:00', 'general', 'Hypertension monitoring', 'General consultation visit', 1, '2026-03-18 10:20:03'),
(812, 4, '2026-02-09 12:08:00', 'general', 'Health checkup', 'General consultation visit', 1, '2026-03-18 10:20:03'),
(813, 9, '2026-02-09 11:42:00', 'general', 'Blood pressure check', 'General consultation visit', 2, '2026-03-18 10:20:03'),
(814, 31, '2026-02-09 12:25:00', 'general', 'Health certificate', 'General consultation visit', 1, '2026-03-18 10:20:03'),
(815, 12, '2026-02-09 13:41:00', 'general', 'Health certificate', 'General consultation visit', 1, '2026-03-18 10:20:03'),
(816, 23, '2026-02-09 09:53:00', 'general', 'Wound care', 'General consultation visit', 2, '2026-03-18 10:20:03'),
(817, 21, '2026-02-09 16:56:00', 'general', 'Fever and cough', 'General consultation visit', 3, '2026-03-18 10:20:03'),
(818, 16, '2026-02-09 15:30:00', 'general', 'Follow-up visit', 'General consultation visit', 2, '2026-03-18 10:20:03'),
(819, 25, '2026-02-09 11:46:00', 'general', 'Wound care', 'General consultation visit', 2, '2026-03-18 10:20:03'),
(820, 35, '2026-02-09 09:22:00', 'general', 'Blood pressure check', 'General consultation visit', 1, '2026-03-18 10:20:03'),
(821, 12, '2026-02-09 12:24:00', 'general', 'Medication refill', 'General consultation visit', 1, '2026-03-18 10:20:03'),
(822, 36, '2026-02-09 15:03:00', 'general', 'Follow-up visit', 'General consultation visit', 1, '2026-03-18 10:20:03'),
(823, 17, '2026-02-09 15:27:00', 'general', 'Blood pressure check', 'General consultation visit', 1, '2026-03-18 10:20:03'),
(824, 16, '2026-02-09 12:47:00', 'general', 'Fever and cough', 'General consultation visit', 2, '2026-03-18 10:20:03'),
(825, 14, '2026-02-09 08:51:00', 'general', 'Health checkup', 'General consultation visit', 3, '2026-03-18 10:20:03'),
(826, 25, '2026-02-09 10:31:00', 'general', 'Hypertension monitoring', 'General consultation visit', 2, '2026-03-18 10:20:03'),
(827, 28, '2026-02-10 11:46:00', 'general', 'Health certificate', 'General consultation visit', 3, '2026-03-18 10:20:03'),
(828, 8, '2026-02-10 11:18:00', 'general', 'Diabetes checkup', 'General consultation visit', 3, '2026-03-18 10:20:03'),
(829, 28, '2026-02-10 15:41:00', 'general', 'Follow-up visit', 'General consultation visit', 2, '2026-03-18 10:20:03'),
(830, 39, '2026-02-10 13:23:00', 'general', 'General consultation', 'General consultation visit', 3, '2026-03-18 10:20:03'),
(831, 48, '2026-02-10 11:18:00', 'general', 'Health checkup', 'General consultation visit', 2, '2026-03-18 10:20:03'),
(832, 5, '2026-02-10 10:48:00', 'general', 'Fever and cough', 'General consultation visit', 3, '2026-03-18 10:20:03'),
(833, 5, '2026-02-10 11:53:00', 'general', 'Diabetes checkup', 'General consultation visit', 2, '2026-03-18 10:20:03'),
(834, 3, '2026-02-10 09:01:00', 'general', 'Wound care', 'General consultation visit', 1, '2026-03-18 10:20:03'),
(835, 39, '2026-02-10 15:01:00', 'general', 'Diabetes checkup', 'General consultation visit', 2, '2026-03-18 10:20:03');
INSERT INTO `visits` (`id`, `patient_id`, `visit_datetime`, `visit_type`, `reason`, `notes`, `recorded_by`, `created_at`) VALUES
(836, 23, '2026-02-10 12:05:00', 'general', 'Diabetes checkup', 'General consultation visit', 2, '2026-03-18 10:20:03'),
(837, 11, '2026-02-10 11:03:00', 'general', 'Diabetes checkup', 'General consultation visit', 3, '2026-03-18 10:20:03'),
(838, 3, '2026-02-11 13:17:00', 'general', 'Hypertension monitoring', 'General consultation visit', 1, '2026-03-18 10:20:03'),
(839, 49, '2026-02-11 09:10:00', 'general', 'Medication refill', 'General consultation visit', 1, '2026-03-18 10:20:03'),
(840, 17, '2026-02-11 10:17:00', 'general', 'Follow-up visit', 'General consultation visit', 1, '2026-03-18 10:20:03'),
(841, 1, '2026-02-11 11:31:00', 'general', 'Wound care', 'General consultation visit', 1, '2026-03-18 10:20:03'),
(842, 21, '2026-02-11 08:40:00', 'general', 'Hypertension monitoring', 'General consultation visit', 2, '2026-03-18 10:20:03'),
(843, 37, '2026-02-11 12:34:00', 'general', 'Health checkup', 'General consultation visit', 1, '2026-03-18 10:20:03'),
(844, 29, '2026-02-11 11:49:00', 'general', 'Health checkup', 'General consultation visit', 2, '2026-03-18 10:20:03'),
(845, 28, '2026-02-11 08:55:00', 'general', 'General consultation', 'General consultation visit', 3, '2026-03-18 10:20:03'),
(846, 5, '2026-02-11 09:23:00', 'general', 'Health certificate', 'General consultation visit', 1, '2026-03-18 10:20:03'),
(847, 19, '2026-02-11 13:47:00', 'general', 'Health checkup', 'General consultation visit', 2, '2026-03-18 10:20:03'),
(848, 31, '2026-02-11 12:21:00', 'general', 'Health checkup', 'General consultation visit', 2, '2026-03-18 10:20:03'),
(849, 21, '2026-02-11 16:36:00', 'general', 'Medication refill', 'General consultation visit', 2, '2026-03-18 10:20:03'),
(850, 34, '2026-02-11 12:32:00', 'general', 'Health checkup', 'General consultation visit', 1, '2026-03-18 10:20:03'),
(851, 40, '2026-02-11 11:01:00', 'general', 'Medication refill', 'General consultation visit', 1, '2026-03-18 10:20:03'),
(852, 8, '2026-02-11 13:15:00', 'general', 'Fever and cough', 'General consultation visit', 1, '2026-03-18 10:20:03'),
(853, 44, '2026-02-11 13:07:00', 'general', 'Wound care', 'General consultation visit', 2, '2026-03-18 10:20:03'),
(854, 26, '2026-02-11 15:20:00', 'general', 'Health checkup', 'General consultation visit', 1, '2026-03-18 10:20:03'),
(855, 42, '2026-02-11 11:04:00', 'general', 'Blood pressure check', 'General consultation visit', 2, '2026-03-18 10:20:03'),
(856, 29, '2026-02-11 14:59:00', 'general', 'General consultation', 'General consultation visit', 2, '2026-03-18 10:20:03'),
(857, 21, '2026-02-11 11:40:00', 'general', 'General consultation', 'General consultation visit', 2, '2026-03-18 10:20:03'),
(858, 6, '2026-02-12 15:16:00', 'general', 'Health checkup', 'General consultation visit', 2, '2026-03-18 10:20:03'),
(859, 2, '2026-02-12 12:26:00', 'general', 'Wound care', 'General consultation visit', 2, '2026-03-18 10:20:03'),
(860, 35, '2026-02-12 16:09:00', 'general', 'Wound care', 'General consultation visit', 3, '2026-03-18 10:20:03'),
(861, 49, '2026-02-12 10:59:00', 'general', 'Hypertension monitoring', 'General consultation visit', 2, '2026-03-18 10:20:03'),
(862, 36, '2026-02-12 13:06:00', 'general', 'Wound care', 'General consultation visit', 2, '2026-03-18 10:20:03'),
(863, 15, '2026-02-12 14:49:00', 'general', 'Blood pressure check', 'General consultation visit', 3, '2026-03-18 10:20:03'),
(864, 33, '2026-02-12 09:44:00', 'general', 'Fever and cough', 'General consultation visit', 1, '2026-03-18 10:20:03'),
(865, 31, '2026-02-12 11:36:00', 'general', 'Follow-up visit', 'General consultation visit', 3, '2026-03-18 10:20:03'),
(866, 6, '2026-02-12 09:51:00', 'general', 'Wound care', 'General consultation visit', 2, '2026-03-18 10:20:03'),
(867, 1, '2026-02-12 09:57:00', 'general', 'Fever and cough', 'General consultation visit', 2, '2026-03-18 10:20:03'),
(868, 21, '2026-02-12 11:26:00', 'general', 'Blood pressure check', 'General consultation visit', 1, '2026-03-18 10:20:03'),
(869, 16, '2026-02-12 10:09:00', 'general', 'Wound care', 'General consultation visit', 3, '2026-03-18 10:20:03'),
(870, 33, '2026-02-12 15:38:00', 'general', 'Blood pressure check', 'General consultation visit', 1, '2026-03-18 10:20:03'),
(871, 47, '2026-02-12 16:37:00', 'general', 'Health checkup', 'General consultation visit', 2, '2026-03-18 10:20:03'),
(872, 51, '2026-02-12 13:18:00', 'general', 'Medication refill', 'General consultation visit', 1, '2026-03-18 10:20:03'),
(873, 7, '2026-02-12 11:02:00', 'general', 'Health checkup', 'General consultation visit', 3, '2026-03-18 10:20:03'),
(874, 2, '2026-02-12 09:14:00', 'general', 'Hypertension monitoring', 'General consultation visit', 2, '2026-03-18 10:20:03'),
(875, 33, '2026-02-12 15:00:00', 'general', 'Wound care', 'General consultation visit', 2, '2026-03-18 10:20:03'),
(876, 22, '2026-02-12 14:55:00', 'general', 'Wound care', 'General consultation visit', 3, '2026-03-18 10:20:03'),
(877, 28, '2026-02-12 16:13:00', 'general', 'Health checkup', 'General consultation visit', 1, '2026-03-18 10:20:03'),
(878, 46, '2026-02-12 11:36:00', 'general', 'Health checkup', 'General consultation visit', 1, '2026-03-18 10:20:03'),
(879, 47, '2026-02-13 16:06:00', 'general', 'Wound care', 'General consultation visit', 2, '2026-03-18 10:20:03'),
(880, 8, '2026-02-13 10:40:00', 'general', 'Diabetes checkup', 'General consultation visit', 3, '2026-03-18 10:20:03'),
(881, 9, '2026-02-13 12:55:00', 'general', 'Wound care', 'General consultation visit', 3, '2026-03-18 10:20:03'),
(882, 20, '2026-02-13 15:58:00', 'general', 'Follow-up visit', 'General consultation visit', 3, '2026-03-18 10:20:03'),
(883, 44, '2026-02-13 15:39:00', 'general', 'Blood pressure check', 'General consultation visit', 3, '2026-03-18 10:20:03'),
(884, 24, '2026-02-13 13:00:00', 'general', 'Medication refill', 'General consultation visit', 1, '2026-03-18 10:20:03'),
(885, 47, '2026-02-13 14:50:00', 'general', 'Blood pressure check', 'General consultation visit', 2, '2026-03-18 10:20:03'),
(886, 16, '2026-02-13 12:45:00', 'general', 'General consultation', 'General consultation visit', 2, '2026-03-18 10:20:03'),
(887, 37, '2026-02-13 08:00:00', 'general', 'Fever and cough', 'General consultation visit', 2, '2026-03-18 10:20:03'),
(888, 31, '2026-02-13 14:14:00', 'general', 'General consultation', 'General consultation visit', 2, '2026-03-18 10:20:03'),
(889, 44, '2026-02-13 15:33:00', 'general', 'Follow-up visit', 'General consultation visit', 2, '2026-03-18 10:20:03'),
(890, 32, '2026-02-14 16:20:00', 'general', 'Wound care', 'General consultation visit', 2, '2026-03-18 10:20:03'),
(891, 22, '2026-02-14 08:46:00', 'general', 'Wound care', 'General consultation visit', 2, '2026-03-18 10:20:03'),
(892, 11, '2026-02-14 13:05:00', 'general', 'Diabetes checkup', 'General consultation visit', 1, '2026-03-18 10:20:03'),
(893, 37, '2026-02-14 14:05:00', 'general', 'Hypertension monitoring', 'General consultation visit', 1, '2026-03-18 10:20:03'),
(894, 25, '2026-02-14 09:28:00', 'general', 'Blood pressure check', 'General consultation visit', 2, '2026-03-18 10:20:03'),
(895, 6, '2026-02-14 14:46:00', 'general', 'General consultation', 'General consultation visit', 3, '2026-03-18 10:20:03'),
(896, 46, '2026-02-14 14:20:00', 'general', 'Diabetes checkup', 'General consultation visit', 2, '2026-03-18 10:20:03'),
(897, 18, '2026-02-15 08:35:00', 'general', 'Medication refill', 'General consultation visit', 2, '2026-03-18 10:20:03'),
(898, 10, '2026-02-15 09:49:00', 'general', 'Health checkup', 'General consultation visit', 2, '2026-03-18 10:20:03'),
(899, 32, '2026-02-15 12:02:00', 'general', 'Blood pressure check', 'General consultation visit', 2, '2026-03-18 10:20:03'),
(900, 43, '2026-02-15 13:21:00', 'general', 'General consultation', 'General consultation visit', 1, '2026-03-18 10:20:03'),
(901, 43, '2026-02-15 08:02:00', 'general', 'Wound care', 'General consultation visit', 2, '2026-03-18 10:20:03'),
(902, 11, '2026-02-15 10:49:00', 'general', 'Diabetes checkup', 'General consultation visit', 1, '2026-03-18 10:20:03'),
(903, 17, '2026-02-15 12:35:00', 'general', 'Fever and cough', 'General consultation visit', 3, '2026-03-18 10:20:03'),
(904, 34, '2026-02-15 15:15:00', 'general', 'Diabetes checkup', 'General consultation visit', 2, '2026-03-18 10:20:03'),
(905, 37, '2026-02-15 10:05:00', 'general', 'Wound care', 'General consultation visit', 3, '2026-03-18 10:20:03'),
(906, 14, '2026-02-15 08:51:00', 'general', 'Medication refill', 'General consultation visit', 1, '2026-03-18 10:20:03'),
(907, 2, '2026-02-15 08:00:00', 'general', 'Hypertension monitoring', 'General consultation visit', 2, '2026-03-18 10:20:03'),
(908, 20, '2026-02-16 12:21:00', 'general', 'Diabetes checkup', 'General consultation visit', 1, '2026-03-18 10:20:03'),
(909, 18, '2026-02-16 11:40:00', 'general', 'Wound care', 'General consultation visit', 1, '2026-03-18 10:20:03'),
(910, 5, '2026-02-16 11:20:00', 'general', 'Wound care', 'General consultation visit', 3, '2026-03-18 10:20:03'),
(911, 24, '2026-02-16 15:59:00', 'general', 'Diabetes checkup', 'General consultation visit', 3, '2026-03-18 10:20:03'),
(912, 36, '2026-02-16 15:26:00', 'general', 'Health certificate', 'General consultation visit', 1, '2026-03-18 10:20:03'),
(913, 33, '2026-02-16 09:05:00', 'general', 'Diabetes checkup', 'General consultation visit', 1, '2026-03-18 10:20:03'),
(914, 32, '2026-02-16 11:08:00', 'general', 'Blood pressure check', 'General consultation visit', 2, '2026-03-18 10:20:03'),
(915, 27, '2026-02-16 13:55:00', 'general', 'General consultation', 'General consultation visit', 3, '2026-03-18 10:20:03'),
(916, 40, '2026-02-16 08:42:00', 'general', 'Medication refill', 'General consultation visit', 1, '2026-03-18 10:20:03'),
(917, 9, '2026-02-16 14:35:00', 'general', 'Hypertension monitoring', 'General consultation visit', 1, '2026-03-18 10:20:03'),
(918, 21, '2026-02-16 11:08:00', 'general', 'Blood pressure check', 'General consultation visit', 1, '2026-03-18 10:20:03'),
(919, 46, '2026-02-16 11:32:00', 'general', 'Fever and cough', 'General consultation visit', 1, '2026-03-18 10:20:03'),
(920, 48, '2026-02-16 14:01:00', 'general', 'General consultation', 'General consultation visit', 2, '2026-03-18 10:20:03'),
(921, 36, '2026-02-16 09:59:00', 'general', 'Follow-up visit', 'General consultation visit', 1, '2026-03-18 10:20:03'),
(922, 7, '2026-02-16 14:45:00', 'general', 'Hypertension monitoring', 'General consultation visit', 2, '2026-03-18 10:20:03'),
(923, 46, '2026-02-16 12:19:00', 'general', 'Health checkup', 'General consultation visit', 1, '2026-03-18 10:20:03'),
(924, 15, '2026-02-16 09:42:00', 'general', 'Health checkup', 'General consultation visit', 3, '2026-03-18 10:20:03'),
(925, 49, '2026-02-16 10:05:00', 'general', 'Diabetes checkup', 'General consultation visit', 1, '2026-03-18 10:20:03'),
(926, 40, '2026-02-16 08:12:00', 'general', 'Health certificate', 'General consultation visit', 3, '2026-03-18 10:20:03'),
(927, 5, '2026-02-16 15:22:00', 'general', 'Follow-up visit', 'General consultation visit', 1, '2026-03-18 10:20:03'),
(928, 4, '2026-02-16 16:24:00', 'general', 'General consultation', 'General consultation visit', 3, '2026-03-18 10:20:03'),
(929, 29, '2026-02-17 10:48:00', 'general', 'Health certificate', 'General consultation visit', 3, '2026-03-18 10:20:03'),
(930, 44, '2026-02-17 11:37:00', 'general', 'Medication refill', 'General consultation visit', 3, '2026-03-18 10:20:03'),
(931, 47, '2026-02-17 14:26:00', 'general', 'General consultation', 'General consultation visit', 1, '2026-03-18 10:20:03'),
(932, 34, '2026-02-17 10:11:00', 'general', 'Follow-up visit', 'General consultation visit', 3, '2026-03-18 10:20:03'),
(933, 23, '2026-02-17 12:55:00', 'general', 'Follow-up visit', 'General consultation visit', 2, '2026-03-18 10:20:03'),
(934, 31, '2026-02-17 08:52:00', 'general', 'Fever and cough', 'General consultation visit', 2, '2026-03-18 10:20:03'),
(935, 24, '2026-02-17 13:13:00', 'general', 'Fever and cough', 'General consultation visit', 2, '2026-03-18 10:20:03'),
(936, 38, '2026-02-17 09:04:00', 'general', 'Medication refill', 'General consultation visit', 2, '2026-03-18 10:20:03'),
(937, 29, '2026-02-17 16:37:00', 'general', 'Diabetes checkup', 'General consultation visit', 2, '2026-03-18 10:20:03'),
(938, 24, '2026-02-17 12:14:00', 'general', 'Wound care', 'General consultation visit', 3, '2026-03-18 10:20:03'),
(939, 36, '2026-02-17 08:58:00', 'general', 'Wound care', 'General consultation visit', 1, '2026-03-18 10:20:03'),
(940, 11, '2026-02-17 09:18:00', 'general', 'Diabetes checkup', 'General consultation visit', 1, '2026-03-18 10:20:03'),
(941, 46, '2026-02-18 12:46:00', 'general', 'Blood pressure check', 'General consultation visit', 2, '2026-03-18 10:20:03'),
(942, 38, '2026-02-18 08:58:00', 'general', 'Medication refill', 'General consultation visit', 1, '2026-03-18 10:20:03'),
(943, 34, '2026-02-18 16:37:00', 'general', 'Health checkup', 'General consultation visit', 3, '2026-03-18 10:20:03'),
(944, 27, '2026-02-18 16:42:00', 'general', 'Wound care', 'General consultation visit', 2, '2026-03-18 10:20:03'),
(945, 15, '2026-02-18 14:45:00', 'general', 'Medication refill', 'General consultation visit', 1, '2026-03-18 10:20:03'),
(946, 48, '2026-02-18 11:43:00', 'general', 'Blood pressure check', 'General consultation visit', 3, '2026-03-18 10:20:03'),
(947, 40, '2026-02-18 14:12:00', 'general', 'Health checkup', 'General consultation visit', 1, '2026-03-18 10:20:03'),
(948, 12, '2026-02-18 12:29:00', 'general', 'Fever and cough', 'General consultation visit', 1, '2026-03-18 10:20:03'),
(949, 5, '2026-02-18 08:41:00', 'general', 'Medication refill', 'General consultation visit', 2, '2026-03-18 10:20:03'),
(950, 20, '2026-02-18 12:30:00', 'general', 'Blood pressure check', 'General consultation visit', 3, '2026-03-18 10:20:03'),
(951, 44, '2026-02-19 11:24:00', 'general', 'Follow-up visit', 'General consultation visit', 1, '2026-03-18 10:20:03'),
(952, 46, '2026-02-19 12:10:00', 'general', 'Diabetes checkup', 'General consultation visit', 2, '2026-03-18 10:20:03'),
(953, 44, '2026-02-19 13:29:00', 'general', 'Health certificate', 'General consultation visit', 3, '2026-03-18 10:20:03'),
(954, 42, '2026-02-19 08:42:00', 'general', 'Follow-up visit', 'General consultation visit', 1, '2026-03-18 10:20:03'),
(955, 43, '2026-02-19 14:48:00', 'general', 'Wound care', 'General consultation visit', 3, '2026-03-18 10:20:03'),
(956, 13, '2026-02-19 08:35:00', 'general', 'Hypertension monitoring', 'General consultation visit', 3, '2026-03-18 10:20:03'),
(957, 11, '2026-02-19 11:26:00', 'general', 'Follow-up visit', 'General consultation visit', 3, '2026-03-18 10:20:03'),
(958, 32, '2026-02-19 15:53:00', 'general', 'Health certificate', 'General consultation visit', 3, '2026-03-18 10:20:03'),
(959, 19, '2026-02-19 11:20:00', 'general', 'Follow-up visit', 'General consultation visit', 3, '2026-03-18 10:20:03'),
(960, 14, '2026-02-19 12:07:00', 'general', 'Hypertension monitoring', 'General consultation visit', 1, '2026-03-18 10:20:03'),
(961, 32, '2026-02-19 12:43:00', 'general', 'Blood pressure check', 'General consultation visit', 3, '2026-03-18 10:20:03'),
(962, 21, '2026-02-19 09:10:00', 'general', 'Health checkup', 'General consultation visit', 2, '2026-03-18 10:20:03'),
(963, 20, '2026-02-19 13:13:00', 'general', 'General consultation', 'General consultation visit', 1, '2026-03-18 10:20:03'),
(964, 44, '2026-02-19 13:53:00', 'general', 'Follow-up visit', 'General consultation visit', 1, '2026-03-18 10:20:03'),
(965, 17, '2026-02-19 15:52:00', 'general', 'Wound care', 'General consultation visit', 2, '2026-03-18 10:20:03'),
(966, 32, '2026-02-19 08:36:00', 'general', 'Hypertension monitoring', 'General consultation visit', 1, '2026-03-18 10:20:03'),
(967, 51, '2026-02-19 08:32:00', 'general', 'Blood pressure check', 'General consultation visit', 2, '2026-03-18 10:20:03'),
(968, 26, '2026-02-19 15:39:00', 'general', 'General consultation', 'General consultation visit', 2, '2026-03-18 10:20:03'),
(969, 2, '2026-02-19 15:31:00', 'general', 'Blood pressure check', 'General consultation visit', 2, '2026-03-18 10:20:03'),
(970, 38, '2026-02-19 13:05:00', 'general', 'Wound care', 'General consultation visit', 1, '2026-03-18 10:20:03'),
(971, 7, '2026-02-20 10:32:00', 'general', 'General consultation', 'General consultation visit', 3, '2026-03-18 10:20:03'),
(972, 14, '2026-02-20 08:47:00', 'general', 'Fever and cough', 'General consultation visit', 3, '2026-03-18 10:20:03'),
(973, 7, '2026-02-20 08:56:00', 'general', 'Hypertension monitoring', 'General consultation visit', 3, '2026-03-18 10:20:03'),
(974, 21, '2026-02-20 14:07:00', 'general', 'General consultation', 'General consultation visit', 1, '2026-03-18 10:20:03'),
(975, 13, '2026-02-20 10:41:00', 'general', 'Medication refill', 'General consultation visit', 2, '2026-03-18 10:20:03'),
(976, 11, '2026-02-20 12:38:00', 'general', 'Health certificate', 'General consultation visit', 3, '2026-03-18 10:20:03'),
(977, 40, '2026-02-20 11:26:00', 'general', 'Diabetes checkup', 'General consultation visit', 1, '2026-03-18 10:20:03'),
(978, 45, '2026-02-21 10:53:00', 'general', 'General consultation', 'General consultation visit', 1, '2026-03-18 10:20:03'),
(979, 46, '2026-02-21 16:45:00', 'general', 'Hypertension monitoring', 'General consultation visit', 3, '2026-03-18 10:20:03'),
(980, 8, '2026-02-21 12:55:00', 'general', 'General consultation', 'General consultation visit', 2, '2026-03-18 10:20:03'),
(981, 46, '2026-02-21 10:50:00', 'general', 'Health checkup', 'General consultation visit', 1, '2026-03-18 10:20:03'),
(982, 3, '2026-02-21 10:18:00', 'general', 'Follow-up visit', 'General consultation visit', 3, '2026-03-18 10:20:03'),
(983, 28, '2026-02-21 09:31:00', 'general', 'Medication refill', 'General consultation visit', 2, '2026-03-18 10:20:03'),
(984, 9, '2026-02-21 09:16:00', 'general', 'Wound care', 'General consultation visit', 2, '2026-03-18 10:20:03'),
(985, 6, '2026-02-22 11:54:00', 'general', 'Fever and cough', 'General consultation visit', 1, '2026-03-18 10:20:03'),
(986, 8, '2026-02-22 09:14:00', 'general', 'Medication refill', 'General consultation visit', 3, '2026-03-18 10:20:03'),
(987, 51, '2026-02-22 15:18:00', 'general', 'Wound care', 'General consultation visit', 3, '2026-03-18 10:20:03'),
(988, 36, '2026-02-22 15:05:00', 'general', 'General consultation', 'General consultation visit', 1, '2026-03-18 10:20:03'),
(989, 7, '2026-02-22 14:16:00', 'general', 'General consultation', 'General consultation visit', 1, '2026-03-18 10:20:03'),
(990, 11, '2026-02-22 12:00:00', 'general', 'Health checkup', 'General consultation visit', 2, '2026-03-18 10:20:03'),
(991, 4, '2026-02-22 12:24:00', 'general', 'Fever and cough', 'General consultation visit', 2, '2026-03-18 10:20:03'),
(992, 25, '2026-02-22 13:15:00', 'general', 'Diabetes checkup', 'General consultation visit', 1, '2026-03-18 10:20:03'),
(993, 11, '2026-02-22 14:58:00', 'general', 'General consultation', 'General consultation visit', 3, '2026-03-18 10:20:03'),
(994, 35, '2026-02-22 10:57:00', 'general', 'Follow-up visit', 'General consultation visit', 2, '2026-03-18 10:20:03'),
(995, 6, '2026-02-22 15:31:00', 'general', 'Diabetes checkup', 'General consultation visit', 1, '2026-03-18 10:20:03'),
(996, 14, '2026-02-22 12:04:00', 'general', 'Medication refill', 'General consultation visit', 3, '2026-03-18 10:20:03'),
(997, 14, '2026-02-22 16:25:00', 'general', 'Medication refill', 'General consultation visit', 2, '2026-03-18 10:20:03'),
(998, 40, '2026-02-22 13:31:00', 'general', 'Follow-up visit', 'General consultation visit', 1, '2026-03-18 10:20:03'),
(999, 13, '2026-02-22 10:00:00', 'general', 'Health certificate', 'General consultation visit', 2, '2026-03-18 10:20:03'),
(1000, 45, '2026-02-22 10:35:00', 'general', 'Diabetes checkup', 'General consultation visit', 2, '2026-03-18 10:20:03'),
(1001, 25, '2026-02-22 11:24:00', 'general', 'General consultation', 'General consultation visit', 2, '2026-03-18 10:20:03'),
(1002, 12, '2026-02-22 12:56:00', 'general', 'Blood pressure check', 'General consultation visit', 1, '2026-03-18 10:20:03'),
(1003, 12, '2026-02-22 11:58:00', 'general', 'Health certificate', 'General consultation visit', 1, '2026-03-18 10:20:03'),
(1004, 42, '2026-02-22 10:19:00', 'general', 'Wound care', 'General consultation visit', 3, '2026-03-18 10:20:03'),
(1005, 39, '2026-02-22 15:51:00', 'general', 'Diabetes checkup', 'General consultation visit', 1, '2026-03-18 10:20:03'),
(1006, 47, '2026-02-22 10:28:00', 'general', 'Medication refill', 'General consultation visit', 3, '2026-03-18 10:20:03'),
(1007, 15, '2026-02-23 16:55:00', 'general', 'Blood pressure check', 'General consultation visit', 1, '2026-03-18 10:20:03'),
(1008, 48, '2026-02-23 08:21:00', 'general', 'Health certificate', 'General consultation visit', 2, '2026-03-18 10:20:03'),
(1009, 48, '2026-02-23 16:36:00', 'general', 'Fever and cough', 'General consultation visit', 3, '2026-03-18 10:20:03'),
(1010, 21, '2026-02-23 08:51:00', 'general', 'Health certificate', 'General consultation visit', 2, '2026-03-18 10:20:03'),
(1011, 14, '2026-02-23 13:40:00', 'general', 'Fever and cough', 'General consultation visit', 2, '2026-03-18 10:20:03'),
(1012, 46, '2026-02-23 10:28:00', 'general', 'Follow-up visit', 'General consultation visit', 3, '2026-03-18 10:20:03'),
(1013, 16, '2026-02-23 16:01:00', 'general', 'Wound care', 'General consultation visit', 3, '2026-03-18 10:20:03'),
(1014, 26, '2026-02-23 12:11:00', 'general', 'Health checkup', 'General consultation visit', 2, '2026-03-18 10:20:03'),
(1015, 13, '2026-02-23 15:30:00', 'general', 'Diabetes checkup', 'General consultation visit', 3, '2026-03-18 10:20:03'),
(1016, 13, '2026-02-23 09:19:00', 'general', 'Medication refill', 'General consultation visit', 2, '2026-03-18 10:20:03'),
(1017, 20, '2026-02-23 10:13:00', 'general', 'Health certificate', 'General consultation visit', 1, '2026-03-18 10:20:03'),
(1018, 35, '2026-02-23 14:42:00', 'general', 'Health checkup', 'General consultation visit', 2, '2026-03-18 10:20:03'),
(1019, 12, '2026-02-23 11:42:00', 'general', 'General consultation', 'General consultation visit', 3, '2026-03-18 10:20:03'),
(1020, 44, '2026-02-23 08:53:00', 'general', 'Hypertension monitoring', 'General consultation visit', 1, '2026-03-18 10:20:03'),
(1021, 7, '2026-02-23 13:57:00', 'general', 'Blood pressure check', 'General consultation visit', 1, '2026-03-18 10:20:03'),
(1022, 28, '2026-02-23 09:30:00', 'general', 'Health checkup', 'General consultation visit', 2, '2026-03-18 10:20:03'),
(1023, 33, '2026-02-23 08:58:00', 'general', 'Health certificate', 'General consultation visit', 2, '2026-03-18 10:20:03'),
(1024, 41, '2026-02-23 13:38:00', 'general', 'Hypertension monitoring', 'General consultation visit', 1, '2026-03-18 10:20:03'),
(1025, 34, '2026-02-24 09:50:00', 'general', 'Health checkup', 'General consultation visit', 3, '2026-03-18 10:20:03'),
(1026, 11, '2026-02-24 10:10:00', 'general', 'Hypertension monitoring', 'General consultation visit', 3, '2026-03-18 10:20:03'),
(1027, 20, '2026-02-24 15:14:00', 'general', 'Health checkup', 'General consultation visit', 1, '2026-03-18 10:20:03'),
(1028, 36, '2026-02-24 13:48:00', 'general', 'Hypertension monitoring', 'General consultation visit', 2, '2026-03-18 10:20:03'),
(1029, 3, '2026-02-24 10:52:00', 'general', 'Health checkup', 'General consultation visit', 3, '2026-03-18 10:20:03'),
(1030, 36, '2026-02-24 15:16:00', 'general', 'General consultation', 'General consultation visit', 1, '2026-03-18 10:20:03'),
(1031, 1, '2026-02-24 15:45:00', 'general', 'Hypertension monitoring', 'General consultation visit', 1, '2026-03-18 10:20:03'),
(1032, 40, '2026-02-24 16:46:00', 'general', 'General consultation', 'General consultation visit', 3, '2026-03-18 10:20:03'),
(1033, 9, '2026-02-24 16:41:00', 'general', 'Fever and cough', 'General consultation visit', 3, '2026-03-18 10:20:03'),
(1034, 8, '2026-02-24 11:33:00', 'general', 'Health checkup', 'General consultation visit', 1, '2026-03-18 10:20:03'),
(1035, 48, '2026-02-24 08:38:00', 'general', 'Fever and cough', 'General consultation visit', 3, '2026-03-18 10:20:03'),
(1036, 32, '2026-02-24 15:36:00', 'general', 'Diabetes checkup', 'General consultation visit', 3, '2026-03-18 10:20:03'),
(1037, 29, '2026-02-24 14:09:00', 'general', 'Wound care', 'General consultation visit', 1, '2026-03-18 10:20:03'),
(1038, 37, '2026-02-24 11:20:00', 'general', 'Blood pressure check', 'General consultation visit', 2, '2026-03-18 10:20:03'),
(1039, 30, '2026-02-24 09:41:00', 'general', 'Blood pressure check', 'General consultation visit', 1, '2026-03-18 10:20:03'),
(1040, 41, '2026-02-24 15:13:00', 'general', 'General consultation', 'General consultation visit', 3, '2026-03-18 10:20:03'),
(1041, 39, '2026-02-24 16:05:00', 'general', 'Fever and cough', 'General consultation visit', 2, '2026-03-18 10:20:03'),
(1042, 38, '2026-02-24 13:02:00', 'general', 'Wound care', 'General consultation visit', 1, '2026-03-18 10:20:03'),
(1043, 36, '2026-02-25 16:44:00', 'general', 'Follow-up visit', 'General consultation visit', 3, '2026-03-18 10:20:03'),
(1044, 39, '2026-02-25 12:53:00', 'general', 'Diabetes checkup', 'General consultation visit', 2, '2026-03-18 10:20:03'),
(1045, 42, '2026-02-25 14:06:00', 'general', 'Health certificate', 'General consultation visit', 1, '2026-03-18 10:20:03'),
(1046, 51, '2026-02-25 10:55:00', 'general', 'Wound care', 'General consultation visit', 2, '2026-03-18 10:20:03'),
(1047, 19, '2026-02-25 16:00:00', 'general', 'Health certificate', 'General consultation visit', 1, '2026-03-18 10:20:03'),
(1048, 22, '2026-02-25 08:22:00', 'general', 'Health checkup', 'General consultation visit', 2, '2026-03-18 10:20:03'),
(1049, 25, '2026-02-25 15:48:00', 'general', 'General consultation', 'General consultation visit', 2, '2026-03-18 10:20:03'),
(1050, 36, '2026-02-25 10:08:00', 'general', 'Health checkup', 'General consultation visit', 1, '2026-03-18 10:20:03'),
(1051, 42, '2026-02-25 12:59:00', 'general', 'Health certificate', 'General consultation visit', 3, '2026-03-18 10:20:03'),
(1052, 30, '2026-02-25 14:49:00', 'general', 'Blood pressure check', 'General consultation visit', 3, '2026-03-18 10:20:03'),
(1053, 46, '2026-02-26 15:06:00', 'general', 'Wound care', 'General consultation visit', 1, '2026-03-18 10:20:03'),
(1054, 7, '2026-02-26 11:25:00', 'general', 'Wound care', 'General consultation visit', 1, '2026-03-18 10:20:03'),
(1055, 23, '2026-02-26 16:59:00', 'general', 'Wound care', 'General consultation visit', 2, '2026-03-18 10:20:03'),
(1056, 33, '2026-02-26 10:46:00', 'general', 'Health checkup', 'General consultation visit', 2, '2026-03-18 10:20:03'),
(1057, 38, '2026-02-26 11:11:00', 'general', 'Fever and cough', 'General consultation visit', 1, '2026-03-18 10:20:03'),
(1058, 3, '2026-02-26 11:39:00', 'general', 'Health checkup', 'General consultation visit', 3, '2026-03-18 10:20:03'),
(1059, 49, '2026-02-26 15:39:00', 'general', 'Health certificate', 'General consultation visit', 1, '2026-03-18 10:20:03'),
(1060, 14, '2026-02-26 14:51:00', 'general', 'Wound care', 'General consultation visit', 1, '2026-03-18 10:20:03'),
(1061, 36, '2026-02-26 09:07:00', 'general', 'Health certificate', 'General consultation visit', 3, '2026-03-18 10:20:03'),
(1062, 44, '2026-02-26 16:18:00', 'general', 'Medication refill', 'General consultation visit', 2, '2026-03-18 10:20:03'),
(1063, 2, '2026-02-27 12:34:00', 'general', 'Health checkup', 'General consultation visit', 1, '2026-03-18 10:20:03'),
(1064, 8, '2026-02-27 15:34:00', 'general', 'Follow-up visit', 'General consultation visit', 2, '2026-03-18 10:20:03'),
(1065, 34, '2026-02-27 11:49:00', 'general', 'Blood pressure check', 'General consultation visit', 1, '2026-03-18 10:20:03'),
(1066, 43, '2026-02-27 15:00:00', 'general', 'Fever and cough', 'General consultation visit', 2, '2026-03-18 10:20:03'),
(1067, 41, '2026-02-27 10:28:00', 'general', 'General consultation', 'General consultation visit', 1, '2026-03-18 10:20:03'),
(1068, 30, '2026-02-27 13:49:00', 'general', 'Blood pressure check', 'General consultation visit', 1, '2026-03-18 10:20:03'),
(1069, 8, '2026-02-27 09:44:00', 'general', 'Fever and cough', 'General consultation visit', 2, '2026-03-18 10:20:03'),
(1070, 2, '2026-02-27 16:18:00', 'general', 'Follow-up visit', 'General consultation visit', 3, '2026-03-18 10:20:03'),
(1071, 29, '2026-02-27 08:46:00', 'general', 'Hypertension monitoring', 'General consultation visit', 3, '2026-03-18 10:20:03'),
(1072, 1, '2026-02-27 12:01:00', 'general', 'Hypertension monitoring', 'General consultation visit', 3, '2026-03-18 10:20:03'),
(1073, 13, '2026-02-27 12:22:00', 'general', 'Medication refill', 'General consultation visit', 3, '2026-03-18 10:20:03'),
(1074, 14, '2026-02-27 09:54:00', 'general', 'Follow-up visit', 'General consultation visit', 3, '2026-03-18 10:20:03'),
(1075, 38, '2026-02-27 09:32:00', 'general', 'Medication refill', 'General consultation visit', 1, '2026-03-18 10:20:03'),
(1076, 20, '2026-02-27 09:29:00', 'general', 'General consultation', 'General consultation visit', 2, '2026-03-18 10:20:03'),
(1077, 37, '2026-02-27 13:59:00', 'general', 'Blood pressure check', 'General consultation visit', 1, '2026-03-18 10:20:03'),
(1078, 51, '2026-02-27 10:16:00', 'general', 'Diabetes checkup', 'General consultation visit', 3, '2026-03-18 10:20:03'),
(1079, 7, '2026-02-27 12:06:00', 'general', 'Health checkup', 'General consultation visit', 2, '2026-03-18 10:20:03'),
(1080, 23, '2026-02-27 14:46:00', 'general', 'Medication refill', 'General consultation visit', 1, '2026-03-18 10:20:03'),
(1081, 39, '2026-02-27 10:35:00', 'general', 'Health certificate', 'General consultation visit', 3, '2026-03-18 10:20:03'),
(1082, 25, '2026-02-27 15:41:00', 'general', 'Wound care', 'General consultation visit', 1, '2026-03-18 10:20:03'),
(1083, 13, '2026-02-27 13:03:00', 'general', 'Medication refill', 'General consultation visit', 2, '2026-03-18 10:20:03'),
(1084, 15, '2026-02-27 08:32:00', 'general', 'Wound care', 'General consultation visit', 2, '2026-03-18 10:20:03'),
(1085, 38, '2026-02-27 16:44:00', 'general', 'Fever and cough', 'General consultation visit', 3, '2026-03-18 10:20:03'),
(1086, 42, '2026-02-27 09:40:00', 'general', 'Fever and cough', 'General consultation visit', 3, '2026-03-18 10:20:03'),
(1087, 33, '2026-02-28 16:26:00', 'general', 'Hypertension monitoring', 'General consultation visit', 1, '2026-03-18 10:20:03'),
(1088, 20, '2026-02-28 15:50:00', 'general', 'Hypertension monitoring', 'General consultation visit', 3, '2026-03-18 10:20:03'),
(1089, 10, '2026-02-28 11:46:00', 'general', 'Diabetes checkup', 'General consultation visit', 3, '2026-03-18 10:20:03'),
(1090, 45, '2026-02-28 08:30:00', 'general', 'Medication refill', 'General consultation visit', 2, '2026-03-18 10:20:03'),
(1091, 44, '2026-02-28 15:49:00', 'general', 'General consultation', 'General consultation visit', 1, '2026-03-18 10:20:03'),
(1092, 16, '2026-02-28 08:25:00', 'general', 'Health checkup', 'General consultation visit', 2, '2026-03-18 10:20:03'),
(1093, 38, '2026-02-28 09:27:00', 'general', 'General consultation', 'General consultation visit', 2, '2026-03-18 10:20:03'),
(1094, 5, '2026-02-28 11:26:00', 'general', 'Blood pressure check', 'General consultation visit', 1, '2026-03-18 10:20:03'),
(1095, 30, '2026-02-28 13:19:00', 'general', 'Medication refill', 'General consultation visit', 3, '2026-03-18 10:20:03'),
(1096, 24, '2026-02-28 13:06:00', 'general', 'Fever and cough', 'General consultation visit', 2, '2026-03-18 10:20:03'),
(1097, 32, '2026-02-28 12:40:00', 'general', 'Fever and cough', 'General consultation visit', 2, '2026-03-18 10:20:03'),
(1098, 44, '2026-02-28 11:47:00', 'general', 'Wound care', 'General consultation visit', 1, '2026-03-18 10:20:03'),
(1099, 3, '2026-02-28 09:16:00', 'general', 'Health checkup', 'General consultation visit', 2, '2026-03-18 10:20:03'),
(1100, 37, '2026-02-28 11:11:00', 'general', 'Diabetes checkup', 'General consultation visit', 3, '2026-03-18 10:20:03'),
(1101, 12, '2026-02-28 12:45:00', 'general', 'Blood pressure check', 'General consultation visit', 1, '2026-03-18 10:20:03'),
(1102, 41, '2026-02-28 14:11:00', 'general', 'General consultation', 'General consultation visit', 3, '2026-03-18 10:20:03'),
(1103, 5, '2026-02-28 14:44:00', 'general', 'Wound care', 'General consultation visit', 3, '2026-03-18 10:20:03'),
(1104, 45, '2026-03-01 13:57:00', 'general', 'Hypertension monitoring', 'General consultation visit', 3, '2026-03-18 10:20:03'),
(1105, 21, '2026-03-01 08:33:00', 'general', 'General consultation', 'General consultation visit', 3, '2026-03-18 10:20:03'),
(1106, 34, '2026-03-01 16:50:00', 'general', 'Blood pressure check', 'General consultation visit', 2, '2026-03-18 10:20:03'),
(1107, 33, '2026-03-01 11:19:00', 'general', 'Diabetes checkup', 'General consultation visit', 2, '2026-03-18 10:20:03'),
(1108, 16, '2026-03-01 16:09:00', 'general', 'Fever and cough', 'General consultation visit', 1, '2026-03-18 10:20:03'),
(1109, 35, '2026-03-01 13:35:00', 'general', 'Fever and cough', 'General consultation visit', 2, '2026-03-18 10:20:03'),
(1110, 22, '2026-03-01 12:30:00', 'general', 'Hypertension monitoring', 'General consultation visit', 2, '2026-03-18 10:20:03'),
(1111, 6, '2026-03-01 14:16:00', 'general', 'Hypertension monitoring', 'General consultation visit', 2, '2026-03-18 10:20:03'),
(1112, 51, '2026-03-01 14:17:00', 'general', 'Blood pressure check', 'General consultation visit', 2, '2026-03-18 10:20:03'),
(1113, 13, '2026-03-01 14:36:00', 'general', 'Follow-up visit', 'General consultation visit', 2, '2026-03-18 10:20:03'),
(1114, 29, '2026-03-01 11:30:00', 'general', 'Follow-up visit', 'General consultation visit', 1, '2026-03-18 10:20:03'),
(1115, 11, '2026-03-01 10:55:00', 'general', 'Blood pressure check', 'General consultation visit', 3, '2026-03-18 10:20:03'),
(1116, 34, '2026-03-01 15:40:00', 'general', 'General consultation', 'General consultation visit', 2, '2026-03-18 10:20:03'),
(1117, 49, '2026-03-01 08:49:00', 'general', 'Wound care', 'General consultation visit', 3, '2026-03-18 10:20:03'),
(1118, 5, '2026-03-01 08:45:00', 'general', 'Blood pressure check', 'General consultation visit', 1, '2026-03-18 10:20:03'),
(1119, 8, '2026-03-01 13:34:00', 'general', 'Fever and cough', 'General consultation visit', 3, '2026-03-18 10:20:03'),
(1120, 21, '2026-03-01 14:41:00', 'general', 'Hypertension monitoring', 'General consultation visit', 3, '2026-03-18 10:20:03'),
(1121, 39, '2026-03-02 09:12:00', 'general', 'Blood pressure check', 'General consultation visit', 1, '2026-03-18 10:20:03'),
(1122, 23, '2026-03-02 13:48:00', 'general', 'Fever and cough', 'General consultation visit', 2, '2026-03-18 10:20:03'),
(1123, 20, '2026-03-02 15:22:00', 'general', 'Health checkup', 'General consultation visit', 1, '2026-03-18 10:20:03'),
(1124, 29, '2026-03-02 16:09:00', 'general', 'Medication refill', 'General consultation visit', 3, '2026-03-18 10:20:03'),
(1125, 44, '2026-03-02 09:44:00', 'general', 'General consultation', 'General consultation visit', 3, '2026-03-18 10:20:03'),
(1126, 11, '2026-03-02 16:50:00', 'general', 'Diabetes checkup', 'General consultation visit', 3, '2026-03-18 10:20:03'),
(1127, 25, '2026-03-02 13:34:00', 'general', 'Health certificate', 'General consultation visit', 2, '2026-03-18 10:20:03'),
(1128, 36, '2026-03-02 09:09:00', 'general', 'Blood pressure check', 'General consultation visit', 2, '2026-03-18 10:20:03'),
(1129, 30, '2026-03-02 12:52:00', 'general', 'Medication refill', 'General consultation visit', 2, '2026-03-18 10:20:03'),
(1130, 36, '2026-03-02 14:46:00', 'general', 'Blood pressure check', 'General consultation visit', 2, '2026-03-18 10:20:03'),
(1131, 22, '2026-03-02 14:49:00', 'general', 'Follow-up visit', 'General consultation visit', 2, '2026-03-18 10:20:03'),
(1132, 31, '2026-03-02 11:52:00', 'general', 'Blood pressure check', 'General consultation visit', 1, '2026-03-18 10:20:03'),
(1133, 1, '2026-03-02 13:22:00', 'general', 'Health certificate', 'General consultation visit', 2, '2026-03-18 10:20:03'),
(1134, 42, '2026-03-02 12:36:00', 'general', 'Hypertension monitoring', 'General consultation visit', 2, '2026-03-18 10:20:03'),
(1135, 38, '2026-03-02 08:27:00', 'general', 'Health checkup', 'General consultation visit', 1, '2026-03-18 10:20:03'),
(1136, 9, '2026-03-02 12:18:00', 'general', 'Medication refill', 'General consultation visit', 3, '2026-03-18 10:20:03'),
(1137, 26, '2026-03-02 14:00:00', 'general', 'Medication refill', 'General consultation visit', 3, '2026-03-18 10:20:03'),
(1138, 18, '2026-03-02 12:33:00', 'general', 'Hypertension monitoring', 'General consultation visit', 2, '2026-03-18 10:20:03'),
(1139, 5, '2026-03-03 11:27:00', 'general', 'General consultation', 'General consultation visit', 3, '2026-03-18 10:20:03'),
(1140, 2, '2026-03-03 11:18:00', 'general', 'Follow-up visit', 'General consultation visit', 3, '2026-03-18 10:20:03'),
(1141, 5, '2026-03-03 16:28:00', 'general', 'Fever and cough', 'General consultation visit', 3, '2026-03-18 10:20:03'),
(1142, 22, '2026-03-03 08:26:00', 'general', 'Fever and cough', 'General consultation visit', 2, '2026-03-18 10:20:03'),
(1143, 42, '2026-03-03 10:37:00', 'general', 'General consultation', 'General consultation visit', 1, '2026-03-18 10:20:03'),
(1144, 31, '2026-03-03 15:40:00', 'general', 'Blood pressure check', 'General consultation visit', 3, '2026-03-18 10:20:03'),
(1145, 28, '2026-03-03 12:19:00', 'general', 'Health checkup', 'General consultation visit', 2, '2026-03-18 10:20:03'),
(1146, 27, '2026-03-03 09:48:00', 'general', 'General consultation', 'General consultation visit', 1, '2026-03-18 10:20:03'),
(1147, 36, '2026-03-03 10:35:00', 'general', 'Diabetes checkup', 'General consultation visit', 2, '2026-03-18 10:20:03'),
(1148, 4, '2026-03-03 08:28:00', 'general', 'Fever and cough', 'General consultation visit', 1, '2026-03-18 10:20:03'),
(1149, 24, '2026-03-03 14:33:00', 'general', 'Health certificate', 'General consultation visit', 1, '2026-03-18 10:20:03'),
(1150, 28, '2026-03-03 14:22:00', 'general', 'Fever and cough', 'General consultation visit', 3, '2026-03-18 10:20:03'),
(1151, 36, '2026-03-03 08:26:00', 'general', 'Hypertension monitoring', 'General consultation visit', 2, '2026-03-18 10:20:03'),
(1152, 9, '2026-03-03 11:27:00', 'general', 'Fever and cough', 'General consultation visit', 2, '2026-03-18 10:20:03'),
(1153, 16, '2026-03-03 13:47:00', 'general', 'Health checkup', 'General consultation visit', 2, '2026-03-18 10:20:03'),
(1154, 14, '2026-03-03 09:55:00', 'general', 'Diabetes checkup', 'General consultation visit', 2, '2026-03-18 10:20:03'),
(1155, 11, '2026-03-03 15:06:00', 'general', 'General consultation', 'General consultation visit', 2, '2026-03-18 10:20:03'),
(1156, 24, '2026-03-03 09:49:00', 'general', 'Fever and cough', 'General consultation visit', 1, '2026-03-18 10:20:03'),
(1157, 46, '2026-03-03 16:23:00', 'general', 'General consultation', 'General consultation visit', 1, '2026-03-18 10:20:03'),
(1158, 18, '2026-03-03 13:34:00', 'general', 'General consultation', 'General consultation visit', 1, '2026-03-18 10:20:03'),
(1159, 37, '2026-03-04 16:15:00', 'general', 'Wound care', 'General consultation visit', 2, '2026-03-18 10:20:03'),
(1160, 35, '2026-03-04 08:51:00', 'general', 'Fever and cough', 'General consultation visit', 3, '2026-03-18 10:20:03'),
(1161, 44, '2026-03-04 14:55:00', 'general', 'Health checkup', 'General consultation visit', 3, '2026-03-18 10:20:03'),
(1162, 29, '2026-03-04 12:24:00', 'general', 'Medication refill', 'General consultation visit', 1, '2026-03-18 10:20:03'),
(1163, 27, '2026-03-04 13:14:00', 'general', 'Diabetes checkup', 'General consultation visit', 1, '2026-03-18 10:20:03'),
(1164, 7, '2026-03-04 14:34:00', 'general', 'Wound care', 'General consultation visit', 3, '2026-03-18 10:20:03'),
(1165, 37, '2026-03-05 08:48:00', 'general', 'Follow-up visit', 'General consultation visit', 3, '2026-03-18 10:20:03'),
(1166, 17, '2026-03-05 16:39:00', 'general', 'Health certificate', 'General consultation visit', 2, '2026-03-18 10:20:03'),
(1167, 31, '2026-03-05 10:37:00', 'general', 'Health certificate', 'General consultation visit', 3, '2026-03-18 10:20:03'),
(1168, 21, '2026-03-05 14:45:00', 'general', 'Health certificate', 'General consultation visit', 2, '2026-03-18 10:20:03'),
(1169, 40, '2026-03-05 16:05:00', 'general', 'Diabetes checkup', 'General consultation visit', 1, '2026-03-18 10:20:03'),
(1170, 25, '2026-03-05 10:45:00', 'general', 'Health checkup', 'General consultation visit', 2, '2026-03-18 10:20:03'),
(1171, 20, '2026-03-05 13:38:00', 'general', 'Diabetes checkup', 'General consultation visit', 2, '2026-03-18 10:20:03'),
(1172, 42, '2026-03-05 15:59:00', 'general', 'Hypertension monitoring', 'General consultation visit', 1, '2026-03-18 10:20:03'),
(1173, 48, '2026-03-05 11:45:00', 'general', 'Health checkup', 'General consultation visit', 1, '2026-03-18 10:20:03'),
(1174, 23, '2026-03-06 08:57:00', 'general', 'Medication refill', 'General consultation visit', 2, '2026-03-18 10:20:03'),
(1175, 29, '2026-03-06 11:49:00', 'general', 'Diabetes checkup', 'General consultation visit', 2, '2026-03-18 10:20:03'),
(1176, 34, '2026-03-06 09:44:00', 'general', 'Hypertension monitoring', 'General consultation visit', 1, '2026-03-18 10:20:03'),
(1177, 38, '2026-03-06 15:56:00', 'general', 'Diabetes checkup', 'General consultation visit', 2, '2026-03-18 10:20:03'),
(1178, 31, '2026-03-06 08:24:00', 'general', 'Fever and cough', 'General consultation visit', 2, '2026-03-18 10:20:03'),
(1179, 36, '2026-03-06 08:46:00', 'general', 'Medication refill', 'General consultation visit', 2, '2026-03-18 10:20:03'),
(1180, 45, '2026-03-06 16:22:00', 'general', 'Hypertension monitoring', 'General consultation visit', 2, '2026-03-18 10:20:03'),
(1181, 9, '2026-03-06 11:03:00', 'general', 'Blood pressure check', 'General consultation visit', 1, '2026-03-18 10:20:03'),
(1182, 16, '2026-03-06 12:24:00', 'general', 'Wound care', 'General consultation visit', 2, '2026-03-18 10:20:03'),
(1183, 32, '2026-03-06 13:28:00', 'general', 'Hypertension monitoring', 'General consultation visit', 1, '2026-03-18 10:20:03'),
(1184, 21, '2026-03-06 10:31:00', 'general', 'Medication refill', 'General consultation visit', 2, '2026-03-18 10:20:03'),
(1185, 12, '2026-03-06 15:59:00', 'general', 'Follow-up visit', 'General consultation visit', 2, '2026-03-18 10:20:03'),
(1186, 40, '2026-03-06 13:55:00', 'general', 'Follow-up visit', 'General consultation visit', 3, '2026-03-18 10:20:03'),
(1187, 38, '2026-03-06 16:13:00', 'general', 'Medication refill', 'General consultation visit', 2, '2026-03-18 10:20:03'),
(1188, 48, '2026-03-06 16:10:00', 'general', 'Medication refill', 'General consultation visit', 1, '2026-03-18 10:20:03'),
(1189, 47, '2026-03-06 16:27:00', 'general', 'Health certificate', 'General consultation visit', 1, '2026-03-18 10:20:03'),
(1190, 9, '2026-03-06 12:46:00', 'general', 'Fever and cough', 'General consultation visit', 1, '2026-03-18 10:20:03'),
(1191, 45, '2026-03-06 16:07:00', 'general', 'General consultation', 'General consultation visit', 3, '2026-03-18 10:20:03'),
(1192, 18, '2026-03-06 16:01:00', 'general', 'Hypertension monitoring', 'General consultation visit', 1, '2026-03-18 10:20:03'),
(1193, 40, '2026-03-07 16:05:00', 'general', 'Hypertension monitoring', 'General consultation visit', 3, '2026-03-18 10:20:03'),
(1194, 1, '2026-03-07 15:46:00', 'general', 'Diabetes checkup', 'General consultation visit', 3, '2026-03-18 10:20:03'),
(1195, 18, '2026-03-07 12:11:00', 'general', 'Blood pressure check', 'General consultation visit', 3, '2026-03-18 10:20:03'),
(1196, 22, '2026-03-07 16:00:00', 'general', 'General consultation', 'General consultation visit', 1, '2026-03-18 10:20:03'),
(1197, 34, '2026-03-07 10:56:00', 'general', 'Diabetes checkup', 'General consultation visit', 2, '2026-03-18 10:20:03'),
(1198, 32, '2026-03-07 14:58:00', 'general', 'Follow-up visit', 'General consultation visit', 1, '2026-03-18 10:20:03'),
(1199, 10, '2026-03-07 14:02:00', 'general', 'Hypertension monitoring', 'General consultation visit', 3, '2026-03-18 10:20:03'),
(1200, 7, '2026-03-07 13:49:00', 'general', 'Wound care', 'General consultation visit', 3, '2026-03-18 10:20:03'),
(1201, 9, '2026-03-07 10:14:00', 'general', 'Wound care', 'General consultation visit', 2, '2026-03-18 10:20:03'),
(1202, 12, '2026-03-07 16:05:00', 'general', 'Wound care', 'General consultation visit', 1, '2026-03-18 10:20:03'),
(1203, 45, '2026-03-07 09:31:00', 'general', 'Fever and cough', 'General consultation visit', 3, '2026-03-18 10:20:03'),
(1204, 39, '2026-03-07 10:54:00', 'general', 'Medication refill', 'General consultation visit', 1, '2026-03-18 10:20:03'),
(1205, 23, '2026-03-07 16:02:00', 'general', 'Fever and cough', 'General consultation visit', 2, '2026-03-18 10:20:03'),
(1206, 34, '2026-03-07 09:35:00', 'general', 'Hypertension monitoring', 'General consultation visit', 2, '2026-03-18 10:20:03'),
(1207, 12, '2026-03-08 13:22:00', 'general', 'Health checkup', 'General consultation visit', 2, '2026-03-18 10:20:03'),
(1208, 37, '2026-03-08 14:41:00', 'general', 'Hypertension monitoring', 'General consultation visit', 1, '2026-03-18 10:20:03'),
(1209, 43, '2026-03-08 11:07:00', 'general', 'Wound care', 'General consultation visit', 3, '2026-03-18 10:20:03'),
(1210, 40, '2026-03-08 09:02:00', 'general', 'Health checkup', 'General consultation visit', 2, '2026-03-18 10:20:03'),
(1211, 6, '2026-03-08 14:58:00', 'general', 'Diabetes checkup', 'General consultation visit', 2, '2026-03-18 10:20:03'),
(1212, 40, '2026-03-08 09:36:00', 'general', 'General consultation', 'General consultation visit', 2, '2026-03-18 10:20:03'),
(1213, 3, '2026-03-08 08:00:00', 'general', 'Medication refill', 'General consultation visit', 1, '2026-03-18 10:20:03'),
(1214, 51, '2026-03-08 08:56:00', 'general', 'Fever and cough', 'General consultation visit', 2, '2026-03-18 10:20:03'),
(1215, 18, '2026-03-08 16:53:00', 'general', 'Health checkup', 'General consultation visit', 1, '2026-03-18 10:20:03'),
(1216, 45, '2026-03-08 11:06:00', 'general', 'General consultation', 'General consultation visit', 1, '2026-03-18 10:20:03'),
(1217, 19, '2026-03-09 14:44:00', 'general', 'Diabetes checkup', 'General consultation visit', 1, '2026-03-18 10:20:03'),
(1218, 49, '2026-03-09 10:27:00', 'general', 'Wound care', 'General consultation visit', 3, '2026-03-18 10:20:03'),
(1219, 40, '2026-03-09 09:54:00', 'general', 'Medication refill', 'General consultation visit', 3, '2026-03-18 10:20:03'),
(1220, 29, '2026-03-09 11:54:00', 'general', 'Follow-up visit', 'General consultation visit', 2, '2026-03-18 10:20:03'),
(1221, 37, '2026-03-09 10:37:00', 'general', 'Hypertension monitoring', 'General consultation visit', 3, '2026-03-18 10:20:03'),
(1222, 18, '2026-03-09 08:35:00', 'general', 'Follow-up visit', 'General consultation visit', 2, '2026-03-18 10:20:03'),
(1223, 51, '2026-03-09 13:17:00', 'general', 'Wound care', 'General consultation visit', 1, '2026-03-18 10:20:03'),
(1224, 45, '2026-03-09 16:23:00', 'general', 'Diabetes checkup', 'General consultation visit', 2, '2026-03-18 10:20:03'),
(1225, 43, '2026-03-09 11:38:00', 'general', 'Medication refill', 'General consultation visit', 1, '2026-03-18 10:20:03'),
(1226, 46, '2026-03-09 13:45:00', 'general', 'Blood pressure check', 'General consultation visit', 2, '2026-03-18 10:20:03'),
(1227, 3, '2026-03-09 08:36:00', 'general', 'Follow-up visit', 'General consultation visit', 2, '2026-03-18 10:20:03'),
(1228, 20, '2026-03-09 15:21:00', 'general', 'Health checkup', 'General consultation visit', 2, '2026-03-18 10:20:03'),
(1229, 8, '2026-03-09 14:06:00', 'general', 'Wound care', 'General consultation visit', 3, '2026-03-18 10:20:03'),
(1230, 31, '2026-03-09 10:13:00', 'general', 'Blood pressure check', 'General consultation visit', 1, '2026-03-18 10:20:03'),
(1231, 47, '2026-03-09 14:49:00', 'general', 'General consultation', 'General consultation visit', 2, '2026-03-18 10:20:03'),
(1232, 35, '2026-03-09 12:10:00', 'general', 'Health checkup', 'General consultation visit', 3, '2026-03-18 10:20:03'),
(1233, 7, '2026-03-09 12:00:00', 'general', 'Fever and cough', 'General consultation visit', 2, '2026-03-18 10:20:03'),
(1234, 51, '2026-03-10 09:59:00', 'general', 'Health checkup', 'General consultation visit', 1, '2026-03-18 10:20:03'),
(1235, 22, '2026-03-10 09:34:00', 'general', 'Health checkup', 'General consultation visit', 3, '2026-03-18 10:20:03'),
(1236, 12, '2026-03-10 15:20:00', 'general', 'Hypertension monitoring', 'General consultation visit', 1, '2026-03-18 10:20:03'),
(1237, 38, '2026-03-10 09:51:00', 'general', 'Health certificate', 'General consultation visit', 1, '2026-03-18 10:20:03'),
(1238, 14, '2026-03-10 12:13:00', 'general', 'Diabetes checkup', 'General consultation visit', 3, '2026-03-18 10:20:03'),
(1239, 41, '2026-03-11 14:23:00', 'general', 'Medication refill', 'General consultation visit', 3, '2026-03-18 10:20:03'),
(1240, 24, '2026-03-11 14:42:00', 'general', 'Fever and cough', 'General consultation visit', 3, '2026-03-18 10:20:03'),
(1241, 11, '2026-03-11 14:01:00', 'general', 'Hypertension monitoring', 'General consultation visit', 1, '2026-03-18 10:20:03'),
(1242, 31, '2026-03-11 08:40:00', 'general', 'General consultation', 'General consultation visit', 1, '2026-03-18 10:20:03'),
(1243, 48, '2026-03-11 10:37:00', 'general', 'Follow-up visit', 'General consultation visit', 2, '2026-03-18 10:20:03'),
(1244, 11, '2026-03-11 16:14:00', 'general', 'General consultation', 'General consultation visit', 2, '2026-03-18 10:20:03'),
(1245, 27, '2026-03-11 12:30:00', 'general', 'Diabetes checkup', 'General consultation visit', 1, '2026-03-18 10:20:03'),
(1246, 32, '2026-03-11 09:11:00', 'general', 'Health certificate', 'General consultation visit', 1, '2026-03-18 10:20:03'),
(1247, 23, '2026-03-11 11:26:00', 'general', 'Health certificate', 'General consultation visit', 1, '2026-03-18 10:20:03'),
(1248, 48, '2026-03-11 08:54:00', 'general', 'Hypertension monitoring', 'General consultation visit', 3, '2026-03-18 10:20:03'),
(1249, 39, '2026-03-11 12:34:00', 'general', 'Diabetes checkup', 'General consultation visit', 3, '2026-03-18 10:20:03'),
(1250, 41, '2026-03-11 16:31:00', 'general', 'Follow-up visit', 'General consultation visit', 3, '2026-03-18 10:20:03');
INSERT INTO `visits` (`id`, `patient_id`, `visit_datetime`, `visit_type`, `reason`, `notes`, `recorded_by`, `created_at`) VALUES
(1251, 32, '2026-03-11 15:07:00', 'general', 'Blood pressure check', 'General consultation visit', 2, '2026-03-18 10:20:03'),
(1252, 25, '2026-03-11 14:54:00', 'general', 'General consultation', 'General consultation visit', 1, '2026-03-18 10:20:03'),
(1253, 33, '2026-03-11 15:06:00', 'general', 'Hypertension monitoring', 'General consultation visit', 1, '2026-03-18 10:20:03'),
(1254, 43, '2026-03-11 12:44:00', 'general', 'Medication refill', 'General consultation visit', 3, '2026-03-18 10:20:03'),
(1255, 17, '2026-03-11 12:13:00', 'general', 'Health checkup', 'General consultation visit', 3, '2026-03-18 10:20:03'),
(1256, 34, '2026-03-11 11:33:00', 'general', 'Health checkup', 'General consultation visit', 2, '2026-03-18 10:20:03'),
(1257, 10, '2026-03-11 10:21:00', 'general', 'Blood pressure check', 'General consultation visit', 2, '2026-03-18 10:20:03'),
(1258, 30, '2026-03-11 09:18:00', 'general', 'Fever and cough', 'General consultation visit', 1, '2026-03-18 10:20:03'),
(1259, 22, '2026-03-11 15:45:00', 'general', 'Medication refill', 'General consultation visit', 2, '2026-03-18 10:20:03'),
(1260, 38, '2026-03-11 11:16:00', 'general', 'Medication refill', 'General consultation visit', 1, '2026-03-18 10:20:03'),
(1261, 6, '2026-03-12 13:56:00', 'general', 'Health checkup', 'General consultation visit', 1, '2026-03-18 10:20:03'),
(1262, 19, '2026-03-12 12:09:00', 'general', 'Hypertension monitoring', 'General consultation visit', 2, '2026-03-18 10:20:03'),
(1263, 14, '2026-03-12 09:32:00', 'general', 'General consultation', 'General consultation visit', 2, '2026-03-18 10:20:03'),
(1264, 13, '2026-03-12 08:03:00', 'general', 'Fever and cough', 'General consultation visit', 2, '2026-03-18 10:20:03'),
(1265, 4, '2026-03-12 08:16:00', 'general', 'Health checkup', 'General consultation visit', 2, '2026-03-18 10:20:03'),
(1266, 35, '2026-03-12 11:33:00', 'general', 'Health checkup', 'General consultation visit', 2, '2026-03-18 10:20:03'),
(1267, 4, '2026-03-12 09:31:00', 'general', 'Diabetes checkup', 'General consultation visit', 2, '2026-03-18 10:20:03'),
(1268, 42, '2026-03-12 12:37:00', 'general', 'Diabetes checkup', 'General consultation visit', 2, '2026-03-18 10:20:03'),
(1269, 3, '2026-03-12 09:59:00', 'general', 'Hypertension monitoring', 'General consultation visit', 2, '2026-03-18 10:20:03'),
(1270, 42, '2026-03-13 12:24:00', 'general', 'Diabetes checkup', 'General consultation visit', 1, '2026-03-18 10:20:03'),
(1271, 32, '2026-03-13 10:54:00', 'general', 'Medication refill', 'General consultation visit', 2, '2026-03-18 10:20:03'),
(1272, 26, '2026-03-13 09:10:00', 'general', 'Medication refill', 'General consultation visit', 2, '2026-03-18 10:20:03'),
(1273, 18, '2026-03-13 14:20:00', 'general', 'Health checkup', 'General consultation visit', 3, '2026-03-18 10:20:03'),
(1274, 3, '2026-03-13 11:03:00', 'general', 'Wound care', 'General consultation visit', 1, '2026-03-18 10:20:03'),
(1275, 1, '2026-03-13 14:42:00', 'general', 'Blood pressure check', 'General consultation visit', 3, '2026-03-18 10:20:03'),
(1276, 30, '2026-03-13 12:16:00', 'general', 'General consultation', 'General consultation visit', 1, '2026-03-18 10:20:03'),
(1277, 15, '2026-03-13 12:22:00', 'general', 'Diabetes checkup', 'General consultation visit', 3, '2026-03-18 10:20:03'),
(1278, 15, '2026-03-13 09:13:00', 'general', 'General consultation', 'General consultation visit', 2, '2026-03-18 10:20:03'),
(1279, 41, '2026-03-13 11:52:00', 'general', 'Fever and cough', 'General consultation visit', 2, '2026-03-18 10:20:03'),
(1280, 7, '2026-03-13 15:21:00', 'general', 'Blood pressure check', 'General consultation visit', 1, '2026-03-18 10:20:03'),
(1281, 26, '2026-03-13 09:53:00', 'general', 'Health checkup', 'General consultation visit', 2, '2026-03-18 10:20:03'),
(1282, 35, '2026-03-13 14:08:00', 'general', 'Follow-up visit', 'General consultation visit', 3, '2026-03-18 10:20:03'),
(1283, 25, '2026-03-13 15:32:00', 'general', 'General consultation', 'General consultation visit', 2, '2026-03-18 10:20:03'),
(1284, 27, '2026-03-13 14:08:00', 'general', 'Blood pressure check', 'General consultation visit', 1, '2026-03-18 10:20:03'),
(1285, 48, '2026-03-13 16:10:00', 'general', 'Medication refill', 'General consultation visit', 2, '2026-03-18 10:20:03'),
(1286, 12, '2026-03-13 11:39:00', 'general', 'Wound care', 'General consultation visit', 2, '2026-03-18 10:20:03'),
(1287, 4, '2026-03-13 09:20:00', 'general', 'General consultation', 'General consultation visit', 3, '2026-03-18 10:20:03'),
(1288, 30, '2026-03-13 11:31:00', 'general', 'Hypertension monitoring', 'General consultation visit', 3, '2026-03-18 10:20:03'),
(1289, 7, '2026-03-13 09:56:00', 'general', 'General consultation', 'General consultation visit', 3, '2026-03-18 10:20:03'),
(1290, 9, '2026-03-13 15:58:00', 'general', 'Fever and cough', 'General consultation visit', 2, '2026-03-18 10:20:03'),
(1291, 20, '2026-03-13 13:15:00', 'general', 'Hypertension monitoring', 'General consultation visit', 3, '2026-03-18 10:20:03'),
(1292, 45, '2026-03-13 16:40:00', 'general', 'Blood pressure check', 'General consultation visit', 1, '2026-03-18 10:20:03'),
(1293, 3, '2026-03-13 12:33:00', 'general', 'Diabetes checkup', 'General consultation visit', 2, '2026-03-18 10:20:03'),
(1294, 21, '2026-03-13 08:11:00', 'general', 'Wound care', 'General consultation visit', 3, '2026-03-18 10:20:03'),
(1295, 18, '2026-03-14 11:51:00', 'general', 'Follow-up visit', 'General consultation visit', 2, '2026-03-18 10:20:03'),
(1296, 20, '2026-03-14 09:03:00', 'general', 'Fever and cough', 'General consultation visit', 3, '2026-03-18 10:20:03'),
(1297, 51, '2026-03-14 13:38:00', 'general', 'Health checkup', 'General consultation visit', 2, '2026-03-18 10:20:03'),
(1298, 29, '2026-03-14 11:16:00', 'general', 'Health certificate', 'General consultation visit', 1, '2026-03-18 10:20:03'),
(1299, 3, '2026-03-14 11:21:00', 'general', 'Health certificate', 'General consultation visit', 2, '2026-03-18 10:20:03'),
(1300, 14, '2026-03-14 10:35:00', 'general', 'Health certificate', 'General consultation visit', 3, '2026-03-18 10:20:03'),
(1301, 34, '2026-03-14 16:11:00', 'general', 'General consultation', 'General consultation visit', 3, '2026-03-18 10:20:03'),
(1302, 17, '2026-03-15 12:20:00', 'general', 'Fever and cough', 'General consultation visit', 1, '2026-03-18 10:20:03'),
(1303, 34, '2026-03-15 08:52:00', 'general', 'Diabetes checkup', 'General consultation visit', 2, '2026-03-18 10:20:03'),
(1304, 6, '2026-03-15 10:10:00', 'general', 'Health checkup', 'General consultation visit', 3, '2026-03-18 10:20:03'),
(1305, 20, '2026-03-15 13:40:00', 'general', 'Hypertension monitoring', 'General consultation visit', 1, '2026-03-18 10:20:03'),
(1306, 20, '2026-03-15 15:06:00', 'general', 'General consultation', 'General consultation visit', 1, '2026-03-18 10:20:03'),
(1307, 32, '2026-03-15 08:40:00', 'general', 'Fever and cough', 'General consultation visit', 2, '2026-03-18 10:20:03'),
(1308, 26, '2026-03-15 09:26:00', 'general', 'Medication refill', 'General consultation visit', 2, '2026-03-18 10:20:03'),
(1309, 12, '2026-03-15 15:52:00', 'general', 'Medication refill', 'General consultation visit', 1, '2026-03-18 10:20:03'),
(1310, 17, '2026-03-15 12:46:00', 'general', 'Health checkup', 'General consultation visit', 3, '2026-03-18 10:20:03'),
(1311, 3, '2026-03-15 13:43:00', 'general', 'Health certificate', 'General consultation visit', 2, '2026-03-18 10:20:03'),
(1312, 1, '2026-03-15 16:40:00', 'general', 'Follow-up visit', 'General consultation visit', 2, '2026-03-18 10:20:03'),
(1313, 1, '2026-03-15 10:00:00', 'general', 'Follow-up visit', 'General consultation visit', 2, '2026-03-18 10:20:04'),
(1314, 5, '2026-03-15 08:29:00', 'general', 'Fever and cough', 'General consultation visit', 3, '2026-03-18 10:20:04'),
(1315, 8, '2026-03-15 13:22:00', 'general', 'Hypertension monitoring', 'General consultation visit', 1, '2026-03-18 10:20:04'),
(1316, 30, '2026-03-15 14:53:00', 'general', 'Hypertension monitoring', 'General consultation visit', 1, '2026-03-18 10:20:04'),
(1317, 35, '2026-03-15 16:47:00', 'general', 'Wound care', 'General consultation visit', 3, '2026-03-18 10:20:04'),
(1318, 37, '2026-03-16 10:51:00', 'general', 'Wound care', 'General consultation visit', 1, '2026-03-18 10:20:04'),
(1319, 42, '2026-03-16 11:54:00', 'general', 'Health checkup', 'General consultation visit', 3, '2026-03-18 10:20:04'),
(1320, 1, '2026-03-16 10:24:00', 'general', 'General consultation', 'General consultation visit', 2, '2026-03-18 10:20:04'),
(1321, 45, '2026-03-16 16:58:00', 'general', 'Medication refill', 'General consultation visit', 3, '2026-03-18 10:20:04'),
(1322, 29, '2026-03-16 09:42:00', 'general', 'Hypertension monitoring', 'General consultation visit', 3, '2026-03-18 10:20:04'),
(1323, 16, '2026-03-16 11:23:00', 'general', 'General consultation', 'General consultation visit', 3, '2026-03-18 10:20:04'),
(1324, 2, '2026-03-16 16:51:00', 'general', 'Fever and cough', 'General consultation visit', 3, '2026-03-18 10:20:04'),
(1325, 8, '2026-03-16 15:37:00', 'general', 'Diabetes checkup', 'General consultation visit', 3, '2026-03-18 10:20:04'),
(1326, 47, '2026-03-16 11:35:00', 'general', 'Wound care', 'General consultation visit', 2, '2026-03-18 10:20:04'),
(1327, 8, '2026-03-16 13:55:00', 'general', 'Health checkup', 'General consultation visit', 1, '2026-03-18 10:20:04'),
(1328, 16, '2026-03-16 11:16:00', 'general', 'Wound care', 'General consultation visit', 3, '2026-03-18 10:20:04'),
(1329, 36, '2026-03-16 10:21:00', 'general', 'Medication refill', 'General consultation visit', 3, '2026-03-18 10:20:04'),
(1330, 5, '2026-03-16 08:48:00', 'general', 'Hypertension monitoring', 'General consultation visit', 3, '2026-03-18 10:20:04'),
(1331, 36, '2026-03-16 12:51:00', 'general', 'General consultation', 'General consultation visit', 2, '2026-03-18 10:20:04'),
(1332, 41, '2026-03-16 14:54:00', 'general', 'Follow-up visit', 'General consultation visit', 3, '2026-03-18 10:20:04'),
(1333, 26, '2026-03-16 13:56:00', 'general', 'Follow-up visit', 'General consultation visit', 2, '2026-03-18 10:20:04'),
(1334, 51, '2026-03-17 13:10:00', 'general', 'Blood pressure check', 'General consultation visit', 3, '2026-03-18 10:20:04'),
(1335, 40, '2026-03-17 14:04:00', 'general', 'Hypertension monitoring', 'General consultation visit', 1, '2026-03-18 10:20:04'),
(1336, 38, '2026-03-17 14:54:00', 'general', 'Follow-up visit', 'General consultation visit', 2, '2026-03-18 10:20:04'),
(1337, 36, '2026-03-17 15:33:00', 'general', 'Diabetes checkup', 'General consultation visit', 3, '2026-03-18 10:20:04'),
(1338, 7, '2026-03-17 10:35:00', 'general', 'Blood pressure check', 'General consultation visit', 1, '2026-03-18 10:20:04'),
(1339, 73, '2025-11-17 00:00:00', 'immunization', 'BCG dose 1', 'Immunization visit', 1, '2026-03-18 10:20:04'),
(1340, 73, '2025-11-16 00:00:00', 'immunization', 'Hepatitis B dose 1', 'Immunization visit', 1, '2026-03-18 10:20:04'),
(1341, 73, '2026-01-16 00:00:00', 'immunization', 'Pentavalent dose 1', 'Immunization visit', 2, '2026-03-18 10:20:04'),
(1342, 73, '2026-01-13 00:00:00', 'immunization', 'Oral Polio Vaccine dose 1', 'Immunization visit', 2, '2026-03-18 10:20:04'),
(1343, 97, '2025-08-27 00:00:00', 'immunization', 'Measles, Mumps, Rubella dose 1', 'Immunization visit', 2, '2026-03-18 10:20:04'),
(1344, 97, '2025-10-17 00:00:00', 'immunization', 'Measles, Mumps, Rubella dose 2', 'Immunization visit', 2, '2026-03-18 10:20:04'),
(1345, 35, '2025-10-10 00:00:00', 'immunization', 'Measles, Mumps, Rubella dose 2', 'Immunization visit', 3, '2026-03-18 10:20:04'),
(1346, 40, '2025-04-20 00:00:00', 'immunization', 'Measles, Mumps, Rubella dose 1', 'Immunization visit', 2, '2026-03-18 10:20:04'),
(1347, 40, '2025-06-18 00:00:00', 'immunization', 'Measles, Mumps, Rubella dose 2', 'Immunization visit', 1, '2026-03-18 10:20:04'),
(1348, 67, '2024-11-26 00:00:00', 'maternal', 'Prenatal checkup - 4 weeks', 'Prenatal visit', 2, '2026-03-18 10:20:05'),
(1349, 67, '2024-12-24 00:00:00', 'maternal', 'Prenatal checkup - 8 weeks', 'Prenatal visit', 1, '2026-03-18 10:20:05'),
(1350, 67, '2025-01-21 00:00:00', 'maternal', 'Prenatal checkup - 12 weeks', 'Prenatal visit', 3, '2026-03-18 10:20:05'),
(1351, 67, '2025-02-18 00:00:00', 'maternal', 'Prenatal checkup - 16 weeks', 'Prenatal visit', 2, '2026-03-18 10:20:05'),
(1352, 67, '2025-03-18 00:00:00', 'maternal', 'Prenatal checkup - 20 weeks', 'Prenatal visit', 2, '2026-03-18 10:20:05'),
(1353, 67, '2025-04-15 00:00:00', 'maternal', 'Prenatal checkup - 24 weeks', 'Prenatal visit', 3, '2026-03-18 10:20:05'),
(1354, 67, '2025-05-13 00:00:00', 'maternal', 'Prenatal checkup - 28 weeks', 'Prenatal visit', 1, '2026-03-18 10:20:05'),
(1355, 67, '2025-06-10 00:00:00', 'maternal', 'Prenatal checkup - 32 weeks', 'Prenatal visit', 1, '2026-03-18 10:20:05'),
(1356, 67, '2025-09-16 00:00:00', 'maternal', 'Postnatal checkup - 42 days postpartum', 'Postnatal visit', 3, '2026-03-18 10:20:05'),
(1357, 67, '2025-11-03 00:00:00', 'maternal', 'Postnatal checkup - 90 days postpartum', 'Postnatal visit', 2, '2026-03-18 10:20:05'),
(1358, 46, '2025-12-12 00:00:00', 'maternal', 'Prenatal checkup - 4 weeks', 'Prenatal visit', 2, '2026-03-18 10:20:05'),
(1359, 46, '2026-01-09 00:00:00', 'maternal', 'Prenatal checkup - 8 weeks', 'Prenatal visit', 3, '2026-03-18 10:20:05'),
(1360, 46, '2026-02-06 00:00:00', 'maternal', 'Prenatal checkup - 12 weeks', 'Prenatal visit', 1, '2026-03-18 10:20:05'),
(1361, 46, '2026-03-06 00:00:00', 'maternal', 'Prenatal checkup - 16 weeks', 'Prenatal visit', 3, '2026-03-18 10:20:05'),
(1362, 57, '2025-07-12 00:00:00', 'maternal', 'Prenatal checkup - 4 weeks', 'Prenatal visit', 3, '2026-03-18 10:20:05'),
(1363, 57, '2025-08-09 00:00:00', 'maternal', 'Prenatal checkup - 8 weeks', 'Prenatal visit', 2, '2026-03-18 10:20:05'),
(1364, 57, '2025-09-06 00:00:00', 'maternal', 'Prenatal checkup - 12 weeks', 'Prenatal visit', 1, '2026-03-18 10:20:05'),
(1365, 57, '2025-10-04 00:00:00', 'maternal', 'Prenatal checkup - 16 weeks', 'Prenatal visit', 3, '2026-03-18 10:20:05'),
(1366, 57, '2025-11-01 00:00:00', 'maternal', 'Prenatal checkup - 20 weeks', 'Prenatal visit', 1, '2026-03-18 10:20:05'),
(1367, 57, '2025-11-29 00:00:00', 'maternal', 'Prenatal checkup - 24 weeks', 'Prenatal visit', 1, '2026-03-18 10:20:05'),
(1368, 57, '2025-12-27 00:00:00', 'maternal', 'Prenatal checkup - 28 weeks', 'Prenatal visit', 1, '2026-03-18 10:20:05'),
(1369, 57, '2026-01-24 00:00:00', 'maternal', 'Prenatal checkup - 32 weeks', 'Prenatal visit', 2, '2026-03-18 10:20:05'),
(1370, 7, '2025-02-02 00:00:00', 'maternal', 'Prenatal checkup - 4 weeks', 'Prenatal visit', 1, '2026-03-18 10:20:05'),
(1371, 7, '2025-03-02 00:00:00', 'maternal', 'Prenatal checkup - 8 weeks', 'Prenatal visit', 2, '2026-03-18 10:20:05'),
(1372, 7, '2025-03-30 00:00:00', 'maternal', 'Prenatal checkup - 12 weeks', 'Prenatal visit', 3, '2026-03-18 10:20:05'),
(1373, 7, '2025-04-27 00:00:00', 'maternal', 'Prenatal checkup - 16 weeks', 'Prenatal visit', 2, '2026-03-18 10:20:05'),
(1374, 7, '2025-05-25 00:00:00', 'maternal', 'Prenatal checkup - 20 weeks', 'Prenatal visit', 1, '2026-03-18 10:20:05'),
(1375, 7, '2025-06-22 00:00:00', 'maternal', 'Prenatal checkup - 24 weeks', 'Prenatal visit', 2, '2026-03-18 10:20:05'),
(1376, 7, '2025-07-20 00:00:00', 'maternal', 'Prenatal checkup - 28 weeks', 'Prenatal visit', 3, '2026-03-18 10:20:05'),
(1377, 7, '2025-08-17 00:00:00', 'maternal', 'Prenatal checkup - 32 weeks', 'Prenatal visit', 1, '2026-03-18 10:20:05'),
(1378, 7, '2025-09-14 00:00:00', 'maternal', 'Prenatal checkup - 36 weeks', 'Prenatal visit', 2, '2026-03-18 10:20:05'),
(1379, 7, '2025-11-23 00:00:00', 'maternal', 'Postnatal checkup - 42 days postpartum', 'Postnatal visit', 2, '2026-03-18 10:20:05'),
(1380, 15, '2025-12-08 00:00:00', 'maternal', 'Prenatal checkup - 4 weeks', 'Prenatal visit', 1, '2026-03-18 10:20:05'),
(1381, 15, '2026-01-05 00:00:00', 'maternal', 'Prenatal checkup - 8 weeks', 'Prenatal visit', 2, '2026-03-18 10:20:05'),
(1382, 83, '2025-04-01 00:00:00', 'maternal', 'Prenatal checkup - 4 weeks', 'Prenatal visit', 1, '2026-03-18 10:20:05'),
(1383, 83, '2025-04-29 00:00:00', 'maternal', 'Prenatal checkup - 8 weeks', 'Prenatal visit', 2, '2026-03-18 10:20:05'),
(1384, 83, '2025-05-27 00:00:00', 'maternal', 'Prenatal checkup - 12 weeks', 'Prenatal visit', 3, '2026-03-18 10:20:05'),
(1385, 83, '2025-06-24 00:00:00', 'maternal', 'Prenatal checkup - 16 weeks', 'Prenatal visit', 2, '2026-03-18 10:20:05'),
(1386, 83, '2025-07-22 00:00:00', 'maternal', 'Prenatal checkup - 20 weeks', 'Prenatal visit', 2, '2026-03-18 10:20:05'),
(1387, 83, '2025-08-19 00:00:00', 'maternal', 'Prenatal checkup - 24 weeks', 'Prenatal visit', 1, '2026-03-18 10:20:05'),
(1388, 83, '2025-09-16 00:00:00', 'maternal', 'Prenatal checkup - 28 weeks', 'Prenatal visit', 1, '2026-03-18 10:20:05'),
(1389, 83, '2025-10-14 00:00:00', 'maternal', 'Prenatal checkup - 32 weeks', 'Prenatal visit', 1, '2026-03-18 10:20:05'),
(1390, 83, '2025-11-11 00:00:00', 'maternal', 'Prenatal checkup - 36 weeks', 'Prenatal visit', 2, '2026-03-18 10:20:05'),
(1391, 83, '2026-01-20 00:00:00', 'maternal', 'Postnatal checkup - 42 days postpartum', 'Postnatal visit', 2, '2026-03-18 10:20:05'),
(1392, 83, '2026-03-09 00:00:00', 'maternal', 'Postnatal checkup - 90 days postpartum', 'Postnatal visit', 3, '2026-03-18 10:20:05'),
(1393, 95, '2025-03-05 00:00:00', 'maternal', 'Prenatal checkup - 4 weeks', 'Prenatal visit', 2, '2026-03-18 10:20:05'),
(1394, 95, '2025-04-02 00:00:00', 'maternal', 'Prenatal checkup - 8 weeks', 'Prenatal visit', 2, '2026-03-18 10:20:05'),
(1395, 95, '2025-04-30 00:00:00', 'maternal', 'Prenatal checkup - 12 weeks', 'Prenatal visit', 3, '2026-03-18 10:20:05'),
(1396, 95, '2025-05-28 00:00:00', 'maternal', 'Prenatal checkup - 16 weeks', 'Prenatal visit', 2, '2026-03-18 10:20:05'),
(1397, 95, '2025-06-25 00:00:00', 'maternal', 'Prenatal checkup - 20 weeks', 'Prenatal visit', 2, '2026-03-18 10:20:05'),
(1398, 95, '2025-07-23 00:00:00', 'maternal', 'Prenatal checkup - 24 weeks', 'Prenatal visit', 3, '2026-03-18 10:20:05'),
(1399, 95, '2025-08-20 00:00:00', 'maternal', 'Prenatal checkup - 28 weeks', 'Prenatal visit', 2, '2026-03-18 10:20:05'),
(1400, 95, '2025-09-17 00:00:00', 'maternal', 'Prenatal checkup - 32 weeks', 'Prenatal visit', 3, '2026-03-18 10:20:05'),
(1401, 95, '2025-10-15 00:00:00', 'maternal', 'Prenatal checkup - 36 weeks', 'Prenatal visit', 2, '2026-03-18 10:20:05'),
(1402, 95, '2025-11-19 00:00:00', 'maternal', 'Postnatal checkup - 7 days postpartum', 'Postnatal visit', 1, '2026-03-18 10:20:05'),
(1403, 95, '2025-12-24 00:00:00', 'maternal', 'Postnatal checkup - 42 days postpartum', 'Postnatal visit', 2, '2026-03-18 10:20:05'),
(1404, 95, '2026-02-10 00:00:00', 'maternal', 'Postnatal checkup - 90 days postpartum', 'Postnatal visit', 1, '2026-03-18 10:20:05'),
(1405, 18, '2025-11-09 00:00:00', 'maternal', 'Prenatal checkup - 4 weeks', 'Prenatal visit', 2, '2026-03-18 10:20:05'),
(1406, 18, '2025-12-07 00:00:00', 'maternal', 'Prenatal checkup - 8 weeks', 'Prenatal visit', 1, '2026-03-18 10:20:05'),
(1407, 18, '2026-01-04 00:00:00', 'maternal', 'Prenatal checkup - 12 weeks', 'Prenatal visit', 3, '2026-03-18 10:20:05'),
(1408, 18, '2026-02-01 00:00:00', 'maternal', 'Prenatal checkup - 16 weeks', 'Prenatal visit', 3, '2026-03-18 10:20:05');

--
-- Indexes for dumped tables
--

--
-- Indexes for table `analytics_daily`
--
ALTER TABLE `analytics_daily`
  ADD PRIMARY KEY (`id`),
  ADD UNIQUE KEY `uq_metric_date` (`metric_name`,`metric_date`),
  ADD KEY `idx_analytics_date` (`metric_date`),
  ADD KEY `idx_analytics_metric` (`metric_name`);

--
-- Indexes for table `households`
--
ALTER TABLE `households`
  ADD PRIMARY KEY (`id`),
  ADD UNIQUE KEY `household_code` (`household_code`);

--
-- Indexes for table `immunization_records`
--
ALTER TABLE `immunization_records`
  ADD PRIMARY KEY (`id`),
  ADD KEY `vaccine_id` (`vaccine_id`),
  ADD KEY `administered_by` (`administered_by`),
  ADD KEY `idx_immunization_date` (`administered_on`),
  ADD KEY `idx_immunization_patient` (`patient_id`);

--
-- Indexes for table `immunization_schedule`
--
ALTER TABLE `immunization_schedule`
  ADD PRIMARY KEY (`id`),
  ADD KEY `vaccine_id` (`vaccine_id`),
  ADD KEY `idx_schedule_date` (`scheduled_date`),
  ADD KEY `idx_schedule_patient` (`patient_id`),
  ADD KEY `idx_schedule_status` (`status`);

--
-- Indexes for table `medicines`
--
ALTER TABLE `medicines`
  ADD PRIMARY KEY (`id`),
  ADD KEY `idx_medicines_name` (`name`);

--
-- Indexes for table `medicine_batches`
--
ALTER TABLE `medicine_batches`
  ADD PRIMARY KEY (`id`),
  ADD UNIQUE KEY `uq_batch` (`medicine_id`,`batch_no`),
  ADD KEY `idx_batches_expiry` (`expiry_date`),
  ADD KEY `idx_batches_medicine` (`medicine_id`);

--
-- Indexes for table `medicine_transactions`
--
ALTER TABLE `medicine_transactions`
  ADD PRIMARY KEY (`id`),
  ADD KEY `batch_id` (`batch_id`),
  ADD KEY `recorded_by` (`recorded_by`),
  ADD KEY `idx_transactions_datetime` (`transaction_datetime`),
  ADD KEY `idx_transactions_medicine` (`medicine_id`),
  ADD KEY `idx_transactions_type` (`transaction_type`);

--
-- Indexes for table `patients`
--
ALTER TABLE `patients`
  ADD PRIMARY KEY (`id`),
  ADD KEY `household_id` (`household_id`),
  ADD KEY `idx_patients_name` (`last_name`,`first_name`),
  ADD KEY `idx_patients_birth_date` (`birth_date`),
  ADD KEY `idx_patients_status` (`status`);

--
-- Indexes for table `patient_allergies`
--
ALTER TABLE `patient_allergies`
  ADD PRIMARY KEY (`id`),
  ADD KEY `idx_allergies_patient` (`patient_id`);

--
-- Indexes for table `patient_conditions`
--
ALTER TABLE `patient_conditions`
  ADD PRIMARY KEY (`id`),
  ADD KEY `idx_conditions_patient` (`patient_id`),
  ADD KEY `idx_conditions_status` (`status`);

--
-- Indexes for table `postnatal_visits`
--
ALTER TABLE `postnatal_visits`
  ADD PRIMARY KEY (`id`),
  ADD KEY `recorded_by` (`recorded_by`),
  ADD KEY `idx_postnatal_date` (`visit_datetime`),
  ADD KEY `idx_postnatal_pregnancy` (`pregnancy_id`);

--
-- Indexes for table `pregnancies`
--
ALTER TABLE `pregnancies`
  ADD PRIMARY KEY (`id`),
  ADD KEY `idx_pregnancies_patient` (`patient_id`),
  ADD KEY `idx_pregnancies_status` (`status`);

--
-- Indexes for table `prenatal_visits`
--
ALTER TABLE `prenatal_visits`
  ADD PRIMARY KEY (`id`),
  ADD KEY `recorded_by` (`recorded_by`),
  ADD KEY `idx_prenatal_date` (`visit_datetime`),
  ADD KEY `idx_prenatal_pregnancy` (`pregnancy_id`);

--
-- Indexes for table `reminders`
--
ALTER TABLE `reminders`
  ADD PRIMARY KEY (`id`),
  ADD KEY `idx_reminders_due` (`due_date`),
  ADD KEY `idx_reminders_status` (`status`),
  ADD KEY `idx_reminders_patient` (`patient_id`);

--
-- Indexes for table `roles`
--
ALTER TABLE `roles`
  ADD PRIMARY KEY (`id`),
  ADD UNIQUE KEY `name` (`name`);

--
-- Indexes for table `timeseries_daily`
--
ALTER TABLE `timeseries_daily`
  ADD PRIMARY KEY (`id`),
  ADD UNIQUE KEY `uq_series_day` (`series_key`,`series_date`),
  ADD KEY `idx_series_date` (`series_date`);

--
-- Indexes for table `users`
--
ALTER TABLE `users`
  ADD PRIMARY KEY (`id`),
  ADD UNIQUE KEY `username` (`username`),
  ADD KEY `role_id` (`role_id`);

--
-- Indexes for table `vaccines`
--
ALTER TABLE `vaccines`
  ADD PRIMARY KEY (`id`),
  ADD UNIQUE KEY `code` (`code`);

--
-- Indexes for table `visits`
--
ALTER TABLE `visits`
  ADD PRIMARY KEY (`id`),
  ADD KEY `recorded_by` (`recorded_by`),
  ADD KEY `idx_visits_datetime` (`visit_datetime`),
  ADD KEY `idx_visits_patient_date` (`patient_id`,`visit_datetime`);

--
-- AUTO_INCREMENT for dumped tables
--

--
-- AUTO_INCREMENT for table `analytics_daily`
--
ALTER TABLE `analytics_daily`
  MODIFY `id` bigint(20) UNSIGNED NOT NULL AUTO_INCREMENT;

--
-- AUTO_INCREMENT for table `households`
--
ALTER TABLE `households`
  MODIFY `id` bigint(20) UNSIGNED NOT NULL AUTO_INCREMENT, AUTO_INCREMENT=83;

--
-- AUTO_INCREMENT for table `immunization_records`
--
ALTER TABLE `immunization_records`
  MODIFY `id` bigint(20) UNSIGNED NOT NULL AUTO_INCREMENT, AUTO_INCREMENT=10;

--
-- AUTO_INCREMENT for table `immunization_schedule`
--
ALTER TABLE `immunization_schedule`
  MODIFY `id` bigint(20) UNSIGNED NOT NULL AUTO_INCREMENT, AUTO_INCREMENT=15;

--
-- AUTO_INCREMENT for table `medicines`
--
ALTER TABLE `medicines`
  MODIFY `id` bigint(20) UNSIGNED NOT NULL AUTO_INCREMENT, AUTO_INCREMENT=39;

--
-- AUTO_INCREMENT for table `medicine_batches`
--
ALTER TABLE `medicine_batches`
  MODIFY `id` bigint(20) UNSIGNED NOT NULL AUTO_INCREMENT, AUTO_INCREMENT=121;

--
-- AUTO_INCREMENT for table `medicine_transactions`
--
ALTER TABLE `medicine_transactions`
  MODIFY `id` bigint(20) UNSIGNED NOT NULL AUTO_INCREMENT, AUTO_INCREMENT=1086;

--
-- AUTO_INCREMENT for table `patients`
--
ALTER TABLE `patients`
  MODIFY `id` bigint(20) UNSIGNED NOT NULL AUTO_INCREMENT, AUTO_INCREMENT=101;

--
-- AUTO_INCREMENT for table `patient_allergies`
--
ALTER TABLE `patient_allergies`
  MODIFY `id` bigint(20) UNSIGNED NOT NULL AUTO_INCREMENT, AUTO_INCREMENT=11;

--
-- AUTO_INCREMENT for table `patient_conditions`
--
ALTER TABLE `patient_conditions`
  MODIFY `id` bigint(20) UNSIGNED NOT NULL AUTO_INCREMENT, AUTO_INCREMENT=22;

--
-- AUTO_INCREMENT for table `postnatal_visits`
--
ALTER TABLE `postnatal_visits`
  MODIFY `id` bigint(20) UNSIGNED NOT NULL AUTO_INCREMENT, AUTO_INCREMENT=9;

--
-- AUTO_INCREMENT for table `pregnancies`
--
ALTER TABLE `pregnancies`
  MODIFY `id` bigint(20) UNSIGNED NOT NULL AUTO_INCREMENT, AUTO_INCREMENT=11;

--
-- AUTO_INCREMENT for table `prenatal_visits`
--
ALTER TABLE `prenatal_visits`
  MODIFY `id` bigint(20) UNSIGNED NOT NULL AUTO_INCREMENT, AUTO_INCREMENT=54;

--
-- AUTO_INCREMENT for table `reminders`
--
ALTER TABLE `reminders`
  MODIFY `id` bigint(20) UNSIGNED NOT NULL AUTO_INCREMENT, AUTO_INCREMENT=4;

--
-- AUTO_INCREMENT for table `roles`
--
ALTER TABLE `roles`
  MODIFY `id` int(10) UNSIGNED NOT NULL AUTO_INCREMENT, AUTO_INCREMENT=4;

--
-- AUTO_INCREMENT for table `timeseries_daily`
--
ALTER TABLE `timeseries_daily`
  MODIFY `id` bigint(20) UNSIGNED NOT NULL AUTO_INCREMENT, AUTO_INCREMENT=468;

--
-- AUTO_INCREMENT for table `users`
--
ALTER TABLE `users`
  MODIFY `id` int(10) UNSIGNED NOT NULL AUTO_INCREMENT, AUTO_INCREMENT=5;

--
-- AUTO_INCREMENT for table `vaccines`
--
ALTER TABLE `vaccines`
  MODIFY `id` int(10) UNSIGNED NOT NULL AUTO_INCREMENT, AUTO_INCREMENT=6;

--
-- AUTO_INCREMENT for table `visits`
--
ALTER TABLE `visits`
  MODIFY `id` bigint(20) UNSIGNED NOT NULL AUTO_INCREMENT, AUTO_INCREMENT=1409;

--
-- Constraints for dumped tables
--

--
-- Constraints for table `immunization_records`
--
ALTER TABLE `immunization_records`
  ADD CONSTRAINT `immunization_records_ibfk_1` FOREIGN KEY (`patient_id`) REFERENCES `patients` (`id`) ON DELETE CASCADE,
  ADD CONSTRAINT `immunization_records_ibfk_2` FOREIGN KEY (`vaccine_id`) REFERENCES `vaccines` (`id`),
  ADD CONSTRAINT `immunization_records_ibfk_3` FOREIGN KEY (`administered_by`) REFERENCES `users` (`id`);

--
-- Constraints for table `immunization_schedule`
--
ALTER TABLE `immunization_schedule`
  ADD CONSTRAINT `immunization_schedule_ibfk_1` FOREIGN KEY (`patient_id`) REFERENCES `patients` (`id`) ON DELETE CASCADE,
  ADD CONSTRAINT `immunization_schedule_ibfk_2` FOREIGN KEY (`vaccine_id`) REFERENCES `vaccines` (`id`);

--
-- Constraints for table `medicine_batches`
--
ALTER TABLE `medicine_batches`
  ADD CONSTRAINT `medicine_batches_ibfk_1` FOREIGN KEY (`medicine_id`) REFERENCES `medicines` (`id`) ON DELETE CASCADE;

--
-- Constraints for table `medicine_transactions`
--
ALTER TABLE `medicine_transactions`
  ADD CONSTRAINT `medicine_transactions_ibfk_1` FOREIGN KEY (`medicine_id`) REFERENCES `medicines` (`id`) ON DELETE CASCADE,
  ADD CONSTRAINT `medicine_transactions_ibfk_2` FOREIGN KEY (`batch_id`) REFERENCES `medicine_batches` (`id`),
  ADD CONSTRAINT `medicine_transactions_ibfk_3` FOREIGN KEY (`recorded_by`) REFERENCES `users` (`id`);

--
-- Constraints for table `patients`
--
ALTER TABLE `patients`
  ADD CONSTRAINT `patients_ibfk_1` FOREIGN KEY (`household_id`) REFERENCES `households` (`id`);

--
-- Constraints for table `patient_allergies`
--
ALTER TABLE `patient_allergies`
  ADD CONSTRAINT `patient_allergies_ibfk_1` FOREIGN KEY (`patient_id`) REFERENCES `patients` (`id`) ON DELETE CASCADE;

--
-- Constraints for table `patient_conditions`
--
ALTER TABLE `patient_conditions`
  ADD CONSTRAINT `patient_conditions_ibfk_1` FOREIGN KEY (`patient_id`) REFERENCES `patients` (`id`) ON DELETE CASCADE;

--
-- Constraints for table `postnatal_visits`
--
ALTER TABLE `postnatal_visits`
  ADD CONSTRAINT `postnatal_visits_ibfk_1` FOREIGN KEY (`pregnancy_id`) REFERENCES `pregnancies` (`id`) ON DELETE CASCADE,
  ADD CONSTRAINT `postnatal_visits_ibfk_2` FOREIGN KEY (`recorded_by`) REFERENCES `users` (`id`);

--
-- Constraints for table `pregnancies`
--
ALTER TABLE `pregnancies`
  ADD CONSTRAINT `pregnancies_ibfk_1` FOREIGN KEY (`patient_id`) REFERENCES `patients` (`id`) ON DELETE CASCADE;

--
-- Constraints for table `prenatal_visits`
--
ALTER TABLE `prenatal_visits`
  ADD CONSTRAINT `prenatal_visits_ibfk_1` FOREIGN KEY (`pregnancy_id`) REFERENCES `pregnancies` (`id`) ON DELETE CASCADE,
  ADD CONSTRAINT `prenatal_visits_ibfk_2` FOREIGN KEY (`recorded_by`) REFERENCES `users` (`id`);

--
-- Constraints for table `reminders`
--
ALTER TABLE `reminders`
  ADD CONSTRAINT `reminders_ibfk_1` FOREIGN KEY (`patient_id`) REFERENCES `patients` (`id`) ON DELETE CASCADE;

--
-- Constraints for table `users`
--
ALTER TABLE `users`
  ADD CONSTRAINT `users_ibfk_1` FOREIGN KEY (`role_id`) REFERENCES `roles` (`id`);

--
-- Constraints for table `visits`
--
ALTER TABLE `visits`
  ADD CONSTRAINT `visits_ibfk_1` FOREIGN KEY (`patient_id`) REFERENCES `patients` (`id`) ON DELETE CASCADE,
  ADD CONSTRAINT `visits_ibfk_2` FOREIGN KEY (`recorded_by`) REFERENCES `users` (`id`);
COMMIT;

/*!40101 SET CHARACTER_SET_CLIENT=@OLD_CHARACTER_SET_CLIENT */;
/*!40101 SET CHARACTER_SET_RESULTS=@OLD_CHARACTER_SET_RESULTS */;
/*!40101 SET COLLATION_CONNECTION=@OLD_COLLATION_CONNECTION */;
